Copyright 1986-2021 Xilinx, Inc. All Rights Reserved.
---------------------------------------------------------------------------------------------------------------------------------------------------------
| Tool Version : Vivado v.2021.1_AR76780 (lin64) Build 3247384 Thu Jun 10 19:36:07 MDT 2021
| Date         : Wed Sep  2 04:42:35 2026
| Host         : coroni running 64-bit Ubuntu 18.04.6 LTS
| Command      : report_utilization -file /home/smitropoulos/cheshire_soc/target/xilinx/build/zcu102.cheshire/reports.impl/utilization.rpt -hierarchical
| Design       : cheshire_top_xilinx
| Device       : xczu9egffvb1156-2
| Design State : Physopt postRoute
---------------------------------------------------------------------------------------------------------------------------------------------------------

Utilization Design Information

Table of Contents
-----------------
1. Utilization by Hierarchy

1. Utilization by Hierarchy
---------------------------

+--------------------------------------------------------------------------------------+------------------------------------------------+------------+------------+---------+------+--------+--------+--------+------+------------+
|                                       Instance                                       |                     Module                     | Total LUTs | Logic LUTs | LUTRAMs | SRLs |   FFs  | RAMB36 | RAMB18 | URAM | DSP Blocks |
+--------------------------------------------------------------------------------------+------------------------------------------------+------------+------------+---------+------+--------+--------+--------+------+------------+
| cheshire_top_xilinx                                                                  |                                          (top) |     233863 |     233863 |       0 |    0 | 106958 |    360 |      8 |    0 |        234 |
|   (cheshire_top_xilinx)                                                              |                                          (top) |         34 |         34 |       0 |    0 |     21 |      0 |      0 |    0 |          0 |
|   i_cheshire_soc                                                                     |                                   cheshire_soc |     229772 |     229772 |       0 |    0 |  93687 |    360 |      8 |    0 |        234 |
|     (i_cheshire_soc)                                                                 |                                   cheshire_soc |        892 |        892 |       0 |    0 |     33 |      0 |      0 |    0 |          0 |
|     gen_bootrom.i_reg_to_bootrom                                                     |                                     reg_to_mem |          1 |          1 |       0 |    0 |      1 |      0 |      0 |    0 |          0 |
|     gen_cva6_cores[0].gen_ara.i_ara                                                  |                                            ara |     169565 |     169565 |       0 |    0 |  47646 |     64 |      0 |    0 |        212 |
|       (gen_cva6_cores[0].gen_ara.i_ara)                                              |                                            ara |         10 |         10 |       0 |    0 |      1 |      0 |      0 |    0 |          0 |
|       gen_lanes[0].i_lane                                                            |                                           lane |      29405 |      29405 |       0 |    0 |   9734 |     16 |      0 |    0 |         52 |
|         (gen_lanes[0].i_lane)                                                        |                                           lane |          0 |          0 |       0 |    0 |     12 |      0 |      0 |    0 |          0 |
|         i_lane_sequencer                                                             |                            lane_sequencer_1440 |       2470 |       2470 |       0 |    0 |    930 |      0 |      0 |    0 |          0 |
|           (i_lane_sequencer)                                                         |                            lane_sequencer_1440 |       1623 |       1623 |       0 |    0 |    629 |      0 |      0 |    0 |          0 |
|           i_pe_req_register                                                          |                     fall_through_register_1567 |        829 |        829 |       0 |    0 |    255 |      0 |      0 |    0 |          0 |
|             i_fifo                                                                   |                   fifo_v3__parameterized8_1570 |        829 |        829 |       0 |    0 |    255 |      0 |      0 |    0 |          0 |
|           i_spill_register_vrgat_req                                                 |           spill_register__parameterized23_1568 |         27 |         27 |       0 |    0 |     46 |      0 |      0 |    0 |          0 |
|             spill_register_flushable_i                                               | spill_register_flushable__parameterized23_1569 |         27 |         27 |       0 |    0 |     46 |      0 |      0 |    0 |          0 |
|         i_mask_ready_spill_register                                                  |           spill_register__parameterized22_1441 |         23 |         23 |       0 |    0 |     18 |      0 |      0 |    0 |          0 |
|           spill_register_flushable_i                                                 | spill_register_flushable__parameterized22_1566 |         23 |         23 |       0 |    0 |     18 |      0 |      0 |    0 |          0 |
|         i_operand_queues                                                             |                      operand_queues_stage_1442 |       3440 |       3440 |       0 |    0 |   3096 |      0 |      0 |    0 |          0 |
|           (i_operand_queues)                                                         |                      operand_queues_stage_1442 |          0 |          0 |       0 |    0 |      1 |      0 |      0 |    0 |          0 |
|           i_operand_queue_alu_a                                                      |                             operand_queue_1540 |        561 |        561 |       0 |    0 |    449 |      0 |      0 |    0 |          0 |
|             (i_operand_queue_alu_a)                                                  |                             operand_queue_1540 |         10 |         10 |       0 |    0 |     20 |      0 |      0 |    0 |          0 |
|             i_cmd_buffer                                                             |                   fifo_v3__parameterized9_1564 |        251 |        251 |       0 |    0 |     99 |      0 |      0 |    0 |          0 |
|             i_input_buffer                                                           |                  fifo_v3__parameterized10_1565 |        301 |        301 |       0 |    0 |    330 |      0 |      0 |    0 |          0 |
|           i_operand_queue_alu_b                                                      |             operand_queue__parameterized0_1541 |        616 |        616 |       0 |    0 |    449 |      0 |      0 |    0 |          0 |
|             (i_operand_queue_alu_b)                                                  |             operand_queue__parameterized0_1541 |         16 |         16 |       0 |    0 |     20 |      0 |      0 |    0 |          0 |
|             i_cmd_buffer                                                             |                   fifo_v3__parameterized9_1562 |        305 |        305 |       0 |    0 |     99 |      0 |      0 |    0 |          0 |
|             i_input_buffer                                                           |                  fifo_v3__parameterized10_1563 |        297 |        297 |       0 |    0 |    330 |      0 |      0 |    0 |          0 |
|           i_operand_queue_mask_b                                                     |             operand_queue__parameterized5_1542 |        458 |        458 |       0 |    0 |    285 |      0 |      0 |    0 |          0 |
|             (i_operand_queue_mask_b)                                                 |             operand_queue__parameterized5_1542 |         10 |         10 |       0 |    0 |     19 |      0 |      0 |    0 |          0 |
|             i_cmd_buffer                                                             |                  fifo_v3__parameterized13_1560 |        196 |        196 |       0 |    0 |     67 |      0 |      0 |    0 |          0 |
|             i_input_buffer                                                           |                  fifo_v3__parameterized14_1561 |        256 |        256 |       0 |    0 |    199 |      0 |      0 |    0 |          0 |
|           i_operand_queue_mask_m                                                     |             operand_queue__parameterized6_1543 |          9 |          9 |       0 |    0 |     68 |      0 |      0 |    0 |          0 |
|             (i_operand_queue_mask_m)                                                 |             operand_queue__parameterized6_1543 |          5 |          5 |       0 |    0 |      2 |      0 |      0 |    0 |          0 |
|             i_input_buffer                                                           |                  fifo_v3__parameterized16_1559 |          4 |          4 |       0 |    0 |     66 |      0 |      0 |    0 |          0 |
|           i_operand_queue_mfpu_a                                                     |             operand_queue__parameterized1_1544 |        434 |        434 |       0 |    0 |    451 |      0 |      0 |    0 |          0 |
|             (i_operand_queue_mfpu_a)                                                 |             operand_queue__parameterized1_1544 |          9 |          9 |       0 |    0 |     18 |      0 |      0 |    0 |          0 |
|             i_cmd_buffer                                                             |                   fifo_v3__parameterized9_1557 |        227 |        227 |       0 |    0 |    103 |      0 |      0 |    0 |          0 |
|             i_input_buffer                                                           |                  fifo_v3__parameterized10_1558 |        202 |        202 |       0 |    0 |    330 |      0 |      0 |    0 |          0 |
|           i_operand_queue_mfpu_b                                                     |             operand_queue__parameterized2_1545 |        494 |        494 |       0 |    0 |    451 |      0 |      0 |    0 |          0 |
|             (i_operand_queue_mfpu_b)                                                 |             operand_queue__parameterized2_1545 |          9 |          9 |       0 |    0 |     18 |      0 |      0 |    0 |          0 |
|             i_cmd_buffer                                                             |                   fifo_v3__parameterized9_1555 |        265 |        265 |       0 |    0 |    103 |      0 |      0 |    0 |          0 |
|             i_input_buffer                                                           |                  fifo_v3__parameterized10_1556 |        226 |        226 |       0 |    0 |    330 |      0 |      0 |    0 |          0 |
|           i_operand_queue_mfpu_c                                                     |             operand_queue__parameterized2_1546 |        558 |        558 |       0 |    0 |    451 |      0 |      0 |    0 |          0 |
|             (i_operand_queue_mfpu_c)                                                 |             operand_queue__parameterized2_1546 |          9 |          9 |       0 |    0 |     18 |      0 |      0 |    0 |          0 |
|             i_cmd_buffer                                                             |                   fifo_v3__parameterized9_1553 |        318 |        318 |       0 |    0 |    103 |      0 |      0 |    0 |          0 |
|             i_input_buffer                                                           |                  fifo_v3__parameterized10_1554 |        234 |        234 |       0 |    0 |    330 |      0 |      0 |    0 |          0 |
|           i_operand_queue_slide_addrgen_a                                            |             operand_queue__parameterized4_1547 |        150 |        150 |       0 |    0 |    234 |      0 |      0 |    0 |          0 |
|             (i_operand_queue_slide_addrgen_a)                                        |             operand_queue__parameterized4_1547 |          6 |          6 |       0 |    0 |     15 |      0 |      0 |    0 |          0 |
|             i_cmd_buffer                                                             |                   fifo_v3__parameterized9_1551 |         81 |         81 |       0 |    0 |     87 |      0 |      0 |    0 |          0 |
|             i_input_buffer                                                           |                  fifo_v3__parameterized12_1552 |         63 |         63 |       0 |    0 |    132 |      0 |      0 |    0 |          0 |
|           i_operand_queue_st_mask_a                                                  |             operand_queue__parameterized3_1548 |        164 |        164 |       0 |    0 |    257 |      0 |      0 |    0 |          0 |
|             (i_operand_queue_st_mask_a)                                              |             operand_queue__parameterized3_1548 |         14 |         14 |       0 |    0 |     15 |      0 |      0 |    0 |          0 |
|             i_cmd_buffer                                                             |                  fifo_v3__parameterized11_1549 |         90 |         90 |       0 |    0 |    110 |      0 |      0 |    0 |          0 |
|             i_input_buffer                                                           |                  fifo_v3__parameterized12_1550 |         60 |         60 |       0 |    0 |    132 |      0 |      0 |    0 |          0 |
|         i_operand_requester                                                          |                         operand_requester_1443 |       2086 |       2086 |       0 |    0 |    745 |      0 |      0 |    0 |          0 |
|           (i_operand_requester)                                                      |                         operand_requester_1443 |        354 |        354 |       0 |    0 |    442 |      0 |      0 |    0 |          0 |
|           gen_vrf_arbiters[0].i_hp_vrf_arbiter                                       |               rr_arb_tree__parameterized6_1521 |         53 |         53 |       0 |    0 |      3 |      0 |      0 |    0 |          0 |
|           gen_vrf_arbiters[0].i_lp_vrf_arbiter                                       |               rr_arb_tree__parameterized6_1522 |         26 |         26 |       0 |    0 |      3 |      0 |      0 |    0 |          0 |
|           gen_vrf_arbiters[1].i_hp_vrf_arbiter                                       |               rr_arb_tree__parameterized6_1523 |         50 |         50 |       0 |    0 |      3 |      0 |      0 |    0 |          0 |
|           gen_vrf_arbiters[1].i_lp_vrf_arbiter                                       |               rr_arb_tree__parameterized6_1524 |         27 |         27 |       0 |    0 |      3 |      0 |      0 |    0 |          0 |
|           gen_vrf_arbiters[2].i_hp_vrf_arbiter                                       |               rr_arb_tree__parameterized6_1525 |        169 |        169 |       0 |    0 |      3 |      0 |      0 |    0 |          0 |
|           gen_vrf_arbiters[2].i_lp_vrf_arbiter                                       |               rr_arb_tree__parameterized6_1526 |         34 |         34 |       0 |    0 |      3 |      0 |      0 |    0 |          0 |
|           gen_vrf_arbiters[3].i_hp_vrf_arbiter                                       |               rr_arb_tree__parameterized6_1527 |         49 |         49 |       0 |    0 |      3 |      0 |      0 |    0 |          0 |
|           gen_vrf_arbiters[3].i_lp_vrf_arbiter                                       |               rr_arb_tree__parameterized6_1528 |         27 |         27 |       0 |    0 |      3 |      0 |      0 |    0 |          0 |
|           gen_vrf_arbiters[4].i_hp_vrf_arbiter                                       |               rr_arb_tree__parameterized6_1529 |         53 |         53 |       0 |    0 |      3 |      0 |      0 |    0 |          0 |
|           gen_vrf_arbiters[4].i_lp_vrf_arbiter                                       |               rr_arb_tree__parameterized6_1530 |         35 |         35 |       0 |    0 |      3 |      0 |      0 |    0 |          0 |
|           gen_vrf_arbiters[5].i_hp_vrf_arbiter                                       |               rr_arb_tree__parameterized6_1531 |         50 |         50 |       0 |    0 |      3 |      0 |      0 |    0 |          0 |
|           gen_vrf_arbiters[5].i_lp_vrf_arbiter                                       |               rr_arb_tree__parameterized6_1532 |         27 |         27 |       0 |    0 |      3 |      0 |      0 |    0 |          0 |
|           gen_vrf_arbiters[6].i_hp_vrf_arbiter                                       |               rr_arb_tree__parameterized6_1533 |         72 |         72 |       0 |    0 |      3 |      0 |      0 |    0 |          0 |
|           gen_vrf_arbiters[6].i_lp_vrf_arbiter                                       |               rr_arb_tree__parameterized6_1534 |         35 |         35 |       0 |    0 |      3 |      0 |      0 |    0 |          0 |
|           gen_vrf_arbiters[7].i_hp_vrf_arbiter                                       |               rr_arb_tree__parameterized6_1535 |         59 |         59 |       0 |    0 |      3 |      0 |      0 |    0 |          0 |
|           gen_vrf_arbiters[7].i_lp_vrf_arbiter                                       |               rr_arb_tree__parameterized6_1536 |         29 |         29 |       0 |    0 |      3 |      0 |      0 |    0 |          0 |
|           i_ldu_stream_register                                                      |                           stream_register_1537 |         12 |         12 |       0 |    0 |     85 |      0 |      0 |    0 |          0 |
|           i_masku_stream_register                                                    |                           stream_register_1538 |          4 |          4 |       0 |    0 |     85 |      0 |      0 |    0 |          0 |
|           i_sldu_stream_register                                                     |                           stream_register_1539 |        942 |        942 |       0 |    0 |     85 |      0 |      0 |    0 |          0 |
|         i_sldu_addrgen_arbiter                                                       |                  fifo_v3__parameterized17_1444 |        156 |        156 |       0 |    0 |     26 |      0 |      0 |    0 |          0 |
|         i_vfus                                                                       |                          vector_fus_stage_1445 |      18983 |      18983 |       0 |    0 |   4840 |      0 |      0 |    0 |         52 |
|           i_valu                                                                     |                                      valu_1473 |       7261 |       7261 |       0 |    0 |   1034 |      0 |      0 |    0 |          0 |
|             (i_valu)                                                                 |                                      valu_1473 |       1454 |       1454 |       0 |    0 |    774 |      0 |      0 |    0 |          0 |
|             i_alu_reduction_spill_register                                           |           spill_register__parameterized25_1517 |       5522 |       5522 |       0 |    0 |    130 |      0 |      0 |    0 |          0 |
|               spill_register_flushable_i                                             | spill_register_flushable__parameterized25_1520 |       5522 |       5522 |       0 |    0 |    130 |      0 |      0 |    0 |          0 |
|             i_mask_operand_register                                                  |           spill_register__parameterized25_1518 |        327 |        327 |       0 |    0 |    130 |      0 |      0 |    0 |          0 |
|               spill_register_flushable_i                                             | spill_register_flushable__parameterized25_1519 |        327 |        327 |       0 |    0 |    130 |      0 |      0 |    0 |          0 |
|           i_vmfpu                                                                    |                                     vmfpu_1474 |      11723 |      11723 |       0 |    0 |   3806 |      0 |      0 |    0 |         52 |
|             (i_vmfpu)                                                                |                                     vmfpu_1474 |       1783 |       1783 |       0 |    0 |   1296 |      0 |      0 |    0 |          0 |
|             fpu_gen.i_fpnew_bulk                                                     |                                 fpnew_top_1475 |       5869 |       5869 |       0 |    0 |   1183 |      0 |      0 |    0 |          4 |
|               gen_operation_groups[0].i_opgroup_block                                |                       fpnew_opgroup_block_1498 |       3415 |       3415 |       0 |    0 |    658 |      0 |      0 |    0 |          4 |
|                 gen_parallel_slices[2].active_format.i_fmt_slice                     |                   fpnew_opgroup_fmt_slice_1512 |       3415 |       3415 |       0 |    0 |    658 |      0 |      0 |    0 |          4 |
|                   gen_num_lanes[0].active_lane.lane_instance.i_fma                   |                                 fpnew_fma_1513 |       1121 |       1121 |       0 |    0 |    184 |      0 |      0 |    0 |          1 |
|                   gen_num_lanes[1].active_lane.lane_instance.i_fma                   |                                 fpnew_fma_1514 |        738 |        738 |       0 |    0 |    158 |      0 |      0 |    0 |          1 |
|                   gen_num_lanes[2].active_lane.lane_instance.i_fma                   |                                 fpnew_fma_1515 |        819 |        819 |       0 |    0 |    158 |      0 |      0 |    0 |          1 |
|                   gen_num_lanes[3].active_lane.lane_instance.i_fma                   |                                 fpnew_fma_1516 |        801 |        801 |       0 |    0 |    158 |      0 |      0 |    0 |          1 |
|               gen_operation_groups[2].i_opgroup_block                                |       fpnew_opgroup_block__parameterized1_1499 |        518 |        518 |       0 |    0 |    180 |      0 |      0 |    0 |          0 |
|                 gen_parallel_slices[2].active_format.i_fmt_slice                     |   fpnew_opgroup_fmt_slice__parameterized0_1507 |        518 |        518 |       0 |    0 |    180 |      0 |      0 |    0 |          0 |
|                   gen_num_lanes[0].active_lane.lane_instance.i_noncomp               |                             fpnew_noncomp_1508 |        143 |        143 |       0 |    0 |     51 |      0 |      0 |    0 |          0 |
|                   gen_num_lanes[1].active_lane.lane_instance.i_noncomp               |                             fpnew_noncomp_1509 |        134 |        134 |       0 |    0 |     43 |      0 |      0 |    0 |          0 |
|                   gen_num_lanes[2].active_lane.lane_instance.i_noncomp               |                             fpnew_noncomp_1510 |        149 |        149 |       0 |    0 |     43 |      0 |      0 |    0 |          0 |
|                   gen_num_lanes[3].active_lane.lane_instance.i_noncomp               |                             fpnew_noncomp_1511 |         96 |         96 |       0 |    0 |     43 |      0 |      0 |    0 |          0 |
|               gen_operation_groups[3].i_opgroup_block                                |       fpnew_opgroup_block__parameterized2_1500 |       1970 |       1970 |       0 |    0 |    343 |      0 |      0 |    0 |          0 |
|                 gen_merged_slice.i_multifmt_slice                                    |              fpnew_opgroup_multifmt_slice_1502 |       1970 |       1970 |       0 |    0 |    343 |      0 |      0 |    0 |          0 |
|                   gen_num_lanes[0].active_lane.lane_instance.i_fpnew_cast_multi      |                          fpnew_cast_multi_1503 |        955 |        955 |       0 |    0 |    103 |      0 |      0 |    0 |          0 |
|                   gen_num_lanes[1].active_lane.lane_instance.i_fpnew_cast_multi      |                          fpnew_cast_multi_1504 |        371 |        371 |       0 |    0 |     80 |      0 |      0 |    0 |          0 |
|                   gen_num_lanes[2].active_lane.lane_instance.i_fpnew_cast_multi      |                          fpnew_cast_multi_1505 |        326 |        326 |       0 |    0 |     80 |      0 |      0 |    0 |          0 |
|                   gen_num_lanes[3].active_lane.lane_instance.i_fpnew_cast_multi      |                          fpnew_cast_multi_1506 |        336 |        336 |       0 |    0 |     80 |      0 |      0 |    0 |          0 |
|               i_arbiter                                                              |              rr_arb_tree__parameterized10_1501 |         44 |         44 |       0 |    0 |      2 |      0 |      0 |    0 |          0 |
|             genblk1[0].i_simd_mul_gating_op_a                                        |                      power_gating_generic_1476 |         32 |         32 |       0 |    0 |      0 |      0 |      0 |    0 |          0 |
|             genblk1[0].i_simd_mul_gating_op_b                                        |                      power_gating_generic_1477 |         32 |         32 |       0 |    0 |      0 |      0 |      0 |    0 |          0 |
|             genblk1[0].i_simd_mul_gating_op_c                                        |                      power_gating_generic_1478 |         10 |         10 |       0 |    0 |      0 |      0 |      0 |    0 |          0 |
|             genblk1[1].i_simd_mul_gating_op_a                                        |                      power_gating_generic_1479 |         32 |         32 |       0 |    0 |      0 |      0 |      0 |    0 |          0 |
|             genblk1[1].i_simd_mul_gating_op_b                                        |                      power_gating_generic_1480 |         32 |         32 |       0 |    0 |      0 |      0 |      0 |    0 |          0 |
|             genblk1[1].i_simd_mul_gating_op_c                                        |                      power_gating_generic_1481 |         32 |         32 |       0 |    0 |      0 |      0 |      0 |    0 |          0 |
|             genblk1[2].i_simd_mul_gating_op_a                                        |                      power_gating_generic_1482 |         32 |         32 |       0 |    0 |      0 |      0 |      0 |    0 |          0 |
|             genblk1[2].i_simd_mul_gating_op_b                                        |                      power_gating_generic_1483 |         32 |         32 |       0 |    0 |      0 |      0 |      0 |    0 |          0 |
|             genblk1[2].i_simd_mul_gating_op_c                                        |                      power_gating_generic_1484 |         32 |         32 |       0 |    0 |      0 |      0 |      0 |    0 |          0 |
|             genblk1[3].i_simd_mul_gating_op_a                                        |                      power_gating_generic_1485 |         32 |         32 |       0 |    0 |      0 |      0 |      0 |    0 |          0 |
|             genblk1[3].i_simd_mul_gating_op_b                                        |                      power_gating_generic_1486 |         32 |         32 |       0 |    0 |      0 |      0 |      0 |    0 |          0 |
|             genblk1[3].i_simd_mul_gating_op_c                                        |                      power_gating_generic_1487 |         32 |         32 |       0 |    0 |      0 |      0 |      0 |    0 |          0 |
|             i_mask_operand_register                                                  |           spill_register__parameterized25_1488 |        214 |        214 |       0 |    0 |    130 |      0 |      0 |    0 |          0 |
|               spill_register_flushable_i                                             | spill_register_flushable__parameterized25_1497 |        214 |        214 |       0 |    0 |    130 |      0 |      0 |    0 |          0 |
|             i_mfpu_reduction_spill_register                                          |           spill_register__parameterized25_1489 |        449 |        449 |       0 |    0 |    130 |      0 |      0 |    0 |          0 |
|               spill_register_flushable_i                                             | spill_register_flushable__parameterized25_1496 |        449 |        449 |       0 |    0 |    130 |      0 |      0 |    0 |          0 |
|             i_simd_div                                                               |                                  simd_div_1490 |       1340 |       1340 |       0 |    0 |    439 |      0 |      0 |    0 |          0 |
|               (i_simd_div)                                                           |                                  simd_div_1490 |        387 |        387 |       0 |    0 |    232 |      0 |      0 |    0 |          0 |
|               i_serdiv                                                               |                                    serdiv_1495 |        957 |        957 |       0 |    0 |    207 |      0 |      0 |    0 |          0 |
|             i_simd_mul_ew16                                                          |                  simd_mul__parameterized1_1491 |        254 |        254 |       0 |    0 |    209 |      0 |      0 |    0 |          8 |
|             i_simd_mul_ew32                                                          |                  simd_mul__parameterized0_1492 |        400 |        400 |       0 |    0 |    209 |      0 |      0 |    0 |          8 |
|             i_simd_mul_ew64                                                          |                                  simd_mul_1493 |        875 |        875 |       0 |    0 |    210 |      0 |      0 |    0 |         16 |
|             i_simd_mul_ew8                                                           |                  simd_mul__parameterized2_1494 |        285 |        285 |       0 |    0 |      0 |      0 |      0 |    0 |         16 |
|         i_vrf                                                                        |                            vector_regfile_1446 |       2282 |       2282 |       0 |    0 |     67 |     16 |      0 |    0 |          0 |
|           (i_vrf)                                                                    |                            vector_regfile_1446 |         53 |         53 |       0 |    0 |     40 |      0 |      0 |    0 |          0 |
|           gen_banks[0].data_sram                                                     |                   tc_sram__parameterized1_1447 |         34 |         34 |       0 |    0 |      0 |      2 |      0 |    0 |          0 |
|             (gen_banks[0].data_sram)                                                 |                   tc_sram__parameterized1_1447 |          4 |          4 |       0 |    0 |      0 |      0 |      0 |    0 |          0 |
|             gen_1_ports.i_xpm_memory_spram                                           |          xpm_memory_spram__parameterized1_1472 |         30 |         30 |       0 |    0 |      0 |      2 |      0 |    0 |          0 |
|               xpm_memory_base_inst                                                   |             xpm_memory_base__parameterized1__1 |         30 |         30 |       0 |    0 |      0 |      2 |      0 |    0 |          0 |
|           gen_banks[1].data_sram                                                     |                   tc_sram__parameterized1_1448 |         34 |         34 |       0 |    0 |      0 |      2 |      0 |    0 |          0 |
|             (gen_banks[1].data_sram)                                                 |                   tc_sram__parameterized1_1448 |          4 |          4 |       0 |    0 |      0 |      0 |      0 |    0 |          0 |
|             gen_1_ports.i_xpm_memory_spram                                           |          xpm_memory_spram__parameterized1_1471 |         30 |         30 |       0 |    0 |      0 |      2 |      0 |    0 |          0 |
|               xpm_memory_base_inst                                                   |             xpm_memory_base__parameterized1__2 |         30 |         30 |       0 |    0 |      0 |      2 |      0 |    0 |          0 |
|           gen_banks[2].data_sram                                                     |                   tc_sram__parameterized1_1449 |         34 |         34 |       0 |    0 |      0 |      2 |      0 |    0 |          0 |
|             (gen_banks[2].data_sram)                                                 |                   tc_sram__parameterized1_1449 |          4 |          4 |       0 |    0 |      0 |      0 |      0 |    0 |          0 |
|             gen_1_ports.i_xpm_memory_spram                                           |          xpm_memory_spram__parameterized1_1470 |         30 |         30 |       0 |    0 |      0 |      2 |      0 |    0 |          0 |
|               xpm_memory_base_inst                                                   |             xpm_memory_base__parameterized1__3 |         30 |         30 |       0 |    0 |      0 |      2 |      0 |    0 |          0 |
|           gen_banks[3].data_sram                                                     |                   tc_sram__parameterized1_1450 |         34 |         34 |       0 |    0 |      0 |      2 |      0 |    0 |          0 |
|             (gen_banks[3].data_sram)                                                 |                   tc_sram__parameterized1_1450 |          4 |          4 |       0 |    0 |      0 |      0 |      0 |    0 |          0 |
|             gen_1_ports.i_xpm_memory_spram                                           |          xpm_memory_spram__parameterized1_1469 |         30 |         30 |       0 |    0 |      0 |      2 |      0 |    0 |          0 |
|               xpm_memory_base_inst                                                   |             xpm_memory_base__parameterized1__4 |         30 |         30 |       0 |    0 |      0 |      2 |      0 |    0 |          0 |
|           gen_banks[4].data_sram                                                     |                   tc_sram__parameterized1_1451 |         34 |         34 |       0 |    0 |      0 |      2 |      0 |    0 |          0 |
|             (gen_banks[4].data_sram)                                                 |                   tc_sram__parameterized1_1451 |          4 |          4 |       0 |    0 |      0 |      0 |      0 |    0 |          0 |
|             gen_1_ports.i_xpm_memory_spram                                           |          xpm_memory_spram__parameterized1_1468 |         30 |         30 |       0 |    0 |      0 |      2 |      0 |    0 |          0 |
|               xpm_memory_base_inst                                                   |             xpm_memory_base__parameterized1__5 |         30 |         30 |       0 |    0 |      0 |      2 |      0 |    0 |          0 |
|           gen_banks[5].data_sram                                                     |                   tc_sram__parameterized1_1452 |         34 |         34 |       0 |    0 |      0 |      2 |      0 |    0 |          0 |
|             (gen_banks[5].data_sram)                                                 |                   tc_sram__parameterized1_1452 |          4 |          4 |       0 |    0 |      0 |      0 |      0 |    0 |          0 |
|             gen_1_ports.i_xpm_memory_spram                                           |          xpm_memory_spram__parameterized1_1467 |         30 |         30 |       0 |    0 |      0 |      2 |      0 |    0 |          0 |
|               xpm_memory_base_inst                                                   |             xpm_memory_base__parameterized1__6 |         30 |         30 |       0 |    0 |      0 |      2 |      0 |    0 |          0 |
|           gen_banks[6].data_sram                                                     |                   tc_sram__parameterized1_1453 |         34 |         34 |       0 |    0 |      0 |      2 |      0 |    0 |          0 |
|             (gen_banks[6].data_sram)                                                 |                   tc_sram__parameterized1_1453 |          4 |          4 |       0 |    0 |      0 |      0 |      0 |    0 |          0 |
|             gen_1_ports.i_xpm_memory_spram                                           |          xpm_memory_spram__parameterized1_1466 |         30 |         30 |       0 |    0 |      0 |      2 |      0 |    0 |          0 |
|               xpm_memory_base_inst                                                   |             xpm_memory_base__parameterized1__7 |         30 |         30 |       0 |    0 |      0 |      2 |      0 |    0 |          0 |
|           gen_banks[7].data_sram                                                     |                   tc_sram__parameterized1_1454 |         34 |         34 |       0 |    0 |      0 |      2 |      0 |    0 |          0 |
|             (gen_banks[7].data_sram)                                                 |                   tc_sram__parameterized1_1454 |          4 |          4 |       0 |    0 |      0 |      0 |      0 |    0 |          0 |
|             gen_1_ports.i_xpm_memory_spram                                           |          xpm_memory_spram__parameterized1_1465 |         30 |         30 |       0 |    0 |      0 |      2 |      0 |    0 |          0 |
|               xpm_memory_base_inst                                                   |                xpm_memory_base__parameterized1 |         30 |         30 |       0 |    0 |      0 |      2 |      0 |    0 |          0 |
|           i_vrf_mux                                                                  |               stream_xbar__parameterized1_1455 |       1959 |       1959 |       0 |    0 |     27 |      0 |      0 |    0 |          0 |
|             gen_outs[0].i_rr_arb_tree                                                |               rr_arb_tree__parameterized8_1456 |        219 |        219 |       0 |    0 |      3 |      0 |      0 |    0 |          0 |
|             gen_outs[1].i_rr_arb_tree                                                |               rr_arb_tree__parameterized8_1457 |        219 |        219 |       0 |    0 |      3 |      0 |      0 |    0 |          0 |
|             gen_outs[2].i_rr_arb_tree                                                |               rr_arb_tree__parameterized8_1458 |        219 |        219 |       0 |    0 |      3 |      0 |      0 |    0 |          0 |
|             gen_outs[3].i_rr_arb_tree                                                |               rr_arb_tree__parameterized8_1459 |        219 |        219 |       0 |    0 |      3 |      0 |      0 |    0 |          0 |
|             gen_outs[4].i_rr_arb_tree                                                |               rr_arb_tree__parameterized8_1460 |        219 |        219 |       0 |    0 |      3 |      0 |      0 |    0 |          0 |
|             gen_outs[5].i_rr_arb_tree                                                |               rr_arb_tree__parameterized8_1461 |        215 |        215 |       0 |    0 |      3 |      0 |      0 |    0 |          0 |
|             gen_outs[6].i_rr_arb_tree                                                |               rr_arb_tree__parameterized8_1462 |        218 |        218 |       0 |    0 |      3 |      0 |      0 |    0 |          0 |
|             gen_outs[7].i_rr_arb_tree                                                |               rr_arb_tree__parameterized8_1463 |        215 |        215 |       0 |    0 |      3 |      0 |      0 |    0 |          0 |
|             gen_outs[8].i_rr_arb_tree                                                |               rr_arb_tree__parameterized8_1464 |        216 |        216 |       0 |    0 |      3 |      0 |      0 |    0 |          0 |
|       gen_lanes[1].i_lane                                                            |                                      lane_1025 |      29352 |      29352 |       0 |    0 |   9734 |     16 |      0 |    0 |         52 |
|         (gen_lanes[1].i_lane)                                                        |                                      lane_1025 |          0 |          0 |       0 |    0 |     12 |      0 |      0 |    0 |          0 |
|         i_lane_sequencer                                                             |                            lane_sequencer_1309 |       2579 |       2579 |       0 |    0 |    930 |      0 |      0 |    0 |          0 |
|           (i_lane_sequencer)                                                         |                            lane_sequencer_1309 |       1719 |       1719 |       0 |    0 |    627 |      0 |      0 |    0 |          0 |
|           i_pe_req_register                                                          |                     fall_through_register_1436 |        843 |        843 |       0 |    0 |    257 |      0 |      0 |    0 |          0 |
|             i_fifo                                                                   |                   fifo_v3__parameterized8_1439 |        843 |        843 |       0 |    0 |    257 |      0 |      0 |    0 |          0 |
|           i_spill_register_vrgat_req                                                 |           spill_register__parameterized23_1437 |         27 |         27 |       0 |    0 |     46 |      0 |      0 |    0 |          0 |
|             spill_register_flushable_i                                               | spill_register_flushable__parameterized23_1438 |         27 |         27 |       0 |    0 |     46 |      0 |      0 |    0 |          0 |
|         i_mask_ready_spill_register                                                  |           spill_register__parameterized22_1310 |         24 |         24 |       0 |    0 |     18 |      0 |      0 |    0 |          0 |
|           spill_register_flushable_i                                                 | spill_register_flushable__parameterized22_1435 |         24 |         24 |       0 |    0 |     18 |      0 |      0 |    0 |          0 |
|         i_operand_queues                                                             |                      operand_queues_stage_1311 |       3506 |       3506 |       0 |    0 |   3096 |      0 |      0 |    0 |          0 |
|           (i_operand_queues)                                                         |                      operand_queues_stage_1311 |          3 |          3 |       0 |    0 |      1 |      0 |      0 |    0 |          0 |
|           i_operand_queue_alu_a                                                      |                             operand_queue_1409 |        518 |        518 |       0 |    0 |    449 |      0 |      0 |    0 |          0 |
|             (i_operand_queue_alu_a)                                                  |                             operand_queue_1409 |         10 |         10 |       0 |    0 |     20 |      0 |      0 |    0 |          0 |
|             i_cmd_buffer                                                             |                   fifo_v3__parameterized9_1433 |        211 |        211 |       0 |    0 |     99 |      0 |      0 |    0 |          0 |
|             i_input_buffer                                                           |                  fifo_v3__parameterized10_1434 |        297 |        297 |       0 |    0 |    330 |      0 |      0 |    0 |          0 |
|           i_operand_queue_alu_b                                                      |             operand_queue__parameterized0_1410 |        642 |        642 |       0 |    0 |    449 |      0 |      0 |    0 |          0 |
|             (i_operand_queue_alu_b)                                                  |             operand_queue__parameterized0_1410 |         10 |         10 |       0 |    0 |     20 |      0 |      0 |    0 |          0 |
|             i_cmd_buffer                                                             |                   fifo_v3__parameterized9_1431 |        343 |        343 |       0 |    0 |     99 |      0 |      0 |    0 |          0 |
|             i_input_buffer                                                           |                  fifo_v3__parameterized10_1432 |        297 |        297 |       0 |    0 |    330 |      0 |      0 |    0 |          0 |
|           i_operand_queue_mask_b                                                     |             operand_queue__parameterized5_1411 |        469 |        469 |       0 |    0 |    285 |      0 |      0 |    0 |          0 |
|             (i_operand_queue_mask_b)                                                 |             operand_queue__parameterized5_1411 |         10 |         10 |       0 |    0 |     19 |      0 |      0 |    0 |          0 |
|             i_cmd_buffer                                                             |                  fifo_v3__parameterized13_1429 |        201 |        201 |       0 |    0 |     67 |      0 |      0 |    0 |          0 |
|             i_input_buffer                                                           |                  fifo_v3__parameterized14_1430 |        259 |        259 |       0 |    0 |    199 |      0 |      0 |    0 |          0 |
|           i_operand_queue_mask_m                                                     |             operand_queue__parameterized6_1412 |          9 |          9 |       0 |    0 |     68 |      0 |      0 |    0 |          0 |
|             (i_operand_queue_mask_m)                                                 |             operand_queue__parameterized6_1412 |          5 |          5 |       0 |    0 |      2 |      0 |      0 |    0 |          0 |
|             i_input_buffer                                                           |                  fifo_v3__parameterized16_1428 |          4 |          4 |       0 |    0 |     66 |      0 |      0 |    0 |          0 |
|           i_operand_queue_mfpu_a                                                     |             operand_queue__parameterized1_1413 |        465 |        465 |       0 |    0 |    451 |      0 |      0 |    0 |          0 |
|             (i_operand_queue_mfpu_a)                                                 |             operand_queue__parameterized1_1413 |          9 |          9 |       0 |    0 |     18 |      0 |      0 |    0 |          0 |
|             i_cmd_buffer                                                             |                   fifo_v3__parameterized9_1426 |        253 |        253 |       0 |    0 |    103 |      0 |      0 |    0 |          0 |
|             i_input_buffer                                                           |                  fifo_v3__parameterized10_1427 |        203 |        203 |       0 |    0 |    330 |      0 |      0 |    0 |          0 |
|           i_operand_queue_mfpu_b                                                     |             operand_queue__parameterized2_1414 |        532 |        532 |       0 |    0 |    451 |      0 |      0 |    0 |          0 |
|             (i_operand_queue_mfpu_b)                                                 |             operand_queue__parameterized2_1414 |          9 |          9 |       0 |    0 |     18 |      0 |      0 |    0 |          0 |
|             i_cmd_buffer                                                             |                   fifo_v3__parameterized9_1424 |        292 |        292 |       0 |    0 |    103 |      0 |      0 |    0 |          0 |
|             i_input_buffer                                                           |                  fifo_v3__parameterized10_1425 |        239 |        239 |       0 |    0 |    330 |      0 |      0 |    0 |          0 |
|           i_operand_queue_mfpu_c                                                     |             operand_queue__parameterized2_1415 |        560 |        560 |       0 |    0 |    451 |      0 |      0 |    0 |          0 |
|             (i_operand_queue_mfpu_c)                                                 |             operand_queue__parameterized2_1415 |          9 |          9 |       0 |    0 |     18 |      0 |      0 |    0 |          0 |
|             i_cmd_buffer                                                             |                   fifo_v3__parameterized9_1422 |        302 |        302 |       0 |    0 |    103 |      0 |      0 |    0 |          0 |
|             i_input_buffer                                                           |                  fifo_v3__parameterized10_1423 |        251 |        251 |       0 |    0 |    330 |      0 |      0 |    0 |          0 |
|           i_operand_queue_slide_addrgen_a                                            |             operand_queue__parameterized4_1416 |        147 |        147 |       0 |    0 |    234 |      0 |      0 |    0 |          0 |
|             (i_operand_queue_slide_addrgen_a)                                        |             operand_queue__parameterized4_1416 |          6 |          6 |       0 |    0 |     15 |      0 |      0 |    0 |          0 |
|             i_cmd_buffer                                                             |                   fifo_v3__parameterized9_1420 |         79 |         79 |       0 |    0 |     87 |      0 |      0 |    0 |          0 |
|             i_input_buffer                                                           |                  fifo_v3__parameterized12_1421 |         63 |         63 |       0 |    0 |    132 |      0 |      0 |    0 |          0 |
|           i_operand_queue_st_mask_a                                                  |             operand_queue__parameterized3_1417 |        162 |        162 |       0 |    0 |    257 |      0 |      0 |    0 |          0 |
|             (i_operand_queue_st_mask_a)                                              |             operand_queue__parameterized3_1417 |         14 |         14 |       0 |    0 |     15 |      0 |      0 |    0 |          0 |
|             i_cmd_buffer                                                             |                  fifo_v3__parameterized11_1418 |         87 |         87 |       0 |    0 |    110 |      0 |      0 |    0 |          0 |
|             i_input_buffer                                                           |                  fifo_v3__parameterized12_1419 |         61 |         61 |       0 |    0 |    132 |      0 |      0 |    0 |          0 |
|         i_operand_requester                                                          |                         operand_requester_1312 |       2118 |       2118 |       0 |    0 |    745 |      0 |      0 |    0 |          0 |
|           (i_operand_requester)                                                      |                         operand_requester_1312 |        353 |        353 |       0 |    0 |    442 |      0 |      0 |    0 |          0 |
|           gen_vrf_arbiters[0].i_hp_vrf_arbiter                                       |               rr_arb_tree__parameterized6_1390 |         53 |         53 |       0 |    0 |      3 |      0 |      0 |    0 |          0 |
|           gen_vrf_arbiters[0].i_lp_vrf_arbiter                                       |               rr_arb_tree__parameterized6_1391 |         27 |         27 |       0 |    0 |      3 |      0 |      0 |    0 |          0 |
|           gen_vrf_arbiters[1].i_hp_vrf_arbiter                                       |               rr_arb_tree__parameterized6_1392 |         50 |         50 |       0 |    0 |      3 |      0 |      0 |    0 |          0 |
|           gen_vrf_arbiters[1].i_lp_vrf_arbiter                                       |               rr_arb_tree__parameterized6_1393 |         27 |         27 |       0 |    0 |      3 |      0 |      0 |    0 |          0 |
|           gen_vrf_arbiters[2].i_hp_vrf_arbiter                                       |               rr_arb_tree__parameterized6_1394 |        169 |        169 |       0 |    0 |      3 |      0 |      0 |    0 |          0 |
|           gen_vrf_arbiters[2].i_lp_vrf_arbiter                                       |               rr_arb_tree__parameterized6_1395 |         36 |         36 |       0 |    0 |      3 |      0 |      0 |    0 |          0 |
|           gen_vrf_arbiters[3].i_hp_vrf_arbiter                                       |               rr_arb_tree__parameterized6_1396 |         50 |         50 |       0 |    0 |      3 |      0 |      0 |    0 |          0 |
|           gen_vrf_arbiters[3].i_lp_vrf_arbiter                                       |               rr_arb_tree__parameterized6_1397 |         27 |         27 |       0 |    0 |      3 |      0 |      0 |    0 |          0 |
|           gen_vrf_arbiters[4].i_hp_vrf_arbiter                                       |               rr_arb_tree__parameterized6_1398 |         53 |         53 |       0 |    0 |      3 |      0 |      0 |    0 |          0 |
|           gen_vrf_arbiters[4].i_lp_vrf_arbiter                                       |               rr_arb_tree__parameterized6_1399 |         36 |         36 |       0 |    0 |      3 |      0 |      0 |    0 |          0 |
|           gen_vrf_arbiters[5].i_hp_vrf_arbiter                                       |               rr_arb_tree__parameterized6_1400 |         49 |         49 |       0 |    0 |      3 |      0 |      0 |    0 |          0 |
|           gen_vrf_arbiters[5].i_lp_vrf_arbiter                                       |               rr_arb_tree__parameterized6_1401 |         27 |         27 |       0 |    0 |      3 |      0 |      0 |    0 |          0 |
|           gen_vrf_arbiters[6].i_hp_vrf_arbiter                                       |               rr_arb_tree__parameterized6_1402 |         73 |         73 |       0 |    0 |      3 |      0 |      0 |    0 |          0 |
|           gen_vrf_arbiters[6].i_lp_vrf_arbiter                                       |               rr_arb_tree__parameterized6_1403 |         37 |         37 |       0 |    0 |      3 |      0 |      0 |    0 |          0 |
|           gen_vrf_arbiters[7].i_hp_vrf_arbiter                                       |               rr_arb_tree__parameterized6_1404 |         59 |         59 |       0 |    0 |      3 |      0 |      0 |    0 |          0 |
|           gen_vrf_arbiters[7].i_lp_vrf_arbiter                                       |               rr_arb_tree__parameterized6_1405 |         29 |         29 |       0 |    0 |      3 |      0 |      0 |    0 |          0 |
|           i_ldu_stream_register                                                      |                           stream_register_1406 |         12 |         12 |       0 |    0 |     85 |      0 |      0 |    0 |          0 |
|           i_masku_stream_register                                                    |                           stream_register_1407 |          4 |          4 |       0 |    0 |     85 |      0 |      0 |    0 |          0 |
|           i_sldu_stream_register                                                     |                           stream_register_1408 |        952 |        952 |       0 |    0 |     85 |      0 |      0 |    0 |          0 |
|         i_sldu_addrgen_arbiter                                                       |                  fifo_v3__parameterized17_1313 |        147 |        147 |       0 |    0 |     26 |      0 |      0 |    0 |          0 |
|         i_vfus                                                                       |                          vector_fus_stage_1314 |      18729 |      18729 |       0 |    0 |   4840 |      0 |      0 |    0 |         52 |
|           i_valu                                                                     |                                      valu_1342 |       6772 |       6772 |       0 |    0 |   1030 |      0 |      0 |    0 |          0 |
|             (i_valu)                                                                 |                                      valu_1342 |       1401 |       1401 |       0 |    0 |    770 |      0 |      0 |    0 |          0 |
|             i_alu_reduction_spill_register                                           |           spill_register__parameterized25_1386 |       5252 |       5252 |       0 |    0 |    130 |      0 |      0 |    0 |          0 |
|               spill_register_flushable_i                                             | spill_register_flushable__parameterized25_1389 |       5252 |       5252 |       0 |    0 |    130 |      0 |      0 |    0 |          0 |
|             i_mask_operand_register                                                  |           spill_register__parameterized25_1387 |        142 |        142 |       0 |    0 |    130 |      0 |      0 |    0 |          0 |
|               spill_register_flushable_i                                             | spill_register_flushable__parameterized25_1388 |        142 |        142 |       0 |    0 |    130 |      0 |      0 |    0 |          0 |
|           i_vmfpu                                                                    |                                     vmfpu_1343 |      11957 |      11957 |       0 |    0 |   3810 |      0 |      0 |    0 |         52 |
|             (i_vmfpu)                                                                |                                     vmfpu_1343 |       1788 |       1788 |       0 |    0 |   1300 |      0 |      0 |    0 |          0 |
|             fpu_gen.i_fpnew_bulk                                                     |                                 fpnew_top_1344 |       6137 |       6137 |       0 |    0 |   1183 |      0 |      0 |    0 |          4 |
|               gen_operation_groups[0].i_opgroup_block                                |                       fpnew_opgroup_block_1367 |       3620 |       3620 |       0 |    0 |    658 |      0 |      0 |    0 |          4 |
|                 gen_parallel_slices[2].active_format.i_fmt_slice                     |                   fpnew_opgroup_fmt_slice_1381 |       3620 |       3620 |       0 |    0 |    658 |      0 |      0 |    0 |          4 |
|                   gen_num_lanes[0].active_lane.lane_instance.i_fma                   |                                 fpnew_fma_1382 |       1189 |       1189 |       0 |    0 |    184 |      0 |      0 |    0 |          1 |
|                   gen_num_lanes[1].active_lane.lane_instance.i_fma                   |                                 fpnew_fma_1383 |        772 |        772 |       0 |    0 |    158 |      0 |      0 |    0 |          1 |
|                   gen_num_lanes[2].active_lane.lane_instance.i_fma                   |                                 fpnew_fma_1384 |        868 |        868 |       0 |    0 |    158 |      0 |      0 |    0 |          1 |
|                   gen_num_lanes[3].active_lane.lane_instance.i_fma                   |                                 fpnew_fma_1385 |        836 |        836 |       0 |    0 |    158 |      0 |      0 |    0 |          1 |
|               gen_operation_groups[2].i_opgroup_block                                |       fpnew_opgroup_block__parameterized1_1368 |        580 |        580 |       0 |    0 |    180 |      0 |      0 |    0 |          0 |
|                 gen_parallel_slices[2].active_format.i_fmt_slice                     |   fpnew_opgroup_fmt_slice__parameterized0_1376 |        580 |        580 |       0 |    0 |    180 |      0 |      0 |    0 |          0 |
|                   gen_num_lanes[0].active_lane.lane_instance.i_noncomp               |                             fpnew_noncomp_1377 |        154 |        154 |       0 |    0 |     51 |      0 |      0 |    0 |          0 |
|                   gen_num_lanes[1].active_lane.lane_instance.i_noncomp               |                             fpnew_noncomp_1378 |        156 |        156 |       0 |    0 |     43 |      0 |      0 |    0 |          0 |
|                   gen_num_lanes[2].active_lane.lane_instance.i_noncomp               |                             fpnew_noncomp_1379 |        166 |        166 |       0 |    0 |     43 |      0 |      0 |    0 |          0 |
|                   gen_num_lanes[3].active_lane.lane_instance.i_noncomp               |                             fpnew_noncomp_1380 |        106 |        106 |       0 |    0 |     43 |      0 |      0 |    0 |          0 |
|               gen_operation_groups[3].i_opgroup_block                                |       fpnew_opgroup_block__parameterized2_1369 |       1925 |       1925 |       0 |    0 |    343 |      0 |      0 |    0 |          0 |
|                 gen_merged_slice.i_multifmt_slice                                    |              fpnew_opgroup_multifmt_slice_1371 |       1925 |       1925 |       0 |    0 |    343 |      0 |      0 |    0 |          0 |
|                   gen_num_lanes[0].active_lane.lane_instance.i_fpnew_cast_multi      |                          fpnew_cast_multi_1372 |        827 |        827 |       0 |    0 |    103 |      0 |      0 |    0 |          0 |
|                   gen_num_lanes[1].active_lane.lane_instance.i_fpnew_cast_multi      |                          fpnew_cast_multi_1373 |        413 |        413 |       0 |    0 |     80 |      0 |      0 |    0 |          0 |
|                   gen_num_lanes[2].active_lane.lane_instance.i_fpnew_cast_multi      |                          fpnew_cast_multi_1374 |        342 |        342 |       0 |    0 |     80 |      0 |      0 |    0 |          0 |
|                   gen_num_lanes[3].active_lane.lane_instance.i_fpnew_cast_multi      |                          fpnew_cast_multi_1375 |        351 |        351 |       0 |    0 |     80 |      0 |      0 |    0 |          0 |
|               i_arbiter                                                              |              rr_arb_tree__parameterized10_1370 |         50 |         50 |       0 |    0 |      2 |      0 |      0 |    0 |          0 |
|             genblk1[0].i_simd_mul_gating_op_a                                        |                      power_gating_generic_1345 |         32 |         32 |       0 |    0 |      0 |      0 |      0 |    0 |          0 |
|             genblk1[0].i_simd_mul_gating_op_b                                        |                      power_gating_generic_1346 |         32 |         32 |       0 |    0 |      0 |      0 |      0 |    0 |          0 |
|             genblk1[0].i_simd_mul_gating_op_c                                        |                      power_gating_generic_1347 |         10 |         10 |       0 |    0 |      0 |      0 |      0 |    0 |          0 |
|             genblk1[1].i_simd_mul_gating_op_a                                        |                      power_gating_generic_1348 |         32 |         32 |       0 |    0 |      0 |      0 |      0 |    0 |          0 |
|             genblk1[1].i_simd_mul_gating_op_b                                        |                      power_gating_generic_1349 |         32 |         32 |       0 |    0 |      0 |      0 |      0 |    0 |          0 |
|             genblk1[1].i_simd_mul_gating_op_c                                        |                      power_gating_generic_1350 |         32 |         32 |       0 |    0 |      0 |      0 |      0 |    0 |          0 |
|             genblk1[2].i_simd_mul_gating_op_a                                        |                      power_gating_generic_1351 |         32 |         32 |       0 |    0 |      0 |      0 |      0 |    0 |          0 |
|             genblk1[2].i_simd_mul_gating_op_b                                        |                      power_gating_generic_1352 |         32 |         32 |       0 |    0 |      0 |      0 |      0 |    0 |          0 |
|             genblk1[2].i_simd_mul_gating_op_c                                        |                      power_gating_generic_1353 |         32 |         32 |       0 |    0 |      0 |      0 |      0 |    0 |          0 |
|             genblk1[3].i_simd_mul_gating_op_a                                        |                      power_gating_generic_1354 |         32 |         32 |       0 |    0 |      0 |      0 |      0 |    0 |          0 |
|             genblk1[3].i_simd_mul_gating_op_b                                        |                      power_gating_generic_1355 |         32 |         32 |       0 |    0 |      0 |      0 |      0 |    0 |          0 |
|             genblk1[3].i_simd_mul_gating_op_c                                        |                      power_gating_generic_1356 |         32 |         32 |       0 |    0 |      0 |      0 |      0 |    0 |          0 |
|             i_mask_operand_register                                                  |           spill_register__parameterized25_1357 |        169 |        169 |       0 |    0 |    130 |      0 |      0 |    0 |          0 |
|               spill_register_flushable_i                                             | spill_register_flushable__parameterized25_1366 |        169 |        169 |       0 |    0 |    130 |      0 |      0 |    0 |          0 |
|             i_mfpu_reduction_spill_register                                          |           spill_register__parameterized25_1358 |        381 |        381 |       0 |    0 |    130 |      0 |      0 |    0 |          0 |
|               spill_register_flushable_i                                             | spill_register_flushable__parameterized25_1365 |        381 |        381 |       0 |    0 |    130 |      0 |      0 |    0 |          0 |
|             i_simd_div                                                               |                                  simd_div_1359 |       1345 |       1345 |       0 |    0 |    439 |      0 |      0 |    0 |          0 |
|               (i_simd_div)                                                           |                                  simd_div_1359 |        401 |        401 |       0 |    0 |    232 |      0 |      0 |    0 |          0 |
|               i_serdiv                                                               |                                    serdiv_1364 |        948 |        948 |       0 |    0 |    207 |      0 |      0 |    0 |          0 |
|             i_simd_mul_ew16                                                          |                  simd_mul__parameterized1_1360 |        244 |        244 |       0 |    0 |    209 |      0 |      0 |    0 |          8 |
|             i_simd_mul_ew32                                                          |                  simd_mul__parameterized0_1361 |        400 |        400 |       0 |    0 |    209 |      0 |      0 |    0 |          8 |
|             i_simd_mul_ew64                                                          |                                  simd_mul_1362 |        885 |        885 |       0 |    0 |    210 |      0 |      0 |    0 |         16 |
|             i_simd_mul_ew8                                                           |                  simd_mul__parameterized2_1363 |        299 |        299 |       0 |    0 |      0 |      0 |      0 |    0 |         16 |
|         i_vrf                                                                        |                            vector_regfile_1315 |       2281 |       2281 |       0 |    0 |     67 |     16 |      0 |    0 |          0 |
|           (i_vrf)                                                                    |                            vector_regfile_1315 |         54 |         54 |       0 |    0 |     40 |      0 |      0 |    0 |          0 |
|           gen_banks[0].data_sram                                                     |                   tc_sram__parameterized1_1316 |         34 |         34 |       0 |    0 |      0 |      2 |      0 |    0 |          0 |
|             (gen_banks[0].data_sram)                                                 |                   tc_sram__parameterized1_1316 |          4 |          4 |       0 |    0 |      0 |      0 |      0 |    0 |          0 |
|             gen_1_ports.i_xpm_memory_spram                                           |          xpm_memory_spram__parameterized1_1341 |         30 |         30 |       0 |    0 |      0 |      2 |      0 |    0 |          0 |
|               xpm_memory_base_inst                                                   |            xpm_memory_base__parameterized1__15 |         30 |         30 |       0 |    0 |      0 |      2 |      0 |    0 |          0 |
|           gen_banks[1].data_sram                                                     |                   tc_sram__parameterized1_1317 |         34 |         34 |       0 |    0 |      0 |      2 |      0 |    0 |          0 |
|             (gen_banks[1].data_sram)                                                 |                   tc_sram__parameterized1_1317 |          4 |          4 |       0 |    0 |      0 |      0 |      0 |    0 |          0 |
|             gen_1_ports.i_xpm_memory_spram                                           |          xpm_memory_spram__parameterized1_1340 |         30 |         30 |       0 |    0 |      0 |      2 |      0 |    0 |          0 |
|               xpm_memory_base_inst                                                   |            xpm_memory_base__parameterized1__14 |         30 |         30 |       0 |    0 |      0 |      2 |      0 |    0 |          0 |
|           gen_banks[2].data_sram                                                     |                   tc_sram__parameterized1_1318 |         34 |         34 |       0 |    0 |      0 |      2 |      0 |    0 |          0 |
|             (gen_banks[2].data_sram)                                                 |                   tc_sram__parameterized1_1318 |          4 |          4 |       0 |    0 |      0 |      0 |      0 |    0 |          0 |
|             gen_1_ports.i_xpm_memory_spram                                           |          xpm_memory_spram__parameterized1_1339 |         30 |         30 |       0 |    0 |      0 |      2 |      0 |    0 |          0 |
|               xpm_memory_base_inst                                                   |            xpm_memory_base__parameterized1__13 |         30 |         30 |       0 |    0 |      0 |      2 |      0 |    0 |          0 |
|           gen_banks[3].data_sram                                                     |                   tc_sram__parameterized1_1319 |         34 |         34 |       0 |    0 |      0 |      2 |      0 |    0 |          0 |
|             (gen_banks[3].data_sram)                                                 |                   tc_sram__parameterized1_1319 |          4 |          4 |       0 |    0 |      0 |      0 |      0 |    0 |          0 |
|             gen_1_ports.i_xpm_memory_spram                                           |          xpm_memory_spram__parameterized1_1338 |         30 |         30 |       0 |    0 |      0 |      2 |      0 |    0 |          0 |
|               xpm_memory_base_inst                                                   |            xpm_memory_base__parameterized1__12 |         30 |         30 |       0 |    0 |      0 |      2 |      0 |    0 |          0 |
|           gen_banks[4].data_sram                                                     |                   tc_sram__parameterized1_1320 |         34 |         34 |       0 |    0 |      0 |      2 |      0 |    0 |          0 |
|             (gen_banks[4].data_sram)                                                 |                   tc_sram__parameterized1_1320 |          4 |          4 |       0 |    0 |      0 |      0 |      0 |    0 |          0 |
|             gen_1_ports.i_xpm_memory_spram                                           |          xpm_memory_spram__parameterized1_1337 |         30 |         30 |       0 |    0 |      0 |      2 |      0 |    0 |          0 |
|               xpm_memory_base_inst                                                   |            xpm_memory_base__parameterized1__11 |         30 |         30 |       0 |    0 |      0 |      2 |      0 |    0 |          0 |
|           gen_banks[5].data_sram                                                     |                   tc_sram__parameterized1_1321 |         34 |         34 |       0 |    0 |      0 |      2 |      0 |    0 |          0 |
|             (gen_banks[5].data_sram)                                                 |                   tc_sram__parameterized1_1321 |          4 |          4 |       0 |    0 |      0 |      0 |      0 |    0 |          0 |
|             gen_1_ports.i_xpm_memory_spram                                           |          xpm_memory_spram__parameterized1_1336 |         30 |         30 |       0 |    0 |      0 |      2 |      0 |    0 |          0 |
|               xpm_memory_base_inst                                                   |            xpm_memory_base__parameterized1__10 |         30 |         30 |       0 |    0 |      0 |      2 |      0 |    0 |          0 |
|           gen_banks[6].data_sram                                                     |                   tc_sram__parameterized1_1322 |         34 |         34 |       0 |    0 |      0 |      2 |      0 |    0 |          0 |
|             (gen_banks[6].data_sram)                                                 |                   tc_sram__parameterized1_1322 |          4 |          4 |       0 |    0 |      0 |      0 |      0 |    0 |          0 |
|             gen_1_ports.i_xpm_memory_spram                                           |          xpm_memory_spram__parameterized1_1335 |         30 |         30 |       0 |    0 |      0 |      2 |      0 |    0 |          0 |
|               xpm_memory_base_inst                                                   |             xpm_memory_base__parameterized1__9 |         30 |         30 |       0 |    0 |      0 |      2 |      0 |    0 |          0 |
|           gen_banks[7].data_sram                                                     |                   tc_sram__parameterized1_1323 |         34 |         34 |       0 |    0 |      0 |      2 |      0 |    0 |          0 |
|             (gen_banks[7].data_sram)                                                 |                   tc_sram__parameterized1_1323 |          4 |          4 |       0 |    0 |      0 |      0 |      0 |    0 |          0 |
|             gen_1_ports.i_xpm_memory_spram                                           |          xpm_memory_spram__parameterized1_1334 |         30 |         30 |       0 |    0 |      0 |      2 |      0 |    0 |          0 |
|               xpm_memory_base_inst                                                   |             xpm_memory_base__parameterized1__8 |         30 |         30 |       0 |    0 |      0 |      2 |      0 |    0 |          0 |
|           i_vrf_mux                                                                  |               stream_xbar__parameterized1_1324 |       1958 |       1958 |       0 |    0 |     27 |      0 |      0 |    0 |          0 |
|             gen_outs[0].i_rr_arb_tree                                                |               rr_arb_tree__parameterized8_1325 |        218 |        218 |       0 |    0 |      3 |      0 |      0 |    0 |          0 |
|             gen_outs[1].i_rr_arb_tree                                                |               rr_arb_tree__parameterized8_1326 |        219 |        219 |       0 |    0 |      3 |      0 |      0 |    0 |          0 |
|             gen_outs[2].i_rr_arb_tree                                                |               rr_arb_tree__parameterized8_1327 |        219 |        219 |       0 |    0 |      3 |      0 |      0 |    0 |          0 |
|             gen_outs[3].i_rr_arb_tree                                                |               rr_arb_tree__parameterized8_1328 |        219 |        219 |       0 |    0 |      3 |      0 |      0 |    0 |          0 |
|             gen_outs[4].i_rr_arb_tree                                                |               rr_arb_tree__parameterized8_1329 |        219 |        219 |       0 |    0 |      3 |      0 |      0 |    0 |          0 |
|             gen_outs[5].i_rr_arb_tree                                                |               rr_arb_tree__parameterized8_1330 |        215 |        215 |       0 |    0 |      3 |      0 |      0 |    0 |          0 |
|             gen_outs[6].i_rr_arb_tree                                                |               rr_arb_tree__parameterized8_1331 |        219 |        219 |       0 |    0 |      3 |      0 |      0 |    0 |          0 |
|             gen_outs[7].i_rr_arb_tree                                                |               rr_arb_tree__parameterized8_1332 |        215 |        215 |       0 |    0 |      3 |      0 |      0 |    0 |          0 |
|             gen_outs[8].i_rr_arb_tree                                                |               rr_arb_tree__parameterized8_1333 |        215 |        215 |       0 |    0 |      3 |      0 |      0 |    0 |          0 |
|       gen_lanes[2].i_lane                                                            |                                      lane_1026 |      29084 |      29084 |       0 |    0 |   9733 |     16 |      0 |    0 |         52 |
|         (gen_lanes[2].i_lane)                                                        |                                      lane_1026 |          0 |          0 |       0 |    0 |     12 |      0 |      0 |    0 |          0 |
|         i_lane_sequencer                                                             |                            lane_sequencer_1178 |       2576 |       2576 |       0 |    0 |    929 |      0 |      0 |    0 |          0 |
|           (i_lane_sequencer)                                                         |                            lane_sequencer_1178 |       1694 |       1694 |       0 |    0 |    627 |      0 |      0 |    0 |          0 |
|           i_pe_req_register                                                          |                     fall_through_register_1305 |        864 |        864 |       0 |    0 |    256 |      0 |      0 |    0 |          0 |
|             i_fifo                                                                   |                   fifo_v3__parameterized8_1308 |        864 |        864 |       0 |    0 |    256 |      0 |      0 |    0 |          0 |
|           i_spill_register_vrgat_req                                                 |           spill_register__parameterized23_1306 |         27 |         27 |       0 |    0 |     46 |      0 |      0 |    0 |          0 |
|             spill_register_flushable_i                                               | spill_register_flushable__parameterized23_1307 |         27 |         27 |       0 |    0 |     46 |      0 |      0 |    0 |          0 |
|         i_mask_ready_spill_register                                                  |           spill_register__parameterized22_1179 |         24 |         24 |       0 |    0 |     18 |      0 |      0 |    0 |          0 |
|           spill_register_flushable_i                                                 | spill_register_flushable__parameterized22_1304 |         24 |         24 |       0 |    0 |     18 |      0 |      0 |    0 |          0 |
|         i_operand_queues                                                             |                      operand_queues_stage_1180 |       3421 |       3421 |       0 |    0 |   3095 |      0 |      0 |    0 |          0 |
|           (i_operand_queues)                                                         |                      operand_queues_stage_1180 |          0 |          0 |       0 |    0 |      0 |      0 |      0 |    0 |          0 |
|           i_operand_queue_alu_a                                                      |                             operand_queue_1278 |        510 |        510 |       0 |    0 |    449 |      0 |      0 |    0 |          0 |
|             (i_operand_queue_alu_a)                                                  |                             operand_queue_1278 |         10 |         10 |       0 |    0 |     20 |      0 |      0 |    0 |          0 |
|             i_cmd_buffer                                                             |                   fifo_v3__parameterized9_1302 |        209 |        209 |       0 |    0 |     99 |      0 |      0 |    0 |          0 |
|             i_input_buffer                                                           |                  fifo_v3__parameterized10_1303 |        293 |        293 |       0 |    0 |    330 |      0 |      0 |    0 |          0 |
|           i_operand_queue_alu_b                                                      |             operand_queue__parameterized0_1279 |        641 |        641 |       0 |    0 |    449 |      0 |      0 |    0 |          0 |
|             (i_operand_queue_alu_b)                                                  |             operand_queue__parameterized0_1279 |         10 |         10 |       0 |    0 |     20 |      0 |      0 |    0 |          0 |
|             i_cmd_buffer                                                             |                   fifo_v3__parameterized9_1300 |        337 |        337 |       0 |    0 |     99 |      0 |      0 |    0 |          0 |
|             i_input_buffer                                                           |                  fifo_v3__parameterized10_1301 |        300 |        300 |       0 |    0 |    330 |      0 |      0 |    0 |          0 |
|           i_operand_queue_mask_b                                                     |             operand_queue__parameterized5_1280 |        464 |        464 |       0 |    0 |    285 |      0 |      0 |    0 |          0 |
|             (i_operand_queue_mask_b)                                                 |             operand_queue__parameterized5_1280 |         10 |         10 |       0 |    0 |     19 |      0 |      0 |    0 |          0 |
|             i_cmd_buffer                                                             |                  fifo_v3__parameterized13_1298 |        200 |        200 |       0 |    0 |     67 |      0 |      0 |    0 |          0 |
|             i_input_buffer                                                           |                  fifo_v3__parameterized14_1299 |        256 |        256 |       0 |    0 |    199 |      0 |      0 |    0 |          0 |
|           i_operand_queue_mask_m                                                     |             operand_queue__parameterized6_1281 |          9 |          9 |       0 |    0 |     68 |      0 |      0 |    0 |          0 |
|             (i_operand_queue_mask_m)                                                 |             operand_queue__parameterized6_1281 |          5 |          5 |       0 |    0 |      2 |      0 |      0 |    0 |          0 |
|             i_input_buffer                                                           |                  fifo_v3__parameterized16_1297 |          4 |          4 |       0 |    0 |     66 |      0 |      0 |    0 |          0 |
|           i_operand_queue_mfpu_a                                                     |             operand_queue__parameterized1_1282 |        455 |        455 |       0 |    0 |    451 |      0 |      0 |    0 |          0 |
|             (i_operand_queue_mfpu_a)                                                 |             operand_queue__parameterized1_1282 |          9 |          9 |       0 |    0 |     18 |      0 |      0 |    0 |          0 |
|             i_cmd_buffer                                                             |                   fifo_v3__parameterized9_1295 |        246 |        246 |       0 |    0 |    103 |      0 |      0 |    0 |          0 |
|             i_input_buffer                                                           |                  fifo_v3__parameterized10_1296 |        203 |        203 |       0 |    0 |    330 |      0 |      0 |    0 |          0 |
|           i_operand_queue_mfpu_b                                                     |             operand_queue__parameterized2_1283 |        508 |        508 |       0 |    0 |    451 |      0 |      0 |    0 |          0 |
|             (i_operand_queue_mfpu_b)                                                 |             operand_queue__parameterized2_1283 |          9 |          9 |       0 |    0 |     18 |      0 |      0 |    0 |          0 |
|             i_cmd_buffer                                                             |                   fifo_v3__parameterized9_1293 |        274 |        274 |       0 |    0 |    103 |      0 |      0 |    0 |          0 |
|             i_input_buffer                                                           |                  fifo_v3__parameterized10_1294 |        232 |        232 |       0 |    0 |    330 |      0 |      0 |    0 |          0 |
|           i_operand_queue_mfpu_c                                                     |             operand_queue__parameterized2_1284 |        527 |        527 |       0 |    0 |    451 |      0 |      0 |    0 |          0 |
|             (i_operand_queue_mfpu_c)                                                 |             operand_queue__parameterized2_1284 |          9 |          9 |       0 |    0 |     18 |      0 |      0 |    0 |          0 |
|             i_cmd_buffer                                                             |                   fifo_v3__parameterized9_1291 |        287 |        287 |       0 |    0 |    103 |      0 |      0 |    0 |          0 |
|             i_input_buffer                                                           |                  fifo_v3__parameterized10_1292 |        232 |        232 |       0 |    0 |    330 |      0 |      0 |    0 |          0 |
|           i_operand_queue_slide_addrgen_a                                            |             operand_queue__parameterized4_1285 |        152 |        152 |       0 |    0 |    234 |      0 |      0 |    0 |          0 |
|             (i_operand_queue_slide_addrgen_a)                                        |             operand_queue__parameterized4_1285 |          6 |          6 |       0 |    0 |     15 |      0 |      0 |    0 |          0 |
|             i_cmd_buffer                                                             |                   fifo_v3__parameterized9_1289 |         84 |         84 |       0 |    0 |     87 |      0 |      0 |    0 |          0 |
|             i_input_buffer                                                           |                  fifo_v3__parameterized12_1290 |         63 |         63 |       0 |    0 |    132 |      0 |      0 |    0 |          0 |
|           i_operand_queue_st_mask_a                                                  |             operand_queue__parameterized3_1286 |        157 |        157 |       0 |    0 |    257 |      0 |      0 |    0 |          0 |
|             (i_operand_queue_st_mask_a)                                              |             operand_queue__parameterized3_1286 |         12 |         12 |       0 |    0 |     15 |      0 |      0 |    0 |          0 |
|             i_cmd_buffer                                                             |                  fifo_v3__parameterized11_1287 |         85 |         85 |       0 |    0 |    110 |      0 |      0 |    0 |          0 |
|             i_input_buffer                                                           |                  fifo_v3__parameterized12_1288 |         61 |         61 |       0 |    0 |    132 |      0 |      0 |    0 |          0 |
|         i_operand_requester                                                          |                         operand_requester_1181 |       2111 |       2111 |       0 |    0 |    745 |      0 |      0 |    0 |          0 |
|           (i_operand_requester)                                                      |                         operand_requester_1181 |        353 |        353 |       0 |    0 |    442 |      0 |      0 |    0 |          0 |
|           gen_vrf_arbiters[0].i_hp_vrf_arbiter                                       |               rr_arb_tree__parameterized6_1259 |         53 |         53 |       0 |    0 |      3 |      0 |      0 |    0 |          0 |
|           gen_vrf_arbiters[0].i_lp_vrf_arbiter                                       |               rr_arb_tree__parameterized6_1260 |         27 |         27 |       0 |    0 |      3 |      0 |      0 |    0 |          0 |
|           gen_vrf_arbiters[1].i_hp_vrf_arbiter                                       |               rr_arb_tree__parameterized6_1261 |         49 |         49 |       0 |    0 |      3 |      0 |      0 |    0 |          0 |
|           gen_vrf_arbiters[1].i_lp_vrf_arbiter                                       |               rr_arb_tree__parameterized6_1262 |         27 |         27 |       0 |    0 |      3 |      0 |      0 |    0 |          0 |
|           gen_vrf_arbiters[2].i_hp_vrf_arbiter                                       |               rr_arb_tree__parameterized6_1263 |        168 |        168 |       0 |    0 |      3 |      0 |      0 |    0 |          0 |
|           gen_vrf_arbiters[2].i_lp_vrf_arbiter                                       |               rr_arb_tree__parameterized6_1264 |         36 |         36 |       0 |    0 |      3 |      0 |      0 |    0 |          0 |
|           gen_vrf_arbiters[3].i_hp_vrf_arbiter                                       |               rr_arb_tree__parameterized6_1265 |         49 |         49 |       0 |    0 |      3 |      0 |      0 |    0 |          0 |
|           gen_vrf_arbiters[3].i_lp_vrf_arbiter                                       |               rr_arb_tree__parameterized6_1266 |         27 |         27 |       0 |    0 |      3 |      0 |      0 |    0 |          0 |
|           gen_vrf_arbiters[4].i_hp_vrf_arbiter                                       |               rr_arb_tree__parameterized6_1267 |         53 |         53 |       0 |    0 |      3 |      0 |      0 |    0 |          0 |
|           gen_vrf_arbiters[4].i_lp_vrf_arbiter                                       |               rr_arb_tree__parameterized6_1268 |         37 |         37 |       0 |    0 |      3 |      0 |      0 |    0 |          0 |
|           gen_vrf_arbiters[5].i_hp_vrf_arbiter                                       |               rr_arb_tree__parameterized6_1269 |         49 |         49 |       0 |    0 |      3 |      0 |      0 |    0 |          0 |
|           gen_vrf_arbiters[5].i_lp_vrf_arbiter                                       |               rr_arb_tree__parameterized6_1270 |         27 |         27 |       0 |    0 |      3 |      0 |      0 |    0 |          0 |
|           gen_vrf_arbiters[6].i_hp_vrf_arbiter                                       |               rr_arb_tree__parameterized6_1271 |         73 |         73 |       0 |    0 |      3 |      0 |      0 |    0 |          0 |
|           gen_vrf_arbiters[6].i_lp_vrf_arbiter                                       |               rr_arb_tree__parameterized6_1272 |         37 |         37 |       0 |    0 |      3 |      0 |      0 |    0 |          0 |
|           gen_vrf_arbiters[7].i_hp_vrf_arbiter                                       |               rr_arb_tree__parameterized6_1273 |         59 |         59 |       0 |    0 |      3 |      0 |      0 |    0 |          0 |
|           gen_vrf_arbiters[7].i_lp_vrf_arbiter                                       |               rr_arb_tree__parameterized6_1274 |         29 |         29 |       0 |    0 |      3 |      0 |      0 |    0 |          0 |
|           i_ldu_stream_register                                                      |                           stream_register_1275 |         12 |         12 |       0 |    0 |     85 |      0 |      0 |    0 |          0 |
|           i_masku_stream_register                                                    |                           stream_register_1276 |          4 |          4 |       0 |    0 |     85 |      0 |      0 |    0 |          0 |
|           i_sldu_stream_register                                                     |                           stream_register_1277 |        948 |        948 |       0 |    0 |     85 |      0 |      0 |    0 |          0 |
|         i_sldu_addrgen_arbiter                                                       |                  fifo_v3__parameterized17_1182 |        136 |        136 |       0 |    0 |     26 |      0 |      0 |    0 |          0 |
|         i_vfus                                                                       |                          vector_fus_stage_1183 |      18567 |      18567 |       0 |    0 |   4841 |      0 |      0 |    0 |         52 |
|           i_valu                                                                     |                                      valu_1211 |       6938 |       6938 |       0 |    0 |   1030 |      0 |      0 |    0 |          0 |
|             (i_valu)                                                                 |                                      valu_1211 |       1396 |       1396 |       0 |    0 |    770 |      0 |      0 |    0 |          0 |
|             i_alu_reduction_spill_register                                           |           spill_register__parameterized25_1255 |       5422 |       5422 |       0 |    0 |    130 |      0 |      0 |    0 |          0 |
|               spill_register_flushable_i                                             | spill_register_flushable__parameterized25_1258 |       5422 |       5422 |       0 |    0 |    130 |      0 |      0 |    0 |          0 |
|             i_mask_operand_register                                                  |           spill_register__parameterized25_1256 |        161 |        161 |       0 |    0 |    130 |      0 |      0 |    0 |          0 |
|               spill_register_flushable_i                                             | spill_register_flushable__parameterized25_1257 |        161 |        161 |       0 |    0 |    130 |      0 |      0 |    0 |          0 |
|           i_vmfpu                                                                    |                                     vmfpu_1212 |      11631 |      11631 |       0 |    0 |   3811 |      0 |      0 |    0 |         52 |
|             (i_vmfpu)                                                                |                                     vmfpu_1212 |       1780 |       1780 |       0 |    0 |   1301 |      0 |      0 |    0 |          0 |
|             fpu_gen.i_fpnew_bulk                                                     |                                 fpnew_top_1213 |       5860 |       5860 |       0 |    0 |   1183 |      0 |      0 |    0 |          4 |
|               gen_operation_groups[0].i_opgroup_block                                |                       fpnew_opgroup_block_1236 |       3485 |       3485 |       0 |    0 |    658 |      0 |      0 |    0 |          4 |
|                 gen_parallel_slices[2].active_format.i_fmt_slice                     |                   fpnew_opgroup_fmt_slice_1250 |       3485 |       3485 |       0 |    0 |    658 |      0 |      0 |    0 |          4 |
|                   gen_num_lanes[0].active_lane.lane_instance.i_fma                   |                                 fpnew_fma_1251 |       1136 |       1136 |       0 |    0 |    184 |      0 |      0 |    0 |          1 |
|                   gen_num_lanes[1].active_lane.lane_instance.i_fma                   |                                 fpnew_fma_1252 |        747 |        747 |       0 |    0 |    158 |      0 |      0 |    0 |          1 |
|                   gen_num_lanes[2].active_lane.lane_instance.i_fma                   |                                 fpnew_fma_1253 |        844 |        844 |       0 |    0 |    158 |      0 |      0 |    0 |          1 |
|                   gen_num_lanes[3].active_lane.lane_instance.i_fma                   |                                 fpnew_fma_1254 |        827 |        827 |       0 |    0 |    158 |      0 |      0 |    0 |          1 |
|               gen_operation_groups[2].i_opgroup_block                                |       fpnew_opgroup_block__parameterized1_1237 |        552 |        552 |       0 |    0 |    180 |      0 |      0 |    0 |          0 |
|                 gen_parallel_slices[2].active_format.i_fmt_slice                     |   fpnew_opgroup_fmt_slice__parameterized0_1245 |        552 |        552 |       0 |    0 |    180 |      0 |      0 |    0 |          0 |
|                   gen_num_lanes[0].active_lane.lane_instance.i_noncomp               |                             fpnew_noncomp_1246 |        150 |        150 |       0 |    0 |     51 |      0 |      0 |    0 |          0 |
|                   gen_num_lanes[1].active_lane.lane_instance.i_noncomp               |                             fpnew_noncomp_1247 |        152 |        152 |       0 |    0 |     43 |      0 |      0 |    0 |          0 |
|                   gen_num_lanes[2].active_lane.lane_instance.i_noncomp               |                             fpnew_noncomp_1248 |        155 |        155 |       0 |    0 |     43 |      0 |      0 |    0 |          0 |
|                   gen_num_lanes[3].active_lane.lane_instance.i_noncomp               |                             fpnew_noncomp_1249 |         99 |         99 |       0 |    0 |     43 |      0 |      0 |    0 |          0 |
|               gen_operation_groups[3].i_opgroup_block                                |       fpnew_opgroup_block__parameterized2_1238 |       1832 |       1832 |       0 |    0 |    343 |      0 |      0 |    0 |          0 |
|                 gen_merged_slice.i_multifmt_slice                                    |              fpnew_opgroup_multifmt_slice_1240 |       1832 |       1832 |       0 |    0 |    343 |      0 |      0 |    0 |          0 |
|                   gen_num_lanes[0].active_lane.lane_instance.i_fpnew_cast_multi      |                          fpnew_cast_multi_1241 |        810 |        810 |       0 |    0 |    103 |      0 |      0 |    0 |          0 |
|                   gen_num_lanes[1].active_lane.lane_instance.i_fpnew_cast_multi      |                          fpnew_cast_multi_1242 |        379 |        379 |       0 |    0 |     80 |      0 |      0 |    0 |          0 |
|                   gen_num_lanes[2].active_lane.lane_instance.i_fpnew_cast_multi      |                          fpnew_cast_multi_1243 |        322 |        322 |       0 |    0 |     80 |      0 |      0 |    0 |          0 |
|                   gen_num_lanes[3].active_lane.lane_instance.i_fpnew_cast_multi      |                          fpnew_cast_multi_1244 |        335 |        335 |       0 |    0 |     80 |      0 |      0 |    0 |          0 |
|               i_arbiter                                                              |              rr_arb_tree__parameterized10_1239 |         51 |         51 |       0 |    0 |      2 |      0 |      0 |    0 |          0 |
|             genblk1[0].i_simd_mul_gating_op_a                                        |                      power_gating_generic_1214 |         32 |         32 |       0 |    0 |      0 |      0 |      0 |    0 |          0 |
|             genblk1[0].i_simd_mul_gating_op_b                                        |                      power_gating_generic_1215 |         32 |         32 |       0 |    0 |      0 |      0 |      0 |    0 |          0 |
|             genblk1[0].i_simd_mul_gating_op_c                                        |                      power_gating_generic_1216 |         10 |         10 |       0 |    0 |      0 |      0 |      0 |    0 |          0 |
|             genblk1[1].i_simd_mul_gating_op_a                                        |                      power_gating_generic_1217 |         32 |         32 |       0 |    0 |      0 |      0 |      0 |    0 |          0 |
|             genblk1[1].i_simd_mul_gating_op_b                                        |                      power_gating_generic_1218 |         32 |         32 |       0 |    0 |      0 |      0 |      0 |    0 |          0 |
|             genblk1[1].i_simd_mul_gating_op_c                                        |                      power_gating_generic_1219 |         32 |         32 |       0 |    0 |      0 |      0 |      0 |    0 |          0 |
|             genblk1[2].i_simd_mul_gating_op_a                                        |                      power_gating_generic_1220 |         32 |         32 |       0 |    0 |      0 |      0 |      0 |    0 |          0 |
|             genblk1[2].i_simd_mul_gating_op_b                                        |                      power_gating_generic_1221 |         32 |         32 |       0 |    0 |      0 |      0 |      0 |    0 |          0 |
|             genblk1[2].i_simd_mul_gating_op_c                                        |                      power_gating_generic_1222 |         32 |         32 |       0 |    0 |      0 |      0 |      0 |    0 |          0 |
|             genblk1[3].i_simd_mul_gating_op_a                                        |                      power_gating_generic_1223 |         32 |         32 |       0 |    0 |      0 |      0 |      0 |    0 |          0 |
|             genblk1[3].i_simd_mul_gating_op_b                                        |                      power_gating_generic_1224 |         32 |         32 |       0 |    0 |      0 |      0 |      0 |    0 |          0 |
|             genblk1[3].i_simd_mul_gating_op_c                                        |                      power_gating_generic_1225 |         32 |         32 |       0 |    0 |      0 |      0 |      0 |    0 |          0 |
|             i_mask_operand_register                                                  |           spill_register__parameterized25_1226 |        171 |        171 |       0 |    0 |    130 |      0 |      0 |    0 |          0 |
|               spill_register_flushable_i                                             | spill_register_flushable__parameterized25_1235 |        171 |        171 |       0 |    0 |    130 |      0 |      0 |    0 |          0 |
|             i_mfpu_reduction_spill_register                                          |           spill_register__parameterized25_1227 |        379 |        379 |       0 |    0 |    130 |      0 |      0 |    0 |          0 |
|               spill_register_flushable_i                                             | spill_register_flushable__parameterized25_1234 |        379 |        379 |       0 |    0 |    130 |      0 |      0 |    0 |          0 |
|             i_simd_div                                                               |                                  simd_div_1228 |       1342 |       1342 |       0 |    0 |    439 |      0 |      0 |    0 |          0 |
|               (i_simd_div)                                                           |                                  simd_div_1228 |        396 |        396 |       0 |    0 |    232 |      0 |      0 |    0 |          0 |
|               i_serdiv                                                               |                                    serdiv_1233 |        948 |        948 |       0 |    0 |    207 |      0 |      0 |    0 |          0 |
|             i_simd_mul_ew16                                                          |                  simd_mul__parameterized1_1229 |        244 |        244 |       0 |    0 |    209 |      0 |      0 |    0 |          8 |
|             i_simd_mul_ew32                                                          |                  simd_mul__parameterized0_1230 |        399 |        399 |       0 |    0 |    209 |      0 |      0 |    0 |          8 |
|             i_simd_mul_ew64                                                          |                                  simd_mul_1231 |        865 |        865 |       0 |    0 |    210 |      0 |      0 |    0 |         16 |
|             i_simd_mul_ew8                                                           |                  simd_mul__parameterized2_1232 |        300 |        300 |       0 |    0 |      0 |      0 |      0 |    0 |         16 |
|         i_vrf                                                                        |                            vector_regfile_1184 |       2281 |       2281 |       0 |    0 |     67 |     16 |      0 |    0 |          0 |
|           (i_vrf)                                                                    |                            vector_regfile_1184 |         55 |         55 |       0 |    0 |     40 |      0 |      0 |    0 |          0 |
|           gen_banks[0].data_sram                                                     |                   tc_sram__parameterized1_1185 |         34 |         34 |       0 |    0 |      0 |      2 |      0 |    0 |          0 |
|             (gen_banks[0].data_sram)                                                 |                   tc_sram__parameterized1_1185 |          4 |          4 |       0 |    0 |      0 |      0 |      0 |    0 |          0 |
|             gen_1_ports.i_xpm_memory_spram                                           |          xpm_memory_spram__parameterized1_1210 |         30 |         30 |       0 |    0 |      0 |      2 |      0 |    0 |          0 |
|               xpm_memory_base_inst                                                   |            xpm_memory_base__parameterized1__23 |         30 |         30 |       0 |    0 |      0 |      2 |      0 |    0 |          0 |
|           gen_banks[1].data_sram                                                     |                   tc_sram__parameterized1_1186 |         34 |         34 |       0 |    0 |      0 |      2 |      0 |    0 |          0 |
|             (gen_banks[1].data_sram)                                                 |                   tc_sram__parameterized1_1186 |          4 |          4 |       0 |    0 |      0 |      0 |      0 |    0 |          0 |
|             gen_1_ports.i_xpm_memory_spram                                           |          xpm_memory_spram__parameterized1_1209 |         30 |         30 |       0 |    0 |      0 |      2 |      0 |    0 |          0 |
|               xpm_memory_base_inst                                                   |            xpm_memory_base__parameterized1__22 |         30 |         30 |       0 |    0 |      0 |      2 |      0 |    0 |          0 |
|           gen_banks[2].data_sram                                                     |                   tc_sram__parameterized1_1187 |         34 |         34 |       0 |    0 |      0 |      2 |      0 |    0 |          0 |
|             (gen_banks[2].data_sram)                                                 |                   tc_sram__parameterized1_1187 |          4 |          4 |       0 |    0 |      0 |      0 |      0 |    0 |          0 |
|             gen_1_ports.i_xpm_memory_spram                                           |          xpm_memory_spram__parameterized1_1208 |         30 |         30 |       0 |    0 |      0 |      2 |      0 |    0 |          0 |
|               xpm_memory_base_inst                                                   |            xpm_memory_base__parameterized1__21 |         30 |         30 |       0 |    0 |      0 |      2 |      0 |    0 |          0 |
|           gen_banks[3].data_sram                                                     |                   tc_sram__parameterized1_1188 |         34 |         34 |       0 |    0 |      0 |      2 |      0 |    0 |          0 |
|             (gen_banks[3].data_sram)                                                 |                   tc_sram__parameterized1_1188 |          4 |          4 |       0 |    0 |      0 |      0 |      0 |    0 |          0 |
|             gen_1_ports.i_xpm_memory_spram                                           |          xpm_memory_spram__parameterized1_1207 |         30 |         30 |       0 |    0 |      0 |      2 |      0 |    0 |          0 |
|               xpm_memory_base_inst                                                   |            xpm_memory_base__parameterized1__20 |         30 |         30 |       0 |    0 |      0 |      2 |      0 |    0 |          0 |
|           gen_banks[4].data_sram                                                     |                   tc_sram__parameterized1_1189 |         34 |         34 |       0 |    0 |      0 |      2 |      0 |    0 |          0 |
|             (gen_banks[4].data_sram)                                                 |                   tc_sram__parameterized1_1189 |          4 |          4 |       0 |    0 |      0 |      0 |      0 |    0 |          0 |
|             gen_1_ports.i_xpm_memory_spram                                           |          xpm_memory_spram__parameterized1_1206 |         30 |         30 |       0 |    0 |      0 |      2 |      0 |    0 |          0 |
|               xpm_memory_base_inst                                                   |            xpm_memory_base__parameterized1__19 |         30 |         30 |       0 |    0 |      0 |      2 |      0 |    0 |          0 |
|           gen_banks[5].data_sram                                                     |                   tc_sram__parameterized1_1190 |         34 |         34 |       0 |    0 |      0 |      2 |      0 |    0 |          0 |
|             (gen_banks[5].data_sram)                                                 |                   tc_sram__parameterized1_1190 |          4 |          4 |       0 |    0 |      0 |      0 |      0 |    0 |          0 |
|             gen_1_ports.i_xpm_memory_spram                                           |          xpm_memory_spram__parameterized1_1205 |         30 |         30 |       0 |    0 |      0 |      2 |      0 |    0 |          0 |
|               xpm_memory_base_inst                                                   |            xpm_memory_base__parameterized1__18 |         30 |         30 |       0 |    0 |      0 |      2 |      0 |    0 |          0 |
|           gen_banks[6].data_sram                                                     |                   tc_sram__parameterized1_1191 |         34 |         34 |       0 |    0 |      0 |      2 |      0 |    0 |          0 |
|             (gen_banks[6].data_sram)                                                 |                   tc_sram__parameterized1_1191 |          4 |          4 |       0 |    0 |      0 |      0 |      0 |    0 |          0 |
|             gen_1_ports.i_xpm_memory_spram                                           |          xpm_memory_spram__parameterized1_1204 |         30 |         30 |       0 |    0 |      0 |      2 |      0 |    0 |          0 |
|               xpm_memory_base_inst                                                   |            xpm_memory_base__parameterized1__17 |         30 |         30 |       0 |    0 |      0 |      2 |      0 |    0 |          0 |
|           gen_banks[7].data_sram                                                     |                   tc_sram__parameterized1_1192 |         34 |         34 |       0 |    0 |      0 |      2 |      0 |    0 |          0 |
|             (gen_banks[7].data_sram)                                                 |                   tc_sram__parameterized1_1192 |          4 |          4 |       0 |    0 |      0 |      0 |      0 |    0 |          0 |
|             gen_1_ports.i_xpm_memory_spram                                           |          xpm_memory_spram__parameterized1_1203 |         30 |         30 |       0 |    0 |      0 |      2 |      0 |    0 |          0 |
|               xpm_memory_base_inst                                                   |            xpm_memory_base__parameterized1__16 |         30 |         30 |       0 |    0 |      0 |      2 |      0 |    0 |          0 |
|           i_vrf_mux                                                                  |               stream_xbar__parameterized1_1193 |       1956 |       1956 |       0 |    0 |     27 |      0 |      0 |    0 |          0 |
|             gen_outs[0].i_rr_arb_tree                                                |               rr_arb_tree__parameterized8_1194 |        218 |        218 |       0 |    0 |      3 |      0 |      0 |    0 |          0 |
|             gen_outs[1].i_rr_arb_tree                                                |               rr_arb_tree__parameterized8_1195 |        219 |        219 |       0 |    0 |      3 |      0 |      0 |    0 |          0 |
|             gen_outs[2].i_rr_arb_tree                                                |               rr_arb_tree__parameterized8_1196 |        219 |        219 |       0 |    0 |      3 |      0 |      0 |    0 |          0 |
|             gen_outs[3].i_rr_arb_tree                                                |               rr_arb_tree__parameterized8_1197 |        219 |        219 |       0 |    0 |      3 |      0 |      0 |    0 |          0 |
|             gen_outs[4].i_rr_arb_tree                                                |               rr_arb_tree__parameterized8_1198 |        219 |        219 |       0 |    0 |      3 |      0 |      0 |    0 |          0 |
|             gen_outs[5].i_rr_arb_tree                                                |               rr_arb_tree__parameterized8_1199 |        215 |        215 |       0 |    0 |      3 |      0 |      0 |    0 |          0 |
|             gen_outs[6].i_rr_arb_tree                                                |               rr_arb_tree__parameterized8_1200 |        217 |        217 |       0 |    0 |      3 |      0 |      0 |    0 |          0 |
|             gen_outs[7].i_rr_arb_tree                                                |               rr_arb_tree__parameterized8_1201 |        215 |        215 |       0 |    0 |      3 |      0 |      0 |    0 |          0 |
|             gen_outs[8].i_rr_arb_tree                                                |               rr_arb_tree__parameterized8_1202 |        215 |        215 |       0 |    0 |      3 |      0 |      0 |    0 |          0 |
|       gen_lanes[3].i_lane                                                            |                                      lane_1027 |      29148 |      29148 |       0 |    0 |   9734 |     16 |      0 |    0 |         52 |
|         (gen_lanes[3].i_lane)                                                        |                                      lane_1027 |          0 |          0 |       0 |    0 |     12 |      0 |      0 |    0 |          0 |
|         i_lane_sequencer                                                             |                                 lane_sequencer |       2557 |       2557 |       0 |    0 |    930 |      0 |      0 |    0 |          0 |
|           (i_lane_sequencer)                                                         |                                 lane_sequencer |       1680 |       1680 |       0 |    0 |    627 |      0 |      0 |    0 |          0 |
|           i_pe_req_register                                                          |                          fall_through_register |        858 |        858 |       0 |    0 |    257 |      0 |      0 |    0 |          0 |
|             i_fifo                                                                   |                        fifo_v3__parameterized8 |        858 |        858 |       0 |    0 |    257 |      0 |      0 |    0 |          0 |
|           i_spill_register_vrgat_req                                                 |                spill_register__parameterized23 |         32 |         32 |       0 |    0 |     46 |      0 |      0 |    0 |          0 |
|             spill_register_flushable_i                                               |      spill_register_flushable__parameterized23 |         32 |         32 |       0 |    0 |     46 |      0 |      0 |    0 |          0 |
|         i_mask_ready_spill_register                                                  |           spill_register__parameterized22_1098 |         23 |         23 |       0 |    0 |     18 |      0 |      0 |    0 |          0 |
|           spill_register_flushable_i                                                 | spill_register_flushable__parameterized22_1177 |         23 |         23 |       0 |    0 |     18 |      0 |      0 |    0 |          0 |
|         i_operand_queues                                                             |                           operand_queues_stage |       3389 |       3389 |       0 |    0 |   3096 |      0 |      0 |    0 |          0 |
|           (i_operand_queues)                                                         |                           operand_queues_stage |          0 |          0 |       0 |    0 |      1 |      0 |      0 |    0 |          0 |
|           i_operand_queue_alu_a                                                      |                                  operand_queue |        496 |        496 |       0 |    0 |    449 |      0 |      0 |    0 |          0 |
|             (i_operand_queue_alu_a)                                                  |                                  operand_queue |         10 |         10 |       0 |    0 |     20 |      0 |      0 |    0 |          0 |
|             i_cmd_buffer                                                             |                   fifo_v3__parameterized9_1175 |        205 |        205 |       0 |    0 |     99 |      0 |      0 |    0 |          0 |
|             i_input_buffer                                                           |                  fifo_v3__parameterized10_1176 |        281 |        281 |       0 |    0 |    330 |      0 |      0 |    0 |          0 |
|           i_operand_queue_alu_b                                                      |                  operand_queue__parameterized0 |        659 |        659 |       0 |    0 |    449 |      0 |      0 |    0 |          0 |
|             (i_operand_queue_alu_b)                                                  |                  operand_queue__parameterized0 |         10 |         10 |       0 |    0 |     20 |      0 |      0 |    0 |          0 |
|             i_cmd_buffer                                                             |                   fifo_v3__parameterized9_1173 |        355 |        355 |       0 |    0 |     99 |      0 |      0 |    0 |          0 |
|             i_input_buffer                                                           |                  fifo_v3__parameterized10_1174 |        298 |        298 |       0 |    0 |    330 |      0 |      0 |    0 |          0 |
|           i_operand_queue_mask_b                                                     |                  operand_queue__parameterized5 |        446 |        446 |       0 |    0 |    285 |      0 |      0 |    0 |          0 |
|             (i_operand_queue_mask_b)                                                 |                  operand_queue__parameterized5 |         10 |         10 |       0 |    0 |     19 |      0 |      0 |    0 |          0 |
|             i_cmd_buffer                                                             |                       fifo_v3__parameterized13 |        189 |        189 |       0 |    0 |     67 |      0 |      0 |    0 |          0 |
|             i_input_buffer                                                           |                       fifo_v3__parameterized14 |        248 |        248 |       0 |    0 |    199 |      0 |      0 |    0 |          0 |
|           i_operand_queue_mask_m                                                     |                  operand_queue__parameterized6 |          9 |          9 |       0 |    0 |     68 |      0 |      0 |    0 |          0 |
|             (i_operand_queue_mask_m)                                                 |                  operand_queue__parameterized6 |          5 |          5 |       0 |    0 |      2 |      0 |      0 |    0 |          0 |
|             i_input_buffer                                                           |                       fifo_v3__parameterized16 |          4 |          4 |       0 |    0 |     66 |      0 |      0 |    0 |          0 |
|           i_operand_queue_mfpu_a                                                     |                  operand_queue__parameterized1 |        440 |        440 |       0 |    0 |    451 |      0 |      0 |    0 |          0 |
|             (i_operand_queue_mfpu_a)                                                 |                  operand_queue__parameterized1 |          9 |          9 |       0 |    0 |     18 |      0 |      0 |    0 |          0 |
|             i_cmd_buffer                                                             |                   fifo_v3__parameterized9_1171 |        237 |        237 |       0 |    0 |    103 |      0 |      0 |    0 |          0 |
|             i_input_buffer                                                           |                  fifo_v3__parameterized10_1172 |        201 |        201 |       0 |    0 |    330 |      0 |      0 |    0 |          0 |
|           i_operand_queue_mfpu_b                                                     |                  operand_queue__parameterized2 |        523 |        523 |       0 |    0 |    451 |      0 |      0 |    0 |          0 |
|             (i_operand_queue_mfpu_b)                                                 |                  operand_queue__parameterized2 |          9 |          9 |       0 |    0 |     18 |      0 |      0 |    0 |          0 |
|             i_cmd_buffer                                                             |                   fifo_v3__parameterized9_1169 |        284 |        284 |       0 |    0 |    103 |      0 |      0 |    0 |          0 |
|             i_input_buffer                                                           |                  fifo_v3__parameterized10_1170 |        236 |        236 |       0 |    0 |    330 |      0 |      0 |    0 |          0 |
|           i_operand_queue_mfpu_c                                                     |             operand_queue__parameterized2_1166 |        509 |        509 |       0 |    0 |    451 |      0 |      0 |    0 |          0 |
|             (i_operand_queue_mfpu_c)                                                 |             operand_queue__parameterized2_1166 |          9 |          9 |       0 |    0 |     18 |      0 |      0 |    0 |          0 |
|             i_cmd_buffer                                                             |                   fifo_v3__parameterized9_1168 |        273 |        273 |       0 |    0 |    103 |      0 |      0 |    0 |          0 |
|             i_input_buffer                                                           |                       fifo_v3__parameterized10 |        232 |        232 |       0 |    0 |    330 |      0 |      0 |    0 |          0 |
|           i_operand_queue_slide_addrgen_a                                            |                  operand_queue__parameterized4 |        152 |        152 |       0 |    0 |    234 |      0 |      0 |    0 |          0 |
|             (i_operand_queue_slide_addrgen_a)                                        |                  operand_queue__parameterized4 |          6 |          6 |       0 |    0 |     15 |      0 |      0 |    0 |          0 |
|             i_cmd_buffer                                                             |                        fifo_v3__parameterized9 |         83 |         83 |       0 |    0 |     87 |      0 |      0 |    0 |          0 |
|             i_input_buffer                                                           |                  fifo_v3__parameterized12_1167 |         63 |         63 |       0 |    0 |    132 |      0 |      0 |    0 |          0 |
|           i_operand_queue_st_mask_a                                                  |                  operand_queue__parameterized3 |        158 |        158 |       0 |    0 |    257 |      0 |      0 |    0 |          0 |
|             (i_operand_queue_st_mask_a)                                              |                  operand_queue__parameterized3 |         14 |         14 |       0 |    0 |     15 |      0 |      0 |    0 |          0 |
|             i_cmd_buffer                                                             |                       fifo_v3__parameterized11 |         83 |         83 |       0 |    0 |    110 |      0 |      0 |    0 |          0 |
|             i_input_buffer                                                           |                       fifo_v3__parameterized12 |         61 |         61 |       0 |    0 |    132 |      0 |      0 |    0 |          0 |
|         i_operand_requester                                                          |                              operand_requester |       2070 |       2070 |       0 |    0 |    745 |      0 |      0 |    0 |          0 |
|           (i_operand_requester)                                                      |                              operand_requester |        353 |        353 |       0 |    0 |    442 |      0 |      0 |    0 |          0 |
|           gen_vrf_arbiters[0].i_hp_vrf_arbiter                                       |                    rr_arb_tree__parameterized6 |         51 |         51 |       0 |    0 |      3 |      0 |      0 |    0 |          0 |
|           gen_vrf_arbiters[0].i_lp_vrf_arbiter                                       |               rr_arb_tree__parameterized6_1149 |         26 |         26 |       0 |    0 |      3 |      0 |      0 |    0 |          0 |
|           gen_vrf_arbiters[1].i_hp_vrf_arbiter                                       |               rr_arb_tree__parameterized6_1150 |         47 |         47 |       0 |    0 |      3 |      0 |      0 |    0 |          0 |
|           gen_vrf_arbiters[1].i_lp_vrf_arbiter                                       |               rr_arb_tree__parameterized6_1151 |         27 |         27 |       0 |    0 |      3 |      0 |      0 |    0 |          0 |
|           gen_vrf_arbiters[2].i_hp_vrf_arbiter                                       |               rr_arb_tree__parameterized6_1152 |        166 |        166 |       0 |    0 |      3 |      0 |      0 |    0 |          0 |
|           gen_vrf_arbiters[2].i_lp_vrf_arbiter                                       |               rr_arb_tree__parameterized6_1153 |         34 |         34 |       0 |    0 |      3 |      0 |      0 |    0 |          0 |
|           gen_vrf_arbiters[3].i_hp_vrf_arbiter                                       |               rr_arb_tree__parameterized6_1154 |         48 |         48 |       0 |    0 |      3 |      0 |      0 |    0 |          0 |
|           gen_vrf_arbiters[3].i_lp_vrf_arbiter                                       |               rr_arb_tree__parameterized6_1155 |         26 |         26 |       0 |    0 |      3 |      0 |      0 |    0 |          0 |
|           gen_vrf_arbiters[4].i_hp_vrf_arbiter                                       |               rr_arb_tree__parameterized6_1156 |         52 |         52 |       0 |    0 |      3 |      0 |      0 |    0 |          0 |
|           gen_vrf_arbiters[4].i_lp_vrf_arbiter                                       |               rr_arb_tree__parameterized6_1157 |         37 |         37 |       0 |    0 |      3 |      0 |      0 |    0 |          0 |
|           gen_vrf_arbiters[5].i_hp_vrf_arbiter                                       |               rr_arb_tree__parameterized6_1158 |         47 |         47 |       0 |    0 |      3 |      0 |      0 |    0 |          0 |
|           gen_vrf_arbiters[5].i_lp_vrf_arbiter                                       |               rr_arb_tree__parameterized6_1159 |         27 |         27 |       0 |    0 |      3 |      0 |      0 |    0 |          0 |
|           gen_vrf_arbiters[6].i_hp_vrf_arbiter                                       |               rr_arb_tree__parameterized6_1160 |         70 |         70 |       0 |    0 |      3 |      0 |      0 |    0 |          0 |
|           gen_vrf_arbiters[6].i_lp_vrf_arbiter                                       |               rr_arb_tree__parameterized6_1161 |         35 |         35 |       0 |    0 |      3 |      0 |      0 |    0 |          0 |
|           gen_vrf_arbiters[7].i_hp_vrf_arbiter                                       |               rr_arb_tree__parameterized6_1162 |         58 |         58 |       0 |    0 |      3 |      0 |      0 |    0 |          0 |
|           gen_vrf_arbiters[7].i_lp_vrf_arbiter                                       |               rr_arb_tree__parameterized6_1163 |         28 |         28 |       0 |    0 |      3 |      0 |      0 |    0 |          0 |
|           i_ldu_stream_register                                                      |                                stream_register |         12 |         12 |       0 |    0 |     85 |      0 |      0 |    0 |          0 |
|           i_masku_stream_register                                                    |                           stream_register_1164 |          4 |          4 |       0 |    0 |     85 |      0 |      0 |    0 |          0 |
|           i_sldu_stream_register                                                     |                           stream_register_1165 |        943 |        943 |       0 |    0 |     85 |      0 |      0 |    0 |          0 |
|         i_sldu_addrgen_arbiter                                                       |                       fifo_v3__parameterized17 |        126 |        126 |       0 |    0 |     26 |      0 |      0 |    0 |          0 |
|         i_vfus                                                                       |                               vector_fus_stage |      18748 |      18748 |       0 |    0 |   4840 |      0 |      0 |    0 |         52 |
|           i_valu                                                                     |                                           valu |       6913 |       6913 |       0 |    0 |   1030 |      0 |      0 |    0 |          0 |
|             (i_valu)                                                                 |                                           valu |       1460 |       1460 |       0 |    0 |    770 |      0 |      0 |    0 |          0 |
|             i_alu_reduction_spill_register                                           |           spill_register__parameterized25_1145 |       5365 |       5365 |       0 |    0 |    130 |      0 |      0 |    0 |          0 |
|               spill_register_flushable_i                                             | spill_register_flushable__parameterized25_1148 |       5365 |       5365 |       0 |    0 |    130 |      0 |      0 |    0 |          0 |
|             i_mask_operand_register                                                  |           spill_register__parameterized25_1146 |        149 |        149 |       0 |    0 |    130 |      0 |      0 |    0 |          0 |
|               spill_register_flushable_i                                             | spill_register_flushable__parameterized25_1147 |        149 |        149 |       0 |    0 |    130 |      0 |      0 |    0 |          0 |
|           i_vmfpu                                                                    |                                          vmfpu |      11836 |      11836 |       0 |    0 |   3810 |      0 |      0 |    0 |         52 |
|             (i_vmfpu)                                                                |                                          vmfpu |       1788 |       1788 |       0 |    0 |   1300 |      0 |      0 |    0 |          0 |
|             fpu_gen.i_fpnew_bulk                                                     |                                      fpnew_top |       5937 |       5937 |       0 |    0 |   1183 |      0 |      0 |    0 |          4 |
|               gen_operation_groups[0].i_opgroup_block                                |                            fpnew_opgroup_block |       3553 |       3553 |       0 |    0 |    658 |      0 |      0 |    0 |          4 |
|                 gen_parallel_slices[2].active_format.i_fmt_slice                     |                        fpnew_opgroup_fmt_slice |       3553 |       3553 |       0 |    0 |    658 |      0 |      0 |    0 |          4 |
|                   gen_num_lanes[0].active_lane.lane_instance.i_fma                   |                                      fpnew_fma |       1149 |       1149 |       0 |    0 |    184 |      0 |      0 |    0 |          1 |
|                   gen_num_lanes[1].active_lane.lane_instance.i_fma                   |                                 fpnew_fma_1142 |        754 |        754 |       0 |    0 |    158 |      0 |      0 |    0 |          1 |
|                   gen_num_lanes[2].active_lane.lane_instance.i_fma                   |                                 fpnew_fma_1143 |        860 |        860 |       0 |    0 |    158 |      0 |      0 |    0 |          1 |
|                   gen_num_lanes[3].active_lane.lane_instance.i_fma                   |                                 fpnew_fma_1144 |        840 |        840 |       0 |    0 |    158 |      0 |      0 |    0 |          1 |
|               gen_operation_groups[2].i_opgroup_block                                |            fpnew_opgroup_block__parameterized1 |        547 |        547 |       0 |    0 |    180 |      0 |      0 |    0 |          0 |
|                 gen_parallel_slices[2].active_format.i_fmt_slice                     |        fpnew_opgroup_fmt_slice__parameterized0 |        547 |        547 |       0 |    0 |    180 |      0 |      0 |    0 |          0 |
|                   gen_num_lanes[0].active_lane.lane_instance.i_noncomp               |                                  fpnew_noncomp |        149 |        149 |       0 |    0 |     51 |      0 |      0 |    0 |          0 |
|                   gen_num_lanes[1].active_lane.lane_instance.i_noncomp               |                             fpnew_noncomp_1139 |        146 |        146 |       0 |    0 |     43 |      0 |      0 |    0 |          0 |
|                   gen_num_lanes[2].active_lane.lane_instance.i_noncomp               |                             fpnew_noncomp_1140 |        155 |        155 |       0 |    0 |     43 |      0 |      0 |    0 |          0 |
|                   gen_num_lanes[3].active_lane.lane_instance.i_noncomp               |                             fpnew_noncomp_1141 |         98 |         98 |       0 |    0 |     43 |      0 |      0 |    0 |          0 |
|               gen_operation_groups[3].i_opgroup_block                                |            fpnew_opgroup_block__parameterized2 |       1842 |       1842 |       0 |    0 |    343 |      0 |      0 |    0 |          0 |
|                 gen_merged_slice.i_multifmt_slice                                    |                   fpnew_opgroup_multifmt_slice |       1842 |       1842 |       0 |    0 |    343 |      0 |      0 |    0 |          0 |
|                   gen_num_lanes[0].active_lane.lane_instance.i_fpnew_cast_multi      |                               fpnew_cast_multi |        808 |        808 |       0 |    0 |    103 |      0 |      0 |    0 |          0 |
|                   gen_num_lanes[1].active_lane.lane_instance.i_fpnew_cast_multi      |                          fpnew_cast_multi_1136 |        386 |        386 |       0 |    0 |     80 |      0 |      0 |    0 |          0 |
|                   gen_num_lanes[2].active_lane.lane_instance.i_fpnew_cast_multi      |                          fpnew_cast_multi_1137 |        324 |        324 |       0 |    0 |     80 |      0 |      0 |    0 |          0 |
|                   gen_num_lanes[3].active_lane.lane_instance.i_fpnew_cast_multi      |                          fpnew_cast_multi_1138 |        337 |        337 |       0 |    0 |     80 |      0 |      0 |    0 |          0 |
|               i_arbiter                                                              |                   rr_arb_tree__parameterized10 |         48 |         48 |       0 |    0 |      2 |      0 |      0 |    0 |          0 |
|             genblk1[0].i_simd_mul_gating_op_a                                        |                           power_gating_generic |         32 |         32 |       0 |    0 |      0 |      0 |      0 |    0 |          0 |
|             genblk1[0].i_simd_mul_gating_op_b                                        |                      power_gating_generic_1121 |         32 |         32 |       0 |    0 |      0 |      0 |      0 |    0 |          0 |
|             genblk1[0].i_simd_mul_gating_op_c                                        |                      power_gating_generic_1122 |         10 |         10 |       0 |    0 |      0 |      0 |      0 |    0 |          0 |
|             genblk1[1].i_simd_mul_gating_op_a                                        |                      power_gating_generic_1123 |         32 |         32 |       0 |    0 |      0 |      0 |      0 |    0 |          0 |
|             genblk1[1].i_simd_mul_gating_op_b                                        |                      power_gating_generic_1124 |         32 |         32 |       0 |    0 |      0 |      0 |      0 |    0 |          0 |
|             genblk1[1].i_simd_mul_gating_op_c                                        |                      power_gating_generic_1125 |         32 |         32 |       0 |    0 |      0 |      0 |      0 |    0 |          0 |
|             genblk1[2].i_simd_mul_gating_op_a                                        |                      power_gating_generic_1126 |         32 |         32 |       0 |    0 |      0 |      0 |      0 |    0 |          0 |
|             genblk1[2].i_simd_mul_gating_op_b                                        |                      power_gating_generic_1127 |         32 |         32 |       0 |    0 |      0 |      0 |      0 |    0 |          0 |
|             genblk1[2].i_simd_mul_gating_op_c                                        |                      power_gating_generic_1128 |         32 |         32 |       0 |    0 |      0 |      0 |      0 |    0 |          0 |
|             genblk1[3].i_simd_mul_gating_op_a                                        |                      power_gating_generic_1129 |         32 |         32 |       0 |    0 |      0 |      0 |      0 |    0 |          0 |
|             genblk1[3].i_simd_mul_gating_op_b                                        |                      power_gating_generic_1130 |         32 |         32 |       0 |    0 |      0 |      0 |      0 |    0 |          0 |
|             genblk1[3].i_simd_mul_gating_op_c                                        |                      power_gating_generic_1131 |         32 |         32 |       0 |    0 |      0 |      0 |      0 |    0 |          0 |
|             i_mask_operand_register                                                  |           spill_register__parameterized25_1132 |        163 |        163 |       0 |    0 |    130 |      0 |      0 |    0 |          0 |
|               spill_register_flushable_i                                             | spill_register_flushable__parameterized25_1135 |        163 |        163 |       0 |    0 |    130 |      0 |      0 |    0 |          0 |
|             i_mfpu_reduction_spill_register                                          |           spill_register__parameterized25_1133 |        380 |        380 |       0 |    0 |    130 |      0 |      0 |    0 |          0 |
|               spill_register_flushable_i                                             | spill_register_flushable__parameterized25_1134 |        380 |        380 |       0 |    0 |    130 |      0 |      0 |    0 |          0 |
|             i_simd_div                                                               |                                       simd_div |       1413 |       1413 |       0 |    0 |    439 |      0 |      0 |    0 |          0 |
|               (i_simd_div)                                                           |                                       simd_div |        403 |        403 |       0 |    0 |    232 |      0 |      0 |    0 |          0 |
|               i_serdiv                                                               |                                         serdiv |       1016 |       1016 |       0 |    0 |    207 |      0 |      0 |    0 |          0 |
|             i_simd_mul_ew16                                                          |                       simd_mul__parameterized1 |        244 |        244 |       0 |    0 |    209 |      0 |      0 |    0 |          8 |
|             i_simd_mul_ew32                                                          |                       simd_mul__parameterized0 |        400 |        400 |       0 |    0 |    209 |      0 |      0 |    0 |          8 |
|             i_simd_mul_ew64                                                          |                                       simd_mul |        892 |        892 |       0 |    0 |    210 |      0 |      0 |    0 |         16 |
|             i_simd_mul_ew8                                                           |                       simd_mul__parameterized2 |        309 |        309 |       0 |    0 |      0 |      0 |      0 |    0 |         16 |
|         i_vrf                                                                        |                                 vector_regfile |       2279 |       2279 |       0 |    0 |     67 |     16 |      0 |    0 |          0 |
|           (i_vrf)                                                                    |                                 vector_regfile |         53 |         53 |       0 |    0 |     40 |      0 |      0 |    0 |          0 |
|           gen_banks[0].data_sram                                                     |                        tc_sram__parameterized1 |         34 |         34 |       0 |    0 |      0 |      2 |      0 |    0 |          0 |
|             (gen_banks[0].data_sram)                                                 |                        tc_sram__parameterized1 |          4 |          4 |       0 |    0 |      0 |      0 |      0 |    0 |          0 |
|             gen_1_ports.i_xpm_memory_spram                                           |          xpm_memory_spram__parameterized1_1120 |         30 |         30 |       0 |    0 |      0 |      2 |      0 |    0 |          0 |
|               xpm_memory_base_inst                                                   |            xpm_memory_base__parameterized1__31 |         30 |         30 |       0 |    0 |      0 |      2 |      0 |    0 |          0 |
|           gen_banks[1].data_sram                                                     |                   tc_sram__parameterized1_1099 |         34 |         34 |       0 |    0 |      0 |      2 |      0 |    0 |          0 |
|             (gen_banks[1].data_sram)                                                 |                   tc_sram__parameterized1_1099 |          4 |          4 |       0 |    0 |      0 |      0 |      0 |    0 |          0 |
|             gen_1_ports.i_xpm_memory_spram                                           |          xpm_memory_spram__parameterized1_1119 |         30 |         30 |       0 |    0 |      0 |      2 |      0 |    0 |          0 |
|               xpm_memory_base_inst                                                   |            xpm_memory_base__parameterized1__30 |         30 |         30 |       0 |    0 |      0 |      2 |      0 |    0 |          0 |
|           gen_banks[2].data_sram                                                     |                   tc_sram__parameterized1_1100 |         34 |         34 |       0 |    0 |      0 |      2 |      0 |    0 |          0 |
|             (gen_banks[2].data_sram)                                                 |                   tc_sram__parameterized1_1100 |          4 |          4 |       0 |    0 |      0 |      0 |      0 |    0 |          0 |
|             gen_1_ports.i_xpm_memory_spram                                           |          xpm_memory_spram__parameterized1_1118 |         30 |         30 |       0 |    0 |      0 |      2 |      0 |    0 |          0 |
|               xpm_memory_base_inst                                                   |            xpm_memory_base__parameterized1__29 |         30 |         30 |       0 |    0 |      0 |      2 |      0 |    0 |          0 |
|           gen_banks[3].data_sram                                                     |                   tc_sram__parameterized1_1101 |         34 |         34 |       0 |    0 |      0 |      2 |      0 |    0 |          0 |
|             (gen_banks[3].data_sram)                                                 |                   tc_sram__parameterized1_1101 |          4 |          4 |       0 |    0 |      0 |      0 |      0 |    0 |          0 |
|             gen_1_ports.i_xpm_memory_spram                                           |          xpm_memory_spram__parameterized1_1117 |         30 |         30 |       0 |    0 |      0 |      2 |      0 |    0 |          0 |
|               xpm_memory_base_inst                                                   |            xpm_memory_base__parameterized1__28 |         30 |         30 |       0 |    0 |      0 |      2 |      0 |    0 |          0 |
|           gen_banks[4].data_sram                                                     |                   tc_sram__parameterized1_1102 |         34 |         34 |       0 |    0 |      0 |      2 |      0 |    0 |          0 |
|             (gen_banks[4].data_sram)                                                 |                   tc_sram__parameterized1_1102 |          4 |          4 |       0 |    0 |      0 |      0 |      0 |    0 |          0 |
|             gen_1_ports.i_xpm_memory_spram                                           |          xpm_memory_spram__parameterized1_1116 |         30 |         30 |       0 |    0 |      0 |      2 |      0 |    0 |          0 |
|               xpm_memory_base_inst                                                   |            xpm_memory_base__parameterized1__27 |         30 |         30 |       0 |    0 |      0 |      2 |      0 |    0 |          0 |
|           gen_banks[5].data_sram                                                     |                   tc_sram__parameterized1_1103 |         34 |         34 |       0 |    0 |      0 |      2 |      0 |    0 |          0 |
|             (gen_banks[5].data_sram)                                                 |                   tc_sram__parameterized1_1103 |          4 |          4 |       0 |    0 |      0 |      0 |      0 |    0 |          0 |
|             gen_1_ports.i_xpm_memory_spram                                           |          xpm_memory_spram__parameterized1_1115 |         30 |         30 |       0 |    0 |      0 |      2 |      0 |    0 |          0 |
|               xpm_memory_base_inst                                                   |            xpm_memory_base__parameterized1__26 |         30 |         30 |       0 |    0 |      0 |      2 |      0 |    0 |          0 |
|           gen_banks[6].data_sram                                                     |                   tc_sram__parameterized1_1104 |         34 |         34 |       0 |    0 |      0 |      2 |      0 |    0 |          0 |
|             (gen_banks[6].data_sram)                                                 |                   tc_sram__parameterized1_1104 |          4 |          4 |       0 |    0 |      0 |      0 |      0 |    0 |          0 |
|             gen_1_ports.i_xpm_memory_spram                                           |          xpm_memory_spram__parameterized1_1114 |         30 |         30 |       0 |    0 |      0 |      2 |      0 |    0 |          0 |
|               xpm_memory_base_inst                                                   |            xpm_memory_base__parameterized1__25 |         30 |         30 |       0 |    0 |      0 |      2 |      0 |    0 |          0 |
|           gen_banks[7].data_sram                                                     |                   tc_sram__parameterized1_1105 |         34 |         34 |       0 |    0 |      0 |      2 |      0 |    0 |          0 |
|             (gen_banks[7].data_sram)                                                 |                   tc_sram__parameterized1_1105 |          4 |          4 |       0 |    0 |      0 |      0 |      0 |    0 |          0 |
|             gen_1_ports.i_xpm_memory_spram                                           |               xpm_memory_spram__parameterized1 |         30 |         30 |       0 |    0 |      0 |      2 |      0 |    0 |          0 |
|               xpm_memory_base_inst                                                   |            xpm_memory_base__parameterized1__24 |         30 |         30 |       0 |    0 |      0 |      2 |      0 |    0 |          0 |
|           i_vrf_mux                                                                  |                    stream_xbar__parameterized1 |       1954 |       1954 |       0 |    0 |     27 |      0 |      0 |    0 |          0 |
|             gen_outs[0].i_rr_arb_tree                                                |                    rr_arb_tree__parameterized8 |        219 |        219 |       0 |    0 |      3 |      0 |      0 |    0 |          0 |
|             gen_outs[1].i_rr_arb_tree                                                |               rr_arb_tree__parameterized8_1106 |        219 |        219 |       0 |    0 |      3 |      0 |      0 |    0 |          0 |
|             gen_outs[2].i_rr_arb_tree                                                |               rr_arb_tree__parameterized8_1107 |        219 |        219 |       0 |    0 |      3 |      0 |      0 |    0 |          0 |
|             gen_outs[3].i_rr_arb_tree                                                |               rr_arb_tree__parameterized8_1108 |        217 |        217 |       0 |    0 |      3 |      0 |      0 |    0 |          0 |
|             gen_outs[4].i_rr_arb_tree                                                |               rr_arb_tree__parameterized8_1109 |        219 |        219 |       0 |    0 |      3 |      0 |      0 |    0 |          0 |
|             gen_outs[5].i_rr_arb_tree                                                |               rr_arb_tree__parameterized8_1110 |        215 |        215 |       0 |    0 |      3 |      0 |      0 |    0 |          0 |
|             gen_outs[6].i_rr_arb_tree                                                |               rr_arb_tree__parameterized8_1111 |        219 |        219 |       0 |    0 |      3 |      0 |      0 |    0 |          0 |
|             gen_outs[7].i_rr_arb_tree                                                |               rr_arb_tree__parameterized8_1112 |        213 |        213 |       0 |    0 |      3 |      0 |      0 |    0 |          0 |
|             gen_outs[8].i_rr_arb_tree                                                |               rr_arb_tree__parameterized8_1113 |        215 |        215 |       0 |    0 |      3 |      0 |      0 |    0 |          0 |
|       i_dispatcher                                                                   |                                 ara_dispatcher |       1432 |       1432 |       0 |    0 |    605 |      0 |      0 |    0 |          0 |
|         (i_dispatcher)                                                               |                                 ara_dispatcher |       1007 |       1007 |       0 |    0 |    437 |      0 |      0 |    0 |          0 |
|         i_segment_sequencer                                                          |                              segment_sequencer |        426 |        426 |       0 |    0 |    168 |      0 |      0 |    0 |          0 |
|           (i_segment_sequencer)                                                      |                              segment_sequencer |        329 |        329 |       0 |    0 |    152 |      0 |      0 |    0 |          0 |
|           gen_segment_support.i_segment_cnt                                          |                   counter__parameterized3_1096 |         33 |         33 |       0 |    0 |      3 |      0 |      0 |    0 |          0 |
|             i_counter                                                                |             delta_counter__parameterized3_1097 |         33 |         33 |       0 |    0 |      3 |      0 |      0 |    0 |          0 |
|           gen_segment_support.i_vstart_cnt                                           |                        counter__parameterized5 |         64 |         64 |       0 |    0 |     13 |      0 |      0 |    0 |          0 |
|             i_counter                                                                |                  delta_counter__parameterized5 |         64 |         64 |       0 |    0 |     13 |      0 |      0 |    0 |          0 |
|       i_masku                                                                        |                                          masku |      23572 |      23572 |       0 |    0 |   2407 |      0 |      0 |    0 |          0 |
|         (i_masku)                                                                    |                                          masku |       8754 |       8754 |       0 |    0 |   1230 |      0 |      0 |    0 |          0 |
|         i_fifo_vrgat_idx                                                             |                       fifo_v3__parameterized20 |        913 |        913 |       0 |    0 |     28 |      0 |      0 |    0 |          0 |
|         i_fifo_vrgat_req                                                             |                       fifo_v3__parameterized21 |        130 |        130 |       0 |    0 |     73 |      0 |      0 |    0 |          0 |
|         i_in_m_ready_cnt                                                             |             delta_counter__parameterized6_1076 |         22 |         22 |       0 |    0 |      8 |      0 |      0 |    0 |          0 |
|         i_in_ready_cnt                                                               |             delta_counter__parameterized6_1077 |        340 |        340 |       0 |    0 |     10 |      0 |      0 |    0 |          0 |
|         i_iteration_cnt                                                              |             delta_counter__parameterized2_1078 |         41 |         41 |       0 |    0 |      7 |      0 |      0 |    0 |          0 |
|         i_masku_operands                                                             |                                 masku_operands |      11594 |      11594 |       0 |    0 |   1040 |      0 |      0 |    0 |          0 |
|           gen_masku_operands_spill_regs[0].i_spill_register_m                        |           spill_register__parameterized25_1080 |       2109 |       2109 |       0 |    0 |    130 |      0 |      0 |    0 |          0 |
|             spill_register_flushable_i                                               | spill_register_flushable__parameterized25_1095 |       2109 |       2109 |       0 |    0 |    130 |      0 |      0 |    0 |          0 |
|           gen_masku_operands_spill_regs[0].i_spill_register_vd                       |           spill_register__parameterized25_1081 |        247 |        247 |       0 |    0 |    130 |      0 |      0 |    0 |          0 |
|             spill_register_flushable_i                                               | spill_register_flushable__parameterized25_1094 |        247 |        247 |       0 |    0 |    130 |      0 |      0 |    0 |          0 |
|           gen_masku_operands_spill_regs[1].i_spill_register_m                        |           spill_register__parameterized25_1082 |        577 |        577 |       0 |    0 |    130 |      0 |      0 |    0 |          0 |
|             spill_register_flushable_i                                               | spill_register_flushable__parameterized25_1093 |        577 |        577 |       0 |    0 |    130 |      0 |      0 |    0 |          0 |
|           gen_masku_operands_spill_regs[1].i_spill_register_vd                       |           spill_register__parameterized25_1083 |        406 |        406 |       0 |    0 |    130 |      0 |      0 |    0 |          0 |
|             spill_register_flushable_i                                               | spill_register_flushable__parameterized25_1092 |        406 |        406 |       0 |    0 |    130 |      0 |      0 |    0 |          0 |
|           gen_masku_operands_spill_regs[2].i_spill_register_m                        |           spill_register__parameterized25_1084 |       3306 |       3306 |       0 |    0 |    130 |      0 |      0 |    0 |          0 |
|             spill_register_flushable_i                                               | spill_register_flushable__parameterized25_1091 |       3306 |       3306 |       0 |    0 |    130 |      0 |      0 |    0 |          0 |
|           gen_masku_operands_spill_regs[2].i_spill_register_vd                       |           spill_register__parameterized25_1085 |        343 |        343 |       0 |    0 |    130 |      0 |      0 |    0 |          0 |
|             spill_register_flushable_i                                               | spill_register_flushable__parameterized25_1090 |        343 |        343 |       0 |    0 |    130 |      0 |      0 |    0 |          0 |
|           gen_masku_operands_spill_regs[3].i_spill_register_m                        |           spill_register__parameterized25_1086 |       1784 |       1784 |       0 |    0 |    130 |      0 |      0 |    0 |          0 |
|             spill_register_flushable_i                                               | spill_register_flushable__parameterized25_1089 |       1784 |       1784 |       0 |    0 |    130 |      0 |      0 |    0 |          0 |
|           gen_masku_operands_spill_regs[3].i_spill_register_vd                       |           spill_register__parameterized25_1087 |       3496 |       3496 |       0 |    0 |    130 |      0 |      0 |    0 |          0 |
|             spill_register_flushable_i                                               | spill_register_flushable__parameterized25_1088 |       3496 |       3496 |       0 |    0 |    130 |      0 |      0 |    0 |          0 |
|         i_out_valid_cnt                                                              |             delta_counter__parameterized6_1079 |       1939 |       1939 |       0 |    0 |     11 |      0 |      0 |    0 |          0 |
|         i_popcount                                                                   |                       popcount__parameterized1 |          4 |          4 |       0 |    0 |      0 |      0 |      0 |    0 |          0 |
|       i_sequencer                                                                    |                                  ara_sequencer |       2072 |       2072 |       0 |    0 |    677 |      0 |      0 |    0 |          0 |
|         (i_sequencer)                                                                |                                  ara_sequencer |       2049 |       2049 |       0 |    0 |    659 |      0 |      0 |    0 |          0 |
|         gen_seq_fu_cnt[0].i_insn_queue_cnt                                           |                   counter__parameterized3_1064 |          3 |          3 |       0 |    0 |      3 |      0 |      0 |    0 |          0 |
|           i_counter                                                                  |             delta_counter__parameterized3_1075 |          3 |          3 |       0 |    0 |      3 |      0 |      0 |    0 |          0 |
|         gen_seq_fu_cnt[1].i_insn_queue_cnt                                           |                   counter__parameterized3_1065 |          4 |          4 |       0 |    0 |      3 |      0 |      0 |    0 |          0 |
|           i_counter                                                                  |             delta_counter__parameterized3_1074 |          4 |          4 |       0 |    0 |      3 |      0 |      0 |    0 |          0 |
|         gen_seq_fu_cnt[2].i_insn_queue_cnt                                           |                   counter__parameterized3_1066 |          3 |          3 |       0 |    0 |      3 |      0 |      0 |    0 |          0 |
|           i_counter                                                                  |             delta_counter__parameterized3_1073 |          3 |          3 |       0 |    0 |      3 |      0 |      0 |    0 |          0 |
|         gen_seq_fu_cnt[3].i_insn_queue_cnt                                           |                   counter__parameterized3_1067 |          3 |          3 |       0 |    0 |      3 |      0 |      0 |    0 |          0 |
|           i_counter                                                                  |             delta_counter__parameterized3_1072 |          3 |          3 |       0 |    0 |      3 |      0 |      0 |    0 |          0 |
|         gen_seq_fu_cnt[4].i_insn_queue_cnt                                           |                   counter__parameterized3_1068 |          3 |          3 |       0 |    0 |      3 |      0 |      0 |    0 |          0 |
|           i_counter                                                                  |             delta_counter__parameterized3_1071 |          3 |          3 |       0 |    0 |      3 |      0 |      0 |    0 |          0 |
|         gen_seq_fu_cnt[5].i_insn_queue_cnt                                           |                   counter__parameterized3_1069 |          7 |          7 |       0 |    0 |      3 |      0 |      0 |    0 |          0 |
|           i_counter                                                                  |             delta_counter__parameterized3_1070 |          7 |          7 |       0 |    0 |      3 |      0 |      0 |    0 |          0 |
|       i_sldu                                                                         |                                           sldu |       7922 |       7922 |       0 |    0 |   1777 |      0 |      0 |    0 |          0 |
|         (i_sldu)                                                                     |                                           sldu |       1183 |       1183 |       0 |    0 |   1173 |      0 |      0 |    0 |          0 |
|         genblk1[0].i_sldu_spill_register                                             |                spill_register__parameterized25 |       1103 |       1103 |       0 |    0 |    130 |      0 |      0 |    0 |          0 |
|           spill_register_flushable_i                                                 | spill_register_flushable__parameterized25_1063 |       1103 |       1103 |       0 |    0 |    130 |      0 |      0 |    0 |          0 |
|         genblk1[1].i_sldu_spill_register                                             |           spill_register__parameterized25_1051 |       1801 |       1801 |       0 |    0 |    130 |      0 |      0 |    0 |          0 |
|           spill_register_flushable_i                                                 | spill_register_flushable__parameterized25_1062 |       1801 |       1801 |       0 |    0 |    130 |      0 |      0 |    0 |          0 |
|         genblk1[2].i_sldu_spill_register                                             |           spill_register__parameterized25_1052 |       1035 |       1035 |       0 |    0 |    130 |      0 |      0 |    0 |          0 |
|           spill_register_flushable_i                                                 | spill_register_flushable__parameterized25_1061 |       1035 |       1035 |       0 |    0 |    130 |      0 |      0 |    0 |          0 |
|         genblk1[3].i_sldu_spill_register                                             |           spill_register__parameterized25_1053 |       1188 |       1188 |       0 |    0 |    130 |      0 |      0 |    0 |          0 |
|           spill_register_flushable_i                                                 |      spill_register_flushable__parameterized25 |       1188 |       1188 |       0 |    0 |    130 |      0 |      0 |    0 |          0 |
|         genblk2[0].i_mask_operand_register                                           |                spill_register__parameterized22 |        127 |        127 |       0 |    0 |     18 |      0 |      0 |    0 |          0 |
|           spill_register_flushable_i                                                 | spill_register_flushable__parameterized22_1060 |        127 |        127 |       0 |    0 |     18 |      0 |      0 |    0 |          0 |
|         genblk2[1].i_mask_operand_register                                           |           spill_register__parameterized22_1054 |         32 |         32 |       0 |    0 |     18 |      0 |      0 |    0 |          0 |
|           spill_register_flushable_i                                                 | spill_register_flushable__parameterized22_1059 |         32 |         32 |       0 |    0 |     18 |      0 |      0 |    0 |          0 |
|         genblk2[2].i_mask_operand_register                                           |           spill_register__parameterized22_1055 |        106 |        106 |       0 |    0 |     18 |      0 |      0 |    0 |          0 |
|           spill_register_flushable_i                                                 | spill_register_flushable__parameterized22_1058 |        106 |        106 |       0 |    0 |     18 |      0 |      0 |    0 |          0 |
|         genblk2[3].i_mask_operand_register                                           |           spill_register__parameterized22_1056 |        180 |        180 |       0 |    0 |     18 |      0 |      0 |    0 |          0 |
|           spill_register_flushable_i                                                 | spill_register_flushable__parameterized22_1057 |        180 |        180 |       0 |    0 |     18 |      0 |      0 |    0 |          0 |
|         i_p2_stride_gen                                                              |                                  p2_stride_gen |       1421 |       1421 |       0 |    0 |     12 |      0 |      0 |    0 |          0 |
|       i_vlsu                                                                         |                                           vlsu |      17811 |      17811 |       0 |    0 |   3244 |      0 |      0 |    0 |          4 |
|         (i_vlsu)                                                                     |                                           vlsu |          4 |          4 |       0 |    0 |      1 |      0 |      0 |    0 |          0 |
|         i_addrgen                                                                    |                                        addrgen |       2379 |       2379 |       0 |    0 |    830 |      0 |      0 |    0 |          3 |
|           (i_addrgen)                                                                |                                        addrgen |       1168 |       1168 |       0 |    0 |    593 |      0 |      0 |    0 |          3 |
|           i_addrgen_idx_op_spill_reg                                                 |      spill_register_flushable__parameterized30 |        931 |        931 |       0 |    0 |     98 |      0 |      0 |    0 |          0 |
|           i_addrgen_req_queue                                                        |                       fifo_v3__parameterized18 |        287 |        287 |       0 |    0 |    139 |      0 |      0 |    0 |          0 |
|         i_axi_cut                                                                    |                        axi_cut__parameterized0 |       1133 |       1133 |       0 |    0 |    802 |      0 |      0 |    0 |          0 |
|           i_reg_ar                                                                   |           spill_register__parameterized28_1041 |        332 |        332 |       0 |    0 |    125 |      0 |      0 |    0 |          0 |
|             spill_register_flushable_i                                               | spill_register_flushable__parameterized28_1050 |        332 |        332 |       0 |    0 |    125 |      0 |      0 |    0 |          0 |
|           i_reg_aw                                                                   |           spill_register__parameterized26_1042 |        300 |        300 |       0 |    0 |    124 |      0 |      0 |    0 |          0 |
|             spill_register_flushable_i                                               | spill_register_flushable__parameterized26_1049 |        300 |        300 |       0 |    0 |    124 |      0 |      0 |    0 |          0 |
|           i_reg_b                                                                    |           spill_register__parameterized27_1043 |          0 |          0 |       0 |    0 |      1 |      0 |      0 |    0 |          0 |
|             spill_register_flushable_i                                               | spill_register_flushable__parameterized27_1048 |          0 |          0 |       0 |    0 |      1 |      0 |      0 |    0 |          0 |
|           i_reg_r                                                                    |           spill_register__parameterized29_1044 |        396 |        396 |       0 |    0 |    260 |      0 |      0 |    0 |          0 |
|             spill_register_flushable_i                                               | spill_register_flushable__parameterized29_1047 |        396 |        396 |       0 |    0 |    260 |      0 |      0 |    0 |          0 |
|           i_reg_w                                                                    |            spill_register__parameterized2_1045 |        108 |        108 |       0 |    0 |    292 |      0 |      0 |    0 |          0 |
|             spill_register_flushable_i                                               |  spill_register_flushable__parameterized2_1046 |        108 |        108 |       0 |    0 |    292 |      0 |      0 |    0 |          0 |
|         i_vldu                                                                       |                                           vldu |      11659 |      11659 |       0 |    0 |   1058 |      0 |      0 |    0 |          0 |
|           (i_vldu)                                                                   |                                           vldu |       9875 |       9875 |       0 |    0 |    986 |      0 |      0 |    0 |          0 |
|           genblk1[0].i_vldu_mask_register                                            | spill_register_flushable__parameterized22_1037 |        172 |        172 |       0 |    0 |     18 |      0 |      0 |    0 |          0 |
|           genblk1[1].i_vldu_mask_register                                            | spill_register_flushable__parameterized22_1038 |        642 |        642 |       0 |    0 |     18 |      0 |      0 |    0 |          0 |
|           genblk1[2].i_vldu_mask_register                                            | spill_register_flushable__parameterized22_1039 |        998 |        998 |       0 |    0 |     18 |      0 |      0 |    0 |          0 |
|           genblk1[3].i_vldu_mask_register                                            | spill_register_flushable__parameterized22_1040 |         36 |         36 |       0 |    0 |     18 |      0 |      0 |    0 |          0 |
|         i_vstu                                                                       |                                           vstu |       2678 |       2678 |       0 |    0 |    553 |      0 |      0 |    0 |          1 |
|           (i_vstu)                                                                   |                                           vstu |        901 |        901 |       0 |    0 |    217 |      0 |      0 |    0 |          1 |
|           gen_regs[0].i_register                                                     |          fall_through_register__parameterized0 |       1343 |       1343 |       0 |    0 |     66 |      0 |      0 |    0 |          0 |
|             i_fifo                                                                   |                  fifo_v3__parameterized19_1036 |       1343 |       1343 |       0 |    0 |     66 |      0 |      0 |    0 |          0 |
|           gen_regs[1].i_register                                                     |     fall_through_register__parameterized0_1028 |         67 |         67 |       0 |    0 |     66 |      0 |      0 |    0 |          0 |
|             i_fifo                                                                   |                  fifo_v3__parameterized19_1035 |         67 |         67 |       0 |    0 |     66 |      0 |      0 |    0 |          0 |
|           gen_regs[2].i_register                                                     |     fall_through_register__parameterized0_1029 |         68 |         68 |       0 |    0 |     66 |      0 |      0 |    0 |          0 |
|             i_fifo                                                                   |                  fifo_v3__parameterized19_1034 |         68 |         68 |       0 |    0 |     66 |      0 |      0 |    0 |          0 |
|           gen_regs[3].i_register                                                     |     fall_through_register__parameterized0_1030 |        100 |        100 |       0 |    0 |     66 |      0 |      0 |    0 |          0 |
|             i_fifo                                                                   |                       fifo_v3__parameterized19 |        100 |        100 |       0 |    0 |     66 |      0 |      0 |    0 |          0 |
|           genblk2[0].i_vstu_mask_register                                            |      spill_register_flushable__parameterized22 |        175 |        175 |       0 |    0 |     18 |      0 |      0 |    0 |          0 |
|           genblk2[1].i_vstu_mask_register                                            | spill_register_flushable__parameterized22_1031 |          8 |          8 |       0 |    0 |     18 |      0 |      0 |    0 |          0 |
|           genblk2[2].i_vstu_mask_register                                            | spill_register_flushable__parameterized22_1032 |          9 |          9 |       0 |    0 |     18 |      0 |      0 |    0 |          0 |
|           genblk2[3].i_vstu_mask_register                                            | spill_register_flushable__parameterized22_1033 |          9 |          9 |       0 |    0 |     18 |      0 |      0 |    0 |          0 |
|     gen_cva6_cores[0].gen_ara.i_ara_axi_inval_filter                                 |                               axi_inval_filter |        166 |        166 |       0 |    0 |    164 |      0 |      0 |    0 |          0 |
|       (gen_cva6_cores[0].gen_ara.i_ara_axi_inval_filter)                             |                               axi_inval_filter |          0 |          0 |       0 |    0 |     49 |      0 |      0 |    0 |          0 |
|       i_aw_fifo                                                                      |                       fifo_v3__parameterized22 |        166 |        166 |       0 |    0 |    115 |      0 |      0 |    0 |          0 |
|     gen_cva6_cores[0].i_axi_id_serialize                                             |                               axi_id_serialize |        804 |        804 |       0 |    0 |    613 |      0 |      0 |    0 |          0 |
|       gen_serializers[0].i_axi_serializer                                            |                                 axi_serializer |         15 |         15 |       0 |    0 |     22 |      0 |      0 |    0 |          0 |
|         i_rd_id_fifo                                                                 |                  fifo_v3__parameterized23_1023 |          8 |          8 |       0 |    0 |     11 |      0 |      0 |    0 |          0 |
|         i_wr_id_fifo                                                                 |                  fifo_v3__parameterized23_1024 |          7 |          7 |       0 |    0 |     11 |      0 |      0 |    0 |          0 |
|       gen_serializers[1].i_axi_serializer                                            |                            axi_serializer_1001 |         15 |         15 |       0 |    0 |     22 |      0 |      0 |    0 |          0 |
|         i_rd_id_fifo                                                                 |                  fifo_v3__parameterized23_1021 |          8 |          8 |       0 |    0 |     11 |      0 |      0 |    0 |          0 |
|         i_wr_id_fifo                                                                 |                  fifo_v3__parameterized23_1022 |          7 |          7 |       0 |    0 |     11 |      0 |      0 |    0 |          0 |
|       gen_serializers[2].i_axi_serializer                                            |                            axi_serializer_1002 |         15 |         15 |       0 |    0 |     22 |      0 |      0 |    0 |          0 |
|         i_rd_id_fifo                                                                 |                  fifo_v3__parameterized23_1019 |          8 |          8 |       0 |    0 |     11 |      0 |      0 |    0 |          0 |
|         i_wr_id_fifo                                                                 |                  fifo_v3__parameterized23_1020 |          7 |          7 |       0 |    0 |     11 |      0 |      0 |    0 |          0 |
|       gen_serializers[3].i_axi_serializer                                            |                            axi_serializer_1003 |         16 |         16 |       0 |    0 |     22 |      0 |      0 |    0 |          0 |
|         i_rd_id_fifo                                                                 |                       fifo_v3__parameterized23 |          9 |          9 |       0 |    0 |     11 |      0 |      0 |    0 |          0 |
|         i_wr_id_fifo                                                                 |                  fifo_v3__parameterized23_1018 |          7 |          7 |       0 |    0 |     11 |      0 |      0 |    0 |          0 |
|       i_axi_demux                                                                    |                      axi_demux__parameterized0 |        147 |        147 |       0 |    0 |    268 |      0 |      0 |    0 |          0 |
|         i_ar_sel_spill_reg                                                           |                spill_register__parameterized31 |          6 |          6 |       0 |    0 |      6 |      0 |      0 |    0 |          0 |
|           spill_register_flushable_i                                                 | spill_register_flushable__parameterized32_1017 |          6 |          6 |       0 |    0 |      6 |      0 |      0 |    0 |          0 |
|         i_ar_spill_reg                                                               |            spill_register__parameterized6_1004 |         31 |         31 |       0 |    0 |    110 |      0 |      0 |    0 |          0 |
|           spill_register_flushable_i                                                 |  spill_register_flushable__parameterized6_1016 |         31 |         31 |       0 |    0 |    110 |      0 |      0 |    0 |          0 |
|         i_aw_select_spill_reg                                                        |           spill_register__parameterized31_1005 |          7 |          7 |       0 |    0 |      6 |      0 |      0 |    0 |          0 |
|           spill_register_flushable_i                                                 |      spill_register_flushable__parameterized32 |          7 |          7 |       0 |    0 |      6 |      0 |      0 |    0 |          0 |
|         i_aw_spill_reg                                                               |            spill_register__parameterized4_1006 |         31 |         31 |       0 |    0 |    108 |      0 |      0 |    0 |          0 |
|           spill_register_flushable_i                                                 |  spill_register_flushable__parameterized4_1015 |         31 |         31 |       0 |    0 |    108 |      0 |      0 |    0 |          0 |
|         i_demux_simple                                                               |               axi_demux_simple__parameterized0 |         72 |         72 |       0 |    0 |     38 |      0 |      0 |    0 |          0 |
|           (i_demux_simple)                                                           |               axi_demux_simple__parameterized0 |          0 |          0 |       0 |    0 |      4 |      0 |      0 |    0 |          0 |
|           gen_ar_id_counter.i_ar_id_counter                                          |          axi_demux_id_counters__parameterized0 |         31 |         31 |       0 |    0 |     12 |      0 |      0 |    0 |          0 |
|             (gen_ar_id_counter.i_ar_id_counter)                                      |          axi_demux_id_counters__parameterized0 |          0 |          0 |       0 |    0 |      4 |      0 |      0 |    0 |          0 |
|             gen_counters[0].i_in_flight_cnt                                          |             delta_counter__parameterized3_1013 |         26 |         26 |       0 |    0 |      4 |      0 |      0 |    0 |          0 |
|             gen_counters[1].i_in_flight_cnt                                          |             delta_counter__parameterized3_1014 |          5 |          5 |       0 |    0 |      4 |      0 |      0 |    0 |          0 |
|           gen_aw_id_counter.i_aw_id_counter                                          |     axi_demux_id_counters__parameterized0_1007 |         13 |         13 |       0 |    0 |     12 |      0 |      0 |    0 |          0 |
|             (gen_aw_id_counter.i_aw_id_counter)                                      |     axi_demux_id_counters__parameterized0_1007 |          0 |          0 |       0 |    0 |      4 |      0 |      0 |    0 |          0 |
|             gen_counters[0].i_in_flight_cnt                                          |             delta_counter__parameterized3_1011 |          4 |          4 |       0 |    0 |      4 |      0 |      0 |    0 |          0 |
|             gen_counters[1].i_in_flight_cnt                                          |             delta_counter__parameterized3_1012 |          9 |          9 |       0 |    0 |      4 |      0 |      0 |    0 |          0 |
|           i_b_mux                                                                    |                   rr_arb_tree__parameterized20 |         20 |         20 |       0 |    0 |      7 |      0 |      0 |    0 |          0 |
|           i_counter_open_w                                                           |                   counter__parameterized3_1008 |          8 |          8 |       0 |    0 |      3 |      0 |      0 |    0 |          0 |
|             i_counter                                                                |             delta_counter__parameterized3_1010 |          8 |          8 |       0 |    0 |      3 |      0 |      0 |    0 |          0 |
|       i_axi_mux                                                                      |                        axi_mux__parameterized0 |        598 |        598 |       0 |    0 |    257 |      0 |      0 |    0 |          0 |
|         (i_axi_mux)                                                                  |                        axi_mux__parameterized0 |          0 |          0 |       0 |    0 |      1 |      0 |      0 |    0 |          0 |
|         gen_mux.i_ar_arbiter                                                         |                   rr_arb_tree__parameterized22 |          0 |          0 |       0 |    0 |      7 |      0 |      0 |    0 |          0 |
|         gen_mux.i_ar_spill_reg                                                       |                spill_register__parameterized34 |        353 |        353 |       0 |    0 |    117 |      0 |      0 |    0 |          0 |
|           spill_register_flushable_i                                                 |      spill_register_flushable__parameterized35 |        353 |        353 |       0 |    0 |    117 |      0 |      0 |    0 |          0 |
|         gen_mux.i_aw_arbiter                                                         |                   rr_arb_tree__parameterized21 |         16 |         16 |       0 |    0 |      7 |      0 |      0 |    0 |          0 |
|         gen_mux.i_aw_spill_reg                                                       |                spill_register__parameterized32 |        209 |        209 |       0 |    0 |    110 |      0 |      0 |    0 |          0 |
|           spill_register_flushable_i                                                 |      spill_register_flushable__parameterized33 |        209 |        209 |       0 |    0 |    110 |      0 |      0 |    0 |          0 |
|         gen_mux.i_w_fifo                                                             |                       fifo_v3__parameterized24 |         20 |         20 |       0 |    0 |     15 |      0 |      0 |    0 |          0 |
|     gen_cva6_cores[0].i_core_cva6                                                    |                                           cva6 |      33995 |      33995 |       0 |    0 |  21441 |     32 |      0 |    0 |         19 |
|       csr_regfile_i                                                                  |                                    csr_regfile |        601 |        601 |       0 |    0 |   1281 |      0 |      0 |    0 |          0 |
|       ex_stage_i                                                                     |                                       ex_stage |      12061 |      12061 |       0 |    0 |   6512 |      0 |      0 |    0 |         19 |
|         (ex_stage_i)                                                                 |                                       ex_stage |          0 |          0 |       0 |    0 |     81 |      0 |      0 |    0 |          0 |
|         alu_i                                                                        |                                            alu |         14 |         14 |       0 |    0 |      0 |      0 |      0 |    0 |          0 |
|         branch_unit_i                                                                |                                    branch_unit |         21 |         21 |       0 |    0 |      0 |      0 |      0 |    0 |          0 |
|         csr_buffer_i                                                                 |                                     csr_buffer |       1008 |       1008 |       0 |    0 |     20 |      0 |      0 |    0 |          0 |
|         fpu_gen.fpu_i                                                                |                                       fpu_wrap |       4831 |       4831 |       0 |    0 |   1070 |      0 |      0 |    0 |          3 |
|           (fpu_gen.fpu_i)                                                            |                                       fpu_wrap |       1393 |       1393 |       0 |    0 |    117 |      0 |      0 |    0 |          0 |
|           fpu_gen.i_fpnew_bulk                                                       |                      fpnew_top__parameterized0 |       3642 |       3642 |       0 |    0 |    953 |      0 |      0 |    0 |          3 |
|             gen_operation_groups[0].i_opgroup_block                                  |            fpnew_opgroup_block__parameterized3 |        950 |        950 |       0 |    0 |    318 |      0 |      0 |    0 |          3 |
|               gen_parallel_slices[0].active_format.i_fmt_slice                       |        fpnew_opgroup_fmt_slice__parameterized1 |        729 |        729 |       0 |    0 |    238 |      0 |      0 |    0 |          2 |
|                 gen_num_lanes[0].active_lane.lane_instance.i_fma                     |                      fpnew_fma__parameterized0 |        729 |        729 |       0 |    0 |    238 |      0 |      0 |    0 |          2 |
|               gen_parallel_slices[2].active_format.i_fmt_slice                       |        fpnew_opgroup_fmt_slice__parameterized2 |        220 |        220 |       0 |    0 |     79 |      0 |      0 |    0 |          1 |
|                 gen_num_lanes[0].active_lane.lane_instance.i_fma                     |                      fpnew_fma__parameterized1 |        220 |        220 |       0 |    0 |     79 |      0 |      0 |    0 |          1 |
|               i_arbiter                                                              |              rr_arb_tree__parameterized18_1000 |          1 |          1 |       0 |    0 |      1 |      0 |      0 |    0 |          0 |
|             gen_operation_groups[1].i_opgroup_block                                  |            fpnew_opgroup_block__parameterized4 |       1252 |       1252 |       0 |    0 |    373 |      0 |      0 |    0 |          0 |
|               gen_merged_slice.i_multifmt_slice                                      |   fpnew_opgroup_multifmt_slice__parameterized0 |       1252 |       1252 |       0 |    0 |    373 |      0 |      0 |    0 |          0 |
|                 gen_num_lanes[0].active_lane.lane_instance.i_fpnew_divsqrt_multi     |                            fpnew_divsqrt_multi |       1252 |       1252 |       0 |    0 |    373 |      0 |      0 |    0 |          0 |
|                   (gen_num_lanes[0].active_lane.lane_instance.i_fpnew_divsqrt_multi) |                            fpnew_divsqrt_multi |         55 |         55 |       0 |    0 |    133 |      0 |      0 |    0 |          0 |
|                   i_divsqrt_lei                                                      |                               div_sqrt_top_mvp |       1197 |       1197 |       0 |    0 |    240 |      0 |      0 |    0 |          0 |
|                     nrbd_nrsc_U0                                                     |                                  nrbd_nrsc_mvp |        890 |        890 |       0 |    0 |    144 |      0 |      0 |    0 |          0 |
|                       control_U0                                                     |                                    control_mvp |        890 |        890 |       0 |    0 |    144 |      0 |      0 |    0 |          0 |
|                     preprocess_U0                                                    |                                 preprocess_mvp |        316 |        316 |       0 |    0 |     96 |      0 |      0 |    0 |          0 |
|             gen_operation_groups[2].i_opgroup_block                                  |            fpnew_opgroup_block__parameterized5 |        219 |        219 |       0 |    0 |    125 |      0 |      0 |    0 |          0 |
|               gen_parallel_slices[0].active_format.i_fmt_slice                       |        fpnew_opgroup_fmt_slice__parameterized3 |        138 |        138 |       0 |    0 |     77 |      0 |      0 |    0 |          0 |
|                 gen_num_lanes[0].active_lane.lane_instance.i_noncomp                 |                  fpnew_noncomp__parameterized0 |        138 |        138 |       0 |    0 |     77 |      0 |      0 |    0 |          0 |
|               gen_parallel_slices[2].active_format.i_fmt_slice                       |        fpnew_opgroup_fmt_slice__parameterized4 |         79 |         79 |       0 |    0 |     47 |      0 |      0 |    0 |          0 |
|                 gen_num_lanes[0].active_lane.lane_instance.i_noncomp                 |                  fpnew_noncomp__parameterized1 |         79 |         79 |       0 |    0 |     47 |      0 |      0 |    0 |          0 |
|               i_arbiter                                                              |                   rr_arb_tree__parameterized18 |          3 |          3 |       0 |    0 |      1 |      0 |      0 |    0 |          0 |
|             gen_operation_groups[3].i_opgroup_block                                  |            fpnew_opgroup_block__parameterized6 |       1178 |       1178 |       0 |    0 |    135 |      0 |      0 |    0 |          0 |
|               gen_merged_slice.i_multifmt_slice                                      |   fpnew_opgroup_multifmt_slice__parameterized1 |       1178 |       1178 |       0 |    0 |    135 |      0 |      0 |    0 |          0 |
|                 gen_num_lanes[0].active_lane.lane_instance.i_fpnew_cast_multi        |               fpnew_cast_multi__parameterized0 |       1178 |       1178 |       0 |    0 |    135 |      0 |      0 |    0 |          0 |
|             i_arbiter                                                                |                   rr_arb_tree__parameterized19 |         43 |         43 |       0 |    0 |      2 |      0 |      0 |    0 |          0 |
|         i_mult                                                                       |                                           mult |        581 |        581 |       0 |    0 |    324 |      0 |      0 |    0 |         16 |
|           (i_mult)                                                                   |                                           mult |          0 |          0 |       0 |    0 |      1 |      0 |      0 |    0 |          0 |
|           i_div                                                                      |                         serdiv__parameterized0 |        294 |        294 |       0 |    0 |    209 |      0 |      0 |    0 |          0 |
|           i_multiplier                                                               |                                     multiplier |        287 |        287 |       0 |    0 |    114 |      0 |      0 |    0 |         16 |
|         lsu_i                                                                        |                                load_store_unit |       5612 |       5612 |       0 |    0 |   5017 |      0 |      0 |    0 |          0 |
|           (lsu_i)                                                                    |                                load_store_unit |          0 |          0 |       0 |    0 |      4 |      0 |      0 |    0 |          0 |
|           gen_mmu.i_cva6_mmu                                                         |                                       cva6_mmu |       2843 |       2843 |       0 |    0 |   3426 |      0 |      0 |    0 |          0 |
|             (gen_mmu.i_cva6_mmu)                                                     |                                       cva6_mmu |        109 |        109 |       0 |    0 |    116 |      0 |      0 |    0 |          0 |
|             i_dtlb                                                                   |                                       cva6_tlb |       1095 |       1095 |       0 |    0 |   1535 |      0 |      0 |    0 |          0 |
|             i_itlb                                                                   |                                   cva6_tlb_999 |       1245 |       1245 |       0 |    0 |   1503 |      0 |      0 |    0 |          0 |
|             i_ptw                                                                    |                                       cva6_ptw |        348 |        348 |       0 |    0 |    204 |      0 |      0 |    0 |          0 |
|             i_shared_tlb                                                             |                                cva6_shared_tlb |         48 |         48 |       0 |    0 |     68 |      0 |      0 |    0 |          0 |
|           i_load_unit                                                                |                                      load_unit |        110 |        110 |       0 |    0 |     37 |      0 |      0 |    0 |          0 |
|           i_pipe_reg_load                                                            |                      shift_reg__parameterized1 |       1250 |       1250 |       0 |    0 |    141 |      0 |      0 |    0 |          0 |
|             i_shift_reg_gated                                                        |                shift_reg_gated__parameterized1 |       1250 |       1250 |       0 |    0 |    141 |      0 |      0 |    0 |          0 |
|           i_store_unit                                                               |                                     store_unit |        796 |        796 |       0 |    0 |   1099 |      0 |      0 |    0 |          0 |
|             (i_store_unit)                                                           |                                     store_unit |        360 |        360 |       0 |    0 |     77 |      0 |      0 |    0 |          0 |
|             store_buffer_i                                                           |                                   store_buffer |        436 |        436 |       0 |    0 |   1022 |      0 |      0 |    0 |          0 |
|           lsu_bypass_i                                                               |                                     lsu_bypass |        620 |        620 |       0 |    0 |    310 |      0 |      0 |    0 |          0 |
|       gen_accelerator.i_acc_dispatcher                                               |                                 acc_dispatcher |       2123 |       2123 |       0 |    0 |    884 |      0 |      0 |    0 |          0 |
|         (gen_accelerator.i_acc_dispatcher)                                           |                                 acc_dispatcher |          1 |          1 |       0 |    0 |     18 |      0 |      0 |    0 |          0 |
|         i_acc_disp_loads                                                             |                    counter__parameterized3_991 |          2 |          2 |       0 |    0 |      3 |      0 |      0 |    0 |          0 |
|           i_counter                                                                  |              delta_counter__parameterized3_998 |          2 |          2 |       0 |    0 |      3 |      0 |      0 |    0 |          0 |
|         i_acc_disp_stores                                                            |                    counter__parameterized3_992 |          2 |          2 |       0 |    0 |      3 |      0 |      0 |    0 |          0 |
|           i_counter                                                                  |              delta_counter__parameterized3_997 |          2 |          2 |       0 |    0 |      3 |      0 |      0 |    0 |          0 |
|         i_acc_insn_queue                                                             |                   cva6_fifo_v3__parameterized3 |        317 |        317 |       0 |    0 |    520 |      0 |      0 |    0 |          0 |
|         i_acc_spec_loads                                                             |                    counter__parameterized3_993 |          2 |          2 |       0 |    0 |      3 |      0 |      0 |    0 |          0 |
|           i_counter                                                                  |              delta_counter__parameterized3_996 |          2 |          2 |       0 |    0 |      3 |      0 |      0 |    0 |          0 |
|         i_acc_spec_stores                                                            |                    counter__parameterized3_994 |          5 |          5 |       0 |    0 |      3 |      0 |      0 |    0 |          0 |
|           i_counter                                                                  |              delta_counter__parameterized3_995 |          5 |          5 |       0 |    0 |      3 |      0 |      0 |    0 |          0 |
|         i_accelerator_req_register                                                   |                spill_register__parameterized30 |       1794 |       1794 |       0 |    0 |    334 |      0 |      0 |    0 |          0 |
|           spill_register_flushable_i                                                 |      spill_register_flushable__parameterized31 |       1794 |       1794 |       0 |    0 |    334 |      0 |      0 |    0 |          0 |
|       gen_cache_wt.i_cache_subsystem                                                 |                             wt_cache_subsystem |       5330 |       5330 |       0 |    0 |   2476 |     32 |      0 |    0 |          0 |
|         i_adapter                                                                    |                                 wt_axi_adapter |        325 |        325 |       0 |    0 |    774 |      0 |      0 |    0 |          0 |
|           (i_adapter)                                                                |                                 wt_axi_adapter |        102 |        102 |       0 |    0 |    398 |      0 |      0 |    0 |          0 |
|           i_axi_shim                                                                 |                                       axi_shim |          4 |          4 |       0 |    0 |      2 |      0 |      0 |    0 |          0 |
|           i_b_fifo                                                                   |                   cva6_fifo_v3__parameterized2 |          6 |          6 |       0 |    0 |      3 |      0 |      0 |    0 |          0 |
|           i_dcache_data_fifo                                                         |                   cva6_fifo_v3__parameterized1 |        134 |        134 |       0 |    0 |    240 |      0 |      0 |    0 |          0 |
|           i_icache_data_fifo                                                         |                   cva6_fifo_v3__parameterized0 |         49 |         49 |       0 |    0 |     94 |      0 |      0 |    0 |          0 |
|           i_rd_dcache_id                                                             |                               cva6_fifo_v3_988 |         11 |         11 |       0 |    0 |     15 |      0 |      0 |    0 |          0 |
|           i_rd_icache_id                                                             |                               cva6_fifo_v3_989 |          2 |          2 |       0 |    0 |      3 |      0 |      0 |    0 |          0 |
|           i_rr_arb_tree                                                              |                   rr_arb_tree__parameterized15 |          6 |          6 |       0 |    0 |      4 |      0 |      0 |    0 |          0 |
|           i_wr_dcache_id                                                             |                               cva6_fifo_v3_990 |         11 |         11 |       0 |    0 |     15 |      0 |      0 |    0 |          0 |
|         i_cva6_icache                                                                |                                    cva6_icache |        359 |        359 |       0 |    0 |    136 |     12 |      0 |    0 |          0 |
|           (i_cva6_icache)                                                            |                                    cva6_icache |         41 |         41 |       0 |    0 |    128 |      0 |      0 |    0 |          0 |
|           gen_sram[0].data_sram                                                      |                     sram_cache__parameterized0 |         45 |         45 |       0 |    0 |      0 |      2 |      0 |    0 |          0 |
|             data_sram                                                                |                       sram__parameterized0_983 |         45 |         45 |       0 |    0 |      0 |      2 |      0 |    0 |          0 |
|               gen_cut[0].i_tc_sram_wrapper                                           |                            tc_sram_wrapper_984 |          0 |          0 |       0 |    0 |      0 |      1 |      0 |    0 |          0 |
|                 i_ram                                                                |                            SyncSpRamBeNx64_987 |          0 |          0 |       0 |    0 |      0 |      1 |      0 |    0 |          0 |
|               gen_cut[1].i_tc_sram_wrapper                                           |                            tc_sram_wrapper_985 |         45 |         45 |       0 |    0 |      0 |      1 |      0 |    0 |          0 |
|                 i_ram                                                                |                            SyncSpRamBeNx64_986 |         45 |         45 |       0 |    0 |      0 |      1 |      0 |    0 |          0 |
|           gen_sram[0].tag_sram                                                       |                                     sram_cache |         58 |         58 |       0 |    0 |      0 |      1 |      0 |    0 |          0 |
|             data_sram                                                                |                                       sram_980 |         58 |         58 |       0 |    0 |      0 |      1 |      0 |    0 |          0 |
|               gen_cut[0].i_tc_sram_wrapper                                           |                            tc_sram_wrapper_981 |         58 |         58 |       0 |    0 |      0 |      1 |      0 |    0 |          0 |
|                 i_ram                                                                |                            SyncSpRamBeNx64_982 |         58 |         58 |       0 |    0 |      0 |      1 |      0 |    0 |          0 |
|           gen_sram[1].data_sram                                                      |                 sram_cache__parameterized0_951 |         33 |         33 |       0 |    0 |      0 |      2 |      0 |    0 |          0 |
|             data_sram                                                                |                       sram__parameterized0_975 |         33 |         33 |       0 |    0 |      0 |      2 |      0 |    0 |          0 |
|               gen_cut[0].i_tc_sram_wrapper                                           |                            tc_sram_wrapper_976 |          0 |          0 |       0 |    0 |      0 |      1 |      0 |    0 |          0 |
|                 i_ram                                                                |                            SyncSpRamBeNx64_979 |          0 |          0 |       0 |    0 |      0 |      1 |      0 |    0 |          0 |
|               gen_cut[1].i_tc_sram_wrapper                                           |                            tc_sram_wrapper_977 |         33 |         33 |       0 |    0 |      0 |      1 |      0 |    0 |          0 |
|                 i_ram                                                                |                            SyncSpRamBeNx64_978 |         33 |         33 |       0 |    0 |      0 |      1 |      0 |    0 |          0 |
|           gen_sram[1].tag_sram                                                       |                                 sram_cache_952 |         18 |         18 |       0 |    0 |      0 |      1 |      0 |    0 |          0 |
|             data_sram                                                                |                                       sram_972 |         18 |         18 |       0 |    0 |      0 |      1 |      0 |    0 |          0 |
|               gen_cut[0].i_tc_sram_wrapper                                           |                            tc_sram_wrapper_973 |         18 |         18 |       0 |    0 |      0 |      1 |      0 |    0 |          0 |
|                 i_ram                                                                |                            SyncSpRamBeNx64_974 |         18 |         18 |       0 |    0 |      0 |      1 |      0 |    0 |          0 |
|           gen_sram[2].data_sram                                                      |                 sram_cache__parameterized0_953 |         33 |         33 |       0 |    0 |      0 |      2 |      0 |    0 |          0 |
|             data_sram                                                                |                       sram__parameterized0_967 |         33 |         33 |       0 |    0 |      0 |      2 |      0 |    0 |          0 |
|               gen_cut[0].i_tc_sram_wrapper                                           |                            tc_sram_wrapper_968 |          0 |          0 |       0 |    0 |      0 |      1 |      0 |    0 |          0 |
|                 i_ram                                                                |                            SyncSpRamBeNx64_971 |          0 |          0 |       0 |    0 |      0 |      1 |      0 |    0 |          0 |
|               gen_cut[1].i_tc_sram_wrapper                                           |                            tc_sram_wrapper_969 |         33 |         33 |       0 |    0 |      0 |      1 |      0 |    0 |          0 |
|                 i_ram                                                                |                            SyncSpRamBeNx64_970 |         33 |         33 |       0 |    0 |      0 |      1 |      0 |    0 |          0 |
|           gen_sram[2].tag_sram                                                       |                                 sram_cache_954 |         19 |         19 |       0 |    0 |      0 |      1 |      0 |    0 |          0 |
|             data_sram                                                                |                                       sram_964 |         19 |         19 |       0 |    0 |      0 |      1 |      0 |    0 |          0 |
|               gen_cut[0].i_tc_sram_wrapper                                           |                            tc_sram_wrapper_965 |         19 |         19 |       0 |    0 |      0 |      1 |      0 |    0 |          0 |
|                 i_ram                                                                |                            SyncSpRamBeNx64_966 |         19 |         19 |       0 |    0 |      0 |      1 |      0 |    0 |          0 |
|           gen_sram[3].data_sram                                                      |                 sram_cache__parameterized0_955 |         70 |         70 |       0 |    0 |      0 |      2 |      0 |    0 |          0 |
|             data_sram                                                                |                           sram__parameterized0 |         70 |         70 |       0 |    0 |      0 |      2 |      0 |    0 |          0 |
|               gen_cut[0].i_tc_sram_wrapper                                           |                            tc_sram_wrapper_960 |          0 |          0 |       0 |    0 |      0 |      1 |      0 |    0 |          0 |
|                 i_ram                                                                |                            SyncSpRamBeNx64_963 |          0 |          0 |       0 |    0 |      0 |      1 |      0 |    0 |          0 |
|               gen_cut[1].i_tc_sram_wrapper                                           |                            tc_sram_wrapper_961 |         70 |         70 |       0 |    0 |      0 |      1 |      0 |    0 |          0 |
|                 i_ram                                                                |                            SyncSpRamBeNx64_962 |         70 |         70 |       0 |    0 |      0 |      1 |      0 |    0 |          0 |
|           gen_sram[3].tag_sram                                                       |                                 sram_cache_956 |         41 |         41 |       0 |    0 |      0 |      1 |      0 |    0 |          0 |
|             data_sram                                                                |                                           sram |         41 |         41 |       0 |    0 |      0 |      1 |      0 |    0 |          0 |
|               gen_cut[0].i_tc_sram_wrapper                                           |                            tc_sram_wrapper_958 |         41 |         41 |       0 |    0 |      0 |      1 |      0 |    0 |          0 |
|                 i_ram                                                                |                            SyncSpRamBeNx64_959 |         41 |         41 |       0 |    0 |      0 |      1 |      0 |    0 |          0 |
|           i_lfsr                                                                     |                                       lfsr_957 |          7 |          7 |       0 |    0 |      8 |      0 |      0 |    0 |          0 |
|         i_wt_dcache                                                                  |                                      wt_dcache |       4648 |       4648 |       0 |    0 |   1566 |     20 |      0 |    0 |          0 |
|           gen_rd_ports[0].i_wt_dcache_ctrl                                           |                                 wt_dcache_ctrl |        176 |        176 |       0 |    0 |     63 |      0 |      0 |    0 |          0 |
|           gen_rd_ports[1].i_wt_dcache_ctrl                                           |                 wt_dcache_ctrl__parameterized0 |        142 |        142 |       0 |    0 |     68 |      0 |      0 |    0 |          0 |
|           gen_rd_ports[2].i_wt_dcache_ctrl                                           |                             wt_dcache_ctrl_900 |          9 |          9 |       0 |    0 |      9 |      0 |      0 |    0 |          0 |
|           i_wt_dcache_mem                                                            |                                  wt_dcache_mem |        520 |        520 |       0 |    0 |     15 |     20 |      0 |    0 |          0 |
|             (i_wt_dcache_mem)                                                        |                                  wt_dcache_mem |        181 |        181 |       0 |    0 |     13 |      0 |      0 |    0 |          0 |
|             gen_data_banks[0].i_data_sram                                            |                     sram_cache__parameterized1 |          0 |          0 |       0 |    0 |      0 |      4 |      0 |    0 |          0 |
|               data_sram                                                              |                       sram__parameterized1_942 |          0 |          0 |       0 |    0 |      0 |      4 |      0 |    0 |          0 |
|                 gen_cut[0].i_tc_sram_wrapper                                         |                            tc_sram_wrapper_943 |          0 |          0 |       0 |    0 |      0 |      1 |      0 |    0 |          0 |
|                   i_ram                                                              |                            SyncSpRamBeNx64_950 |          0 |          0 |       0 |    0 |      0 |      1 |      0 |    0 |          0 |
|                 gen_cut[1].i_tc_sram_wrapper                                         |                            tc_sram_wrapper_944 |          0 |          0 |       0 |    0 |      0 |      1 |      0 |    0 |          0 |
|                   i_ram                                                              |                            SyncSpRamBeNx64_949 |          0 |          0 |       0 |    0 |      0 |      1 |      0 |    0 |          0 |
|                 gen_cut[2].i_tc_sram_wrapper                                         |                            tc_sram_wrapper_945 |          0 |          0 |       0 |    0 |      0 |      1 |      0 |    0 |          0 |
|                   i_ram                                                              |                            SyncSpRamBeNx64_948 |          0 |          0 |       0 |    0 |      0 |      1 |      0 |    0 |          0 |
|                 gen_cut[3].i_tc_sram_wrapper                                         |                            tc_sram_wrapper_946 |          0 |          0 |       0 |    0 |      0 |      1 |      0 |    0 |          0 |
|                   i_ram                                                              |                            SyncSpRamBeNx64_947 |          0 |          0 |       0 |    0 |      0 |      1 |      0 |    0 |          0 |
|             gen_data_banks[1].i_data_sram                                            |                 sram_cache__parameterized1_901 |          0 |          0 |       0 |    0 |      0 |      4 |      0 |    0 |          0 |
|               data_sram                                                              |                       sram__parameterized1_933 |          0 |          0 |       0 |    0 |      0 |      4 |      0 |    0 |          0 |
|                 gen_cut[0].i_tc_sram_wrapper                                         |                            tc_sram_wrapper_934 |          0 |          0 |       0 |    0 |      0 |      1 |      0 |    0 |          0 |
|                   i_ram                                                              |                            SyncSpRamBeNx64_941 |          0 |          0 |       0 |    0 |      0 |      1 |      0 |    0 |          0 |
|                 gen_cut[1].i_tc_sram_wrapper                                         |                            tc_sram_wrapper_935 |          0 |          0 |       0 |    0 |      0 |      1 |      0 |    0 |          0 |
|                   i_ram                                                              |                            SyncSpRamBeNx64_940 |          0 |          0 |       0 |    0 |      0 |      1 |      0 |    0 |          0 |
|                 gen_cut[2].i_tc_sram_wrapper                                         |                            tc_sram_wrapper_936 |          0 |          0 |       0 |    0 |      0 |      1 |      0 |    0 |          0 |
|                   i_ram                                                              |                            SyncSpRamBeNx64_939 |          0 |          0 |       0 |    0 |      0 |      1 |      0 |    0 |          0 |
|                 gen_cut[3].i_tc_sram_wrapper                                         |                            tc_sram_wrapper_937 |          0 |          0 |       0 |    0 |      0 |      1 |      0 |    0 |          0 |
|                   i_ram                                                              |                            SyncSpRamBeNx64_938 |          0 |          0 |       0 |    0 |      0 |      1 |      0 |    0 |          0 |
|             gen_data_banks[2].i_data_sram                                            |                 sram_cache__parameterized1_902 |          0 |          0 |       0 |    0 |      0 |      4 |      0 |    0 |          0 |
|               data_sram                                                              |                       sram__parameterized1_924 |          0 |          0 |       0 |    0 |      0 |      4 |      0 |    0 |          0 |
|                 gen_cut[0].i_tc_sram_wrapper                                         |                            tc_sram_wrapper_925 |          0 |          0 |       0 |    0 |      0 |      1 |      0 |    0 |          0 |
|                   i_ram                                                              |                            SyncSpRamBeNx64_932 |          0 |          0 |       0 |    0 |      0 |      1 |      0 |    0 |          0 |
|                 gen_cut[1].i_tc_sram_wrapper                                         |                            tc_sram_wrapper_926 |          0 |          0 |       0 |    0 |      0 |      1 |      0 |    0 |          0 |
|                   i_ram                                                              |                            SyncSpRamBeNx64_931 |          0 |          0 |       0 |    0 |      0 |      1 |      0 |    0 |          0 |
|                 gen_cut[2].i_tc_sram_wrapper                                         |                            tc_sram_wrapper_927 |          0 |          0 |       0 |    0 |      0 |      1 |      0 |    0 |          0 |
|                   i_ram                                                              |                            SyncSpRamBeNx64_930 |          0 |          0 |       0 |    0 |      0 |      1 |      0 |    0 |          0 |
|                 gen_cut[3].i_tc_sram_wrapper                                         |                            tc_sram_wrapper_928 |          0 |          0 |       0 |    0 |      0 |      1 |      0 |    0 |          0 |
|                   i_ram                                                              |                            SyncSpRamBeNx64_929 |          0 |          0 |       0 |    0 |      0 |      1 |      0 |    0 |          0 |
|             gen_data_banks[3].i_data_sram                                            |                 sram_cache__parameterized1_903 |        256 |        256 |       0 |    0 |      0 |      4 |      0 |    0 |          0 |
|               data_sram                                                              |                           sram__parameterized1 |        256 |        256 |       0 |    0 |      0 |      4 |      0 |    0 |          0 |
|                 gen_cut[0].i_tc_sram_wrapper                                         |                            tc_sram_wrapper_916 |         64 |         64 |       0 |    0 |      0 |      1 |      0 |    0 |          0 |
|                   i_ram                                                              |                            SyncSpRamBeNx64_923 |         64 |         64 |       0 |    0 |      0 |      1 |      0 |    0 |          0 |
|                 gen_cut[1].i_tc_sram_wrapper                                         |                            tc_sram_wrapper_917 |         64 |         64 |       0 |    0 |      0 |      1 |      0 |    0 |          0 |
|                   i_ram                                                              |                            SyncSpRamBeNx64_922 |         64 |         64 |       0 |    0 |      0 |      1 |      0 |    0 |          0 |
|                 gen_cut[2].i_tc_sram_wrapper                                         |                            tc_sram_wrapper_918 |         64 |         64 |       0 |    0 |      0 |      1 |      0 |    0 |          0 |
|                   i_ram                                                              |                            SyncSpRamBeNx64_921 |         64 |         64 |       0 |    0 |      0 |      1 |      0 |    0 |          0 |
|                 gen_cut[3].i_tc_sram_wrapper                                         |                            tc_sram_wrapper_919 |         64 |         64 |       0 |    0 |      0 |      1 |      0 |    0 |          0 |
|                   i_ram                                                              |                            SyncSpRamBeNx64_920 |         64 |         64 |       0 |    0 |      0 |      1 |      0 |    0 |          0 |
|             gen_tag_srams[0].i_tag_sram                                              |                     sram_cache__parameterized2 |         19 |         19 |       0 |    0 |      0 |      1 |      0 |    0 |          0 |
|               data_sram                                                              |                       sram__parameterized2_913 |         19 |         19 |       0 |    0 |      0 |      1 |      0 |    0 |          0 |
|                 gen_cut[0].i_tc_sram_wrapper                                         |                            tc_sram_wrapper_914 |         19 |         19 |       0 |    0 |      0 |      1 |      0 |    0 |          0 |
|                   i_ram                                                              |                            SyncSpRamBeNx64_915 |         19 |         19 |       0 |    0 |      0 |      1 |      0 |    0 |          0 |
|             gen_tag_srams[1].i_tag_sram                                              |                 sram_cache__parameterized2_904 |         16 |         16 |       0 |    0 |      0 |      1 |      0 |    0 |          0 |
|               data_sram                                                              |                       sram__parameterized2_910 |         16 |         16 |       0 |    0 |      0 |      1 |      0 |    0 |          0 |
|                 gen_cut[0].i_tc_sram_wrapper                                         |                            tc_sram_wrapper_911 |         16 |         16 |       0 |    0 |      0 |      1 |      0 |    0 |          0 |
|                   i_ram                                                              |                            SyncSpRamBeNx64_912 |         16 |         16 |       0 |    0 |      0 |      1 |      0 |    0 |          0 |
|             gen_tag_srams[2].i_tag_sram                                              |                 sram_cache__parameterized2_905 |         16 |         16 |       0 |    0 |      0 |      1 |      0 |    0 |          0 |
|               data_sram                                                              |                       sram__parameterized2_907 |         16 |         16 |       0 |    0 |      0 |      1 |      0 |    0 |          0 |
|                 gen_cut[0].i_tc_sram_wrapper                                         |                            tc_sram_wrapper_908 |         16 |         16 |       0 |    0 |      0 |      1 |      0 |    0 |          0 |
|                   i_ram                                                              |                            SyncSpRamBeNx64_909 |         16 |         16 |       0 |    0 |      0 |      1 |      0 |    0 |          0 |
|             gen_tag_srams[3].i_tag_sram                                              |                 sram_cache__parameterized2_906 |         16 |         16 |       0 |    0 |      0 |      1 |      0 |    0 |          0 |
|               data_sram                                                              |                           sram__parameterized2 |         16 |         16 |       0 |    0 |      0 |      1 |      0 |    0 |          0 |
|                 gen_cut[0].i_tc_sram_wrapper                                         |                                tc_sram_wrapper |         16 |         16 |       0 |    0 |      0 |      1 |      0 |    0 |          0 |
|                   i_ram                                                              |                                SyncSpRamBeNx64 |         16 |         16 |       0 |    0 |      0 |      1 |      0 |    0 |          0 |
|             i_rr_arb_tree                                                            |                   rr_arb_tree__parameterized14 |         17 |         17 |       0 |    0 |      2 |      0 |      0 |    0 |          0 |
|           i_wt_dcache_missunit                                                       |                             wt_dcache_missunit |       1164 |       1164 |       0 |    0 |     89 |      0 |      0 |    0 |          0 |
|             (i_wt_dcache_missunit)                                                   |                             wt_dcache_missunit |       1149 |       1149 |       0 |    0 |     81 |      0 |      0 |    0 |          0 |
|             i_lfsr_inv                                                               |                                           lfsr |         16 |         16 |       0 |    0 |      8 |      0 |      0 |    0 |          0 |
|           i_wt_dcache_wbuffer                                                        |                              wt_dcache_wbuffer |       2660 |       2660 |       0 |    0 |   1322 |      0 |      0 |    0 |          0 |
|             (i_wt_dcache_wbuffer)                                                    |                              wt_dcache_wbuffer |       1203 |       1203 |       0 |    0 |   1285 |      0 |      0 |    0 |          0 |
|             i_clean_rr                                                               |                   rr_arb_tree__parameterized13 |        222 |        222 |       0 |    0 |      3 |      0 |      0 |    0 |          0 |
|             i_dirty_rr                                                               |                   rr_arb_tree__parameterized12 |        840 |        840 |       0 |    0 |     12 |      0 |      0 |    0 |          0 |
|             i_rtrn_id_fifo                                                           |                                   cva6_fifo_v3 |        399 |        399 |       0 |    0 |     15 |      0 |      0 |    0 |          0 |
|             i_tx_id_rr                                                               |                   rr_arb_tree__parameterized11 |         13 |         13 |       0 |    0 |      7 |      0 |      0 |    0 |          0 |
|       gen_perf_counter.perf_counters_i                                               |                                  perf_counters |        179 |        179 |       0 |    0 |    414 |      0 |      0 |    0 |          0 |
|       i_frontend                                                                     |                                       frontend |       2577 |       2577 |       0 |    0 |   3949 |      0 |      0 |    0 |          0 |
|         (i_frontend)                                                                 |                                       frontend |          8 |          8 |       0 |    0 |    250 |      0 |      0 |    0 |          0 |
|         bht_gen.i_bht                                                                |                                            bht |        169 |        169 |       0 |    0 |    384 |      0 |      0 |    0 |          0 |
|         btb_gen.i_btb                                                                |                                            btb |        585 |        585 |       0 |    0 |   2080 |      0 |      0 |    0 |          0 |
|         i_instr_queue                                                                |                                    instr_queue |        943 |        943 |       0 |    0 |   1022 |      0 |      0 |    0 |          0 |
|           (i_instr_queue)                                                            |                                    instr_queue |          1 |          1 |       0 |    0 |     68 |      0 |      0 |    0 |          0 |
|           gen_instr_fifo[0].i_fifo_instr_data                                        |                   cva6_fifo_v3__parameterized4 |        744 |        744 |       0 |    0 |    411 |      0 |      0 |    0 |          0 |
|           gen_instr_fifo[1].i_fifo_instr_data                                        |               cva6_fifo_v3__parameterized4_899 |        151 |        151 |       0 |    0 |    411 |      0 |      0 |    0 |          0 |
|           i_fifo_address                                                             |                   cva6_fifo_v3__parameterized5 |         51 |         51 |       0 |    0 |    132 |      0 |      0 |    0 |          0 |
|         i_instr_realign                                                              |                                  instr_realign |        841 |        841 |       0 |    0 |     83 |      0 |      0 |    0 |          0 |
|         ras_gen.i_ras                                                                |                                            ras |         33 |         33 |       0 |    0 |    130 |      0 |      0 |    0 |          0 |
|       id_stage_i                                                                     |                                       id_stage |        347 |        347 |       0 |    0 |    306 |      0 |      0 |    0 |          0 |
|       issue_stage_i                                                                  |                                    issue_stage |      10876 |      10876 |       0 |    0 |   5619 |      0 |      0 |    0 |          0 |
|         i_issue_read_operands                                                        |                            issue_read_operands |       4486 |       4486 |       0 |    0 |   3331 |      0 |      0 |    0 |          0 |
|           (i_issue_read_operands)                                                    |                            issue_read_operands |       2566 |       2566 |       0 |    0 |    323 |      0 |      0 |    0 |          0 |
|           float_regfile_gen.gen_asic_fp_regfile.i_ariane_fp_regfile                  |                 ariane_regfile__parameterized0 |        800 |        800 |       0 |    0 |   1024 |      0 |      0 |    0 |          0 |
|           gen_asic_regfile.i_ariane_regfile                                          |                                 ariane_regfile |       1120 |       1120 |       0 |    0 |   1984 |      0 |      0 |    0 |          0 |
|         i_scoreboard                                                                 |                                     scoreboard |       6392 |       6392 |       0 |    0 |   2288 |      0 |      0 |    0 |          0 |
|     gen_dma.i_dma                                                                    |                                  dma_core_wrap |       6583 |       6583 |       0 |    0 |   5866 |      0 |      0 |    0 |          3 |
|       (gen_dma.i_dma)                                                                |                                  dma_core_wrap |         26 |         26 |       0 |    0 |      0 |      0 |      0 |    0 |          0 |
|       gen_two_d.i_dma_2d_frontend                                                    |                         idma_reg64_2d_frontend |        238 |        238 |       0 |    0 |    515 |      0 |      0 |    0 |          0 |
|         i_dma_conf_regs                                                              |                 idma_reg64_2d_frontend_reg_top |         89 |         89 |       0 |    0 |    387 |      0 |      0 |    0 |          0 |
|           u_conf_deburst                                                             |                prim_subreg__parameterized4_891 |          1 |          1 |       0 |    0 |      1 |      0 |      0 |    0 |          0 |
|           u_conf_decouple                                                            |                prim_subreg__parameterized4_892 |          1 |          1 |       0 |    0 |      1 |      0 |      0 |    0 |          0 |
|           u_conf_serialize                                                           |                prim_subreg__parameterized4_893 |          1 |          1 |       0 |    0 |      1 |      0 |      0 |    0 |          0 |
|           u_dst_addr                                                                 |                    prim_subreg__parameterized3 |          0 |          0 |       0 |    0 |     64 |      0 |      0 |    0 |          0 |
|           u_num_bytes                                                                |                prim_subreg__parameterized3_894 |         22 |         22 |       0 |    0 |     64 |      0 |      0 |    0 |          0 |
|           u_num_repetitions                                                          |                prim_subreg__parameterized3_895 |         63 |         63 |       0 |    0 |     64 |      0 |      0 |    0 |          0 |
|           u_src_addr                                                                 |                prim_subreg__parameterized3_896 |          0 |          0 |       0 |    0 |     64 |      0 |      0 |    0 |          0 |
|           u_stride_dst                                                               |                prim_subreg__parameterized3_897 |          1 |          1 |       0 |    0 |     64 |      0 |      0 |    0 |          0 |
|           u_stride_src                                                               |                prim_subreg__parameterized3_898 |          0 |          0 |       0 |    0 |     64 |      0 |      0 |    0 |          0 |
|         i_idma_transfer_id_gen                                                       |                           idma_transfer_id_gen |        149 |        149 |       0 |    0 |    128 |      0 |      0 |    0 |          0 |
|       gen_two_d.i_idma_nd_midend                                                     |                                 idma_nd_midend |         92 |         92 |       0 |    0 |    148 |      0 |      0 |    0 |          0 |
|         (gen_two_d.i_idma_nd_midend)                                                 |                                 idma_nd_midend |         92 |         92 |       0 |    0 |    100 |      0 |      0 |    0 |          0 |
|         gen_dim_counters[2].i_num_rep_counter                                        |                                idma_nd_counter |          0 |          0 |       0 |    0 |     48 |      0 |      0 |    0 |          0 |
|       gen_two_d.i_stream_fifo_jobs_twod                                              |                    stream_fifo__parameterized2 |        570 |        570 |       0 |    0 |    589 |      0 |      0 |    0 |          0 |
|         fifo_i                                                                       |                       fifo_v3__parameterized28 |        570 |        570 |       0 |    0 |    589 |      0 |      0 |    0 |          0 |
|       i_axi_translate                                                                |                                     axi_to_reg |        797 |        797 |       0 |    0 |    624 |      0 |      0 |    0 |          0 |
|         i_axi_lite_to_reg                                                            |                                axi_lite_to_reg |        365 |        365 |       0 |    0 |    310 |      0 |      0 |    0 |          0 |
|           i_fifo_read                                                                |                       fifo_v3__parameterized32 |          7 |          7 |       0 |    0 |     18 |      0 |      0 |    0 |          0 |
|           i_fifo_read_resp                                                           |                       fifo_v3__parameterized33 |         69 |         69 |       0 |    0 |    132 |      0 |      0 |    0 |          0 |
|           i_fifo_write_req                                                           |                       fifo_v3__parameterized30 |        281 |        281 |       0 |    0 |    154 |      0 |      0 |    0 |          0 |
|           i_fifo_write_resp                                                          |                       fifo_v3__parameterized31 |          3 |          3 |       0 |    0 |      2 |      0 |      0 |    0 |          0 |
|           i_stream_arbiter                                                           |                                 stream_arbiter |          5 |          5 |       0 |    0 |      4 |      0 |      0 |    0 |          0 |
|             i_arb                                                                    |                       stream_arbiter_flushable |          5 |          5 |       0 |    0 |      4 |      0 |      0 |    0 |          0 |
|               gen_rr_arb.i_arbiter                                                   |                   rr_arb_tree__parameterized26 |          5 |          5 |       0 |    0 |      4 |      0 |      0 |    0 |          0 |
|         i_axi_to_axi_lite                                                            |                                axi_to_axi_lite |        432 |        432 |       0 |    0 |    314 |      0 |      0 |    0 |          0 |
|           i_axi_atop_filter                                                          |                axi_atop_filter__parameterized0 |         25 |         25 |       0 |    0 |     16 |      0 |      0 |    0 |          0 |
|           i_axi_burst_splitter                                                       |                             axi_burst_splitter |        375 |        375 |       0 |    0 |    274 |      0 |      0 |    0 |          0 |
|             (i_axi_burst_splitter)                                                   |                             axi_burst_splitter |          0 |          0 |       0 |    0 |      3 |      0 |      0 |    0 |          0 |
|             i_axi_burst_splitter_ar_chan                                             |     axi_burst_splitter_ax_chan__parameterized0 |         86 |         86 |       0 |    0 |     61 |      0 |      0 |    0 |          0 |
|               (i_axi_burst_splitter_ar_chan)                                         |     axi_burst_splitter_ax_chan__parameterized0 |         26 |         26 |       0 |    0 |     24 |      0 |      0 |    0 |          0 |
|               i_axi_burst_splitter_counters                                          |                axi_burst_splitter_counters_885 |         60 |         60 |       0 |    0 |     37 |      0 |      0 |    0 |          0 |
|                 gen_cnt[0].i_cnt                                                     |                    counter__parameterized9_886 |         17 |         17 |       0 |    0 |      9 |      0 |      0 |    0 |          0 |
|                   i_counter                                                          |              delta_counter__parameterized9_890 |         17 |         17 |       0 |    0 |      9 |      0 |      0 |    0 |          0 |
|                 gen_cnt[1].i_cnt                                                     |                    counter__parameterized9_887 |         13 |         13 |       0 |    0 |      9 |      0 |      0 |    0 |          0 |
|                   i_counter                                                          |              delta_counter__parameterized9_889 |         13 |         13 |       0 |    0 |      9 |      0 |      0 |    0 |          0 |
|                 i_idq                                                                |                   id_queue__parameterized0_888 |         31 |         31 |       0 |    0 |     19 |      0 |      0 |    0 |          0 |
|             i_axi_burst_splitter_aw_chan                                             |                     axi_burst_splitter_ax_chan |        120 |        120 |       0 |    0 |     61 |      0 |      0 |    0 |          0 |
|               (i_axi_burst_splitter_aw_chan)                                         |                     axi_burst_splitter_ax_chan |         22 |         22 |       0 |    0 |     24 |      0 |      0 |    0 |          0 |
|               i_axi_burst_splitter_counters                                          |                    axi_burst_splitter_counters |         98 |         98 |       0 |    0 |     37 |      0 |      0 |    0 |          0 |
|                 gen_cnt[0].i_cnt                                                     |                        counter__parameterized9 |         21 |         21 |       0 |    0 |      9 |      0 |      0 |    0 |          0 |
|                   i_counter                                                          |              delta_counter__parameterized9_884 |         21 |         21 |       0 |    0 |      9 |      0 |      0 |    0 |          0 |
|                 gen_cnt[1].i_cnt                                                     |                    counter__parameterized9_883 |         12 |         12 |       0 |    0 |      9 |      0 |      0 |    0 |          0 |
|                   i_counter                                                          |                  delta_counter__parameterized9 |         12 |         12 |       0 |    0 |      9 |      0 |      0 |    0 |          0 |
|                 i_idq                                                                |                       id_queue__parameterized0 |         67 |         67 |       0 |    0 |     19 |      0 |      0 |    0 |          0 |
|             i_demux_supported_vs_unsupported                                         |                      axi_demux__parameterized2 |        113 |        113 |       0 |    0 |    108 |      0 |      0 |    0 |          0 |
|               i_demux_simple                                                         |               axi_demux_simple__parameterized2 |        113 |        113 |       0 |    0 |    108 |      0 |      0 |    0 |          0 |
|                 (i_demux_simple)                                                     |               axi_demux_simple__parameterized2 |          4 |          4 |       0 |    0 |      3 |      0 |      0 |    0 |          0 |
|                 gen_ar_id_counter.i_ar_id_counter                                    |          axi_demux_id_counters__parameterized2 |         38 |         38 |       0 |    0 |     48 |      0 |      0 |    0 |          0 |
|                   (gen_ar_id_counter.i_ar_id_counter)                                |          axi_demux_id_counters__parameterized2 |          5 |          5 |       0 |    0 |     16 |      0 |      0 |    0 |          0 |
|                   gen_counters[0].i_in_flight_cnt                                    |              delta_counter__parameterized8_867 |          2 |          2 |       0 |    0 |      2 |      0 |      0 |    0 |          0 |
|                   gen_counters[10].i_in_flight_cnt                                   |              delta_counter__parameterized8_868 |          3 |          3 |       0 |    0 |      2 |      0 |      0 |    0 |          0 |
|                   gen_counters[11].i_in_flight_cnt                                   |              delta_counter__parameterized8_869 |          2 |          2 |       0 |    0 |      2 |      0 |      0 |    0 |          0 |
|                   gen_counters[12].i_in_flight_cnt                                   |              delta_counter__parameterized8_870 |          3 |          3 |       0 |    0 |      2 |      0 |      0 |    0 |          0 |
|                   gen_counters[13].i_in_flight_cnt                                   |              delta_counter__parameterized8_871 |          1 |          1 |       0 |    0 |      2 |      0 |      0 |    0 |          0 |
|                   gen_counters[14].i_in_flight_cnt                                   |              delta_counter__parameterized8_872 |          1 |          1 |       0 |    0 |      2 |      0 |      0 |    0 |          0 |
|                   gen_counters[15].i_in_flight_cnt                                   |              delta_counter__parameterized8_873 |          7 |          7 |       0 |    0 |      2 |      0 |      0 |    0 |          0 |
|                   gen_counters[1].i_in_flight_cnt                                    |              delta_counter__parameterized8_874 |          0 |          0 |       0 |    0 |      2 |      0 |      0 |    0 |          0 |
|                   gen_counters[2].i_in_flight_cnt                                    |              delta_counter__parameterized8_875 |          2 |          2 |       0 |    0 |      2 |      0 |      0 |    0 |          0 |
|                   gen_counters[3].i_in_flight_cnt                                    |              delta_counter__parameterized8_876 |          4 |          4 |       0 |    0 |      2 |      0 |      0 |    0 |          0 |
|                   gen_counters[4].i_in_flight_cnt                                    |              delta_counter__parameterized8_877 |          2 |          2 |       0 |    0 |      2 |      0 |      0 |    0 |          0 |
|                   gen_counters[5].i_in_flight_cnt                                    |              delta_counter__parameterized8_878 |          0 |          0 |       0 |    0 |      2 |      0 |      0 |    0 |          0 |
|                   gen_counters[6].i_in_flight_cnt                                    |              delta_counter__parameterized8_879 |          2 |          2 |       0 |    0 |      2 |      0 |      0 |    0 |          0 |
|                   gen_counters[7].i_in_flight_cnt                                    |              delta_counter__parameterized8_880 |          2 |          2 |       0 |    0 |      2 |      0 |      0 |    0 |          0 |
|                   gen_counters[8].i_in_flight_cnt                                    |              delta_counter__parameterized8_881 |          2 |          2 |       0 |    0 |      2 |      0 |      0 |    0 |          0 |
|                   gen_counters[9].i_in_flight_cnt                                    |              delta_counter__parameterized8_882 |          0 |          0 |       0 |    0 |      2 |      0 |      0 |    0 |          0 |
|                 gen_aw_id_counter.i_aw_id_counter                                    |      axi_demux_id_counters__parameterized2_848 |         30 |         30 |       0 |    0 |     48 |      0 |      0 |    0 |          0 |
|                   (gen_aw_id_counter.i_aw_id_counter)                                |      axi_demux_id_counters__parameterized2_848 |          0 |          0 |       0 |    0 |     16 |      0 |      0 |    0 |          0 |
|                   gen_counters[0].i_in_flight_cnt                                    |              delta_counter__parameterized8_851 |          1 |          1 |       0 |    0 |      2 |      0 |      0 |    0 |          0 |
|                   gen_counters[10].i_in_flight_cnt                                   |              delta_counter__parameterized8_852 |          1 |          1 |       0 |    0 |      2 |      0 |      0 |    0 |          0 |
|                   gen_counters[11].i_in_flight_cnt                                   |              delta_counter__parameterized8_853 |          2 |          2 |       0 |    0 |      2 |      0 |      0 |    0 |          0 |
|                   gen_counters[12].i_in_flight_cnt                                   |              delta_counter__parameterized8_854 |          1 |          1 |       0 |    0 |      2 |      0 |      0 |    0 |          0 |
|                   gen_counters[13].i_in_flight_cnt                                   |              delta_counter__parameterized8_855 |          2 |          2 |       0 |    0 |      2 |      0 |      0 |    0 |          0 |
|                   gen_counters[14].i_in_flight_cnt                                   |              delta_counter__parameterized8_856 |          2 |          2 |       0 |    0 |      2 |      0 |      0 |    0 |          0 |
|                   gen_counters[15].i_in_flight_cnt                                   |              delta_counter__parameterized8_857 |          4 |          4 |       0 |    0 |      2 |      0 |      0 |    0 |          0 |
|                   gen_counters[1].i_in_flight_cnt                                    |              delta_counter__parameterized8_858 |          2 |          2 |       0 |    0 |      2 |      0 |      0 |    0 |          0 |
|                   gen_counters[2].i_in_flight_cnt                                    |              delta_counter__parameterized8_859 |          1 |          1 |       0 |    0 |      2 |      0 |      0 |    0 |          0 |
|                   gen_counters[3].i_in_flight_cnt                                    |              delta_counter__parameterized8_860 |          6 |          6 |       0 |    0 |      2 |      0 |      0 |    0 |          0 |
|                   gen_counters[4].i_in_flight_cnt                                    |              delta_counter__parameterized8_861 |          2 |          2 |       0 |    0 |      2 |      0 |      0 |    0 |          0 |
|                   gen_counters[5].i_in_flight_cnt                                    |              delta_counter__parameterized8_862 |          1 |          1 |       0 |    0 |      2 |      0 |      0 |    0 |          0 |
|                   gen_counters[6].i_in_flight_cnt                                    |              delta_counter__parameterized8_863 |          1 |          1 |       0 |    0 |      2 |      0 |      0 |    0 |          0 |
|                   gen_counters[7].i_in_flight_cnt                                    |              delta_counter__parameterized8_864 |          2 |          2 |       0 |    0 |      2 |      0 |      0 |    0 |          0 |
|                   gen_counters[8].i_in_flight_cnt                                    |              delta_counter__parameterized8_865 |          1 |          1 |       0 |    0 |      2 |      0 |      0 |    0 |          0 |
|                   gen_counters[9].i_in_flight_cnt                                    |              delta_counter__parameterized8_866 |          1 |          1 |       0 |    0 |      2 |      0 |      0 |    0 |          0 |
|                 i_b_mux                                                              |                                rr_arb_tree_849 |          3 |          3 |       0 |    0 |      4 |      0 |      0 |    0 |          0 |
|                 i_counter_open_w                                                     |                        counter__parameterized8 |          4 |          4 |       0 |    0 |      1 |      0 |      0 |    0 |          0 |
|                   i_counter                                                          |                  delta_counter__parameterized8 |          4 |          4 |       0 |    0 |      1 |      0 |      0 |    0 |          0 |
|                 i_r_mux                                                              |                                rr_arb_tree_850 |         34 |         34 |       0 |    0 |      4 |      0 |      0 |    0 |          0 |
|             i_err_slv                                                                |                    axi_err_slv__parameterized1 |         57 |         57 |       0 |    0 |     41 |      0 |      0 |    0 |          0 |
|               (i_err_slv)                                                            |                    axi_err_slv__parameterized1 |          0 |          0 |       0 |    0 |      1 |      0 |      0 |    0 |          0 |
|               i_b_fifo                                                               |                   fifo_v3__parameterized26_843 |         32 |         32 |       0 |    0 |     12 |      0 |      0 |    0 |          0 |
|               i_r_counter                                                            |                    counter__parameterized6_844 |         13 |         13 |       0 |    0 |      8 |      0 |      0 |    0 |          0 |
|                 i_counter                                                            |              delta_counter__parameterized6_847 |         13 |         13 |       0 |    0 |      8 |      0 |      0 |    0 |          0 |
|               i_r_fifo                                                               |                   fifo_v3__parameterized27_845 |          5 |          5 |       0 |    0 |     14 |      0 |      0 |    0 |          0 |
|               i_w_fifo                                                               |                   fifo_v3__parameterized25_846 |          8 |          8 |       0 |    0 |      6 |      0 |      0 |    0 |          0 |
|           i_axi_to_axi_lite_id_reflect                                               |                     axi_to_axi_lite_id_reflect |         34 |         34 |       0 |    0 |     24 |      0 |      0 |    0 |          0 |
|             i_ar_id_fifo                                                             |                   fifo_v3__parameterized26_841 |         26 |         26 |       0 |    0 |     12 |      0 |      0 |    0 |          0 |
|             i_aw_id_fifo                                                             |                   fifo_v3__parameterized26_842 |          8 |          8 |       0 |    0 |     12 |      0 |      0 |    0 |          0 |
|       i_dma_cfg_cut                                                                  |                        axi_cut__parameterized1 |        272 |        272 |       0 |    0 |    390 |      0 |      0 |    0 |          0 |
|         i_reg_ar                                                                     |             spill_register__parameterized6_835 |         76 |         76 |       0 |    0 |     50 |      0 |      0 |    0 |          0 |
|           spill_register_flushable_i                                                 |   spill_register_flushable__parameterized6_840 |         76 |         76 |       0 |    0 |     50 |      0 |      0 |    0 |          0 |
|         i_reg_aw                                                                     |             spill_register__parameterized4_836 |         78 |         78 |       0 |    0 |     50 |      0 |      0 |    0 |          0 |
|           spill_register_flushable_i                                                 |   spill_register_flushable__parameterized4_839 |         78 |         78 |       0 |    0 |     50 |      0 |      0 |    0 |          0 |
|         i_reg_b                                                                      |             spill_register__parameterized5_837 |          5 |          5 |       0 |    0 |     10 |      0 |      0 |    0 |          0 |
|           spill_register_flushable_i                                                 |   spill_register_flushable__parameterized5_838 |          5 |          5 |       0 |    0 |     10 |      0 |      0 |    0 |          0 |
|         i_reg_r                                                                      |                spill_register__parameterized40 |         72 |         72 |       0 |    0 |    140 |      0 |      0 |    0 |          0 |
|           spill_register_flushable_i                                                 |      spill_register_flushable__parameterized41 |         72 |         72 |       0 |    0 |    140 |      0 |      0 |    0 |          0 |
|         i_reg_w                                                                      |                spill_register__parameterized39 |         41 |         41 |       0 |    0 |    140 |      0 |      0 |    0 |          0 |
|           spill_register_flushable_i                                                 |      spill_register_flushable__parameterized40 |         41 |         41 |       0 |    0 |    140 |      0 |      0 |    0 |          0 |
|       i_dma_cfg_dw_conv                                                              |               axi_dw_converter__parameterized1 |       2981 |       2981 |       0 |    0 |   1390 |      0 |      0 |    0 |          3 |
|         gen_dw_downsize.i_axi_dw_downsizer                                           |                               axi_dw_downsizer |       2981 |       2981 |       0 |    0 |   1390 |      0 |      0 |    0 |          3 |
|           (gen_dw_downsize.i_axi_dw_downsizer)                                       |                               axi_dw_downsizer |       1470 |       1470 |       0 |    0 |   1003 |      0 |      0 |    0 |          3 |
|           i_axi_demux                                                                |                      axi_demux__parameterized1 |        385 |        385 |       0 |    0 |    249 |      0 |      0 |    0 |          0 |
|             i_ar_sel_spill_reg                                                       |                spill_register__parameterized36 |         13 |         13 |       0 |    0 |      4 |      0 |      0 |    0 |          0 |
|               spill_register_flushable_i                                             |  spill_register_flushable__parameterized37_834 |         13 |         13 |       0 |    0 |      4 |      0 |      0 |    0 |          0 |
|             i_ar_spill_reg                                                           |             spill_register__parameterized6_794 |         33 |         33 |       0 |    0 |     50 |      0 |      0 |    0 |          0 |
|               spill_register_flushable_i                                             |   spill_register_flushable__parameterized6_833 |         33 |         33 |       0 |    0 |     50 |      0 |      0 |    0 |          0 |
|             i_aw_select_spill_reg                                                    |            spill_register__parameterized36_795 |         11 |         11 |       0 |    0 |      4 |      0 |      0 |    0 |          0 |
|               spill_register_flushable_i                                             |      spill_register_flushable__parameterized37 |         11 |         11 |       0 |    0 |      4 |      0 |      0 |    0 |          0 |
|             i_aw_spill_reg                                                           |             spill_register__parameterized4_796 |         48 |         48 |       0 |    0 |     50 |      0 |      0 |    0 |          0 |
|               spill_register_flushable_i                                             |   spill_register_flushable__parameterized4_832 |         48 |         48 |       0 |    0 |     50 |      0 |      0 |    0 |          0 |
|             i_demux_simple                                                           |               axi_demux_simple__parameterized1 |        280 |        280 |       0 |    0 |    141 |      0 |      0 |    0 |          0 |
|               (i_demux_simple)                                                       |               axi_demux_simple__parameterized1 |          0 |          0 |       0 |    0 |      3 |      0 |      0 |    0 |          0 |
|               gen_ar_id_counter.i_ar_id_counter                                      |          axi_demux_id_counters__parameterized1 |         44 |         44 |       0 |    0 |     64 |      0 |      0 |    0 |          0 |
|                 (gen_ar_id_counter.i_ar_id_counter)                                  |          axi_demux_id_counters__parameterized1 |          4 |          4 |       0 |    0 |     16 |      0 |      0 |    0 |          0 |
|                 gen_counters[0].i_in_flight_cnt                                      |              delta_counter__parameterized7_816 |          2 |          2 |       0 |    0 |      3 |      0 |      0 |    0 |          0 |
|                 gen_counters[10].i_in_flight_cnt                                     |              delta_counter__parameterized7_817 |          3 |          3 |       0 |    0 |      3 |      0 |      0 |    0 |          0 |
|                 gen_counters[11].i_in_flight_cnt                                     |              delta_counter__parameterized7_818 |          2 |          2 |       0 |    0 |      3 |      0 |      0 |    0 |          0 |
|                 gen_counters[12].i_in_flight_cnt                                     |              delta_counter__parameterized7_819 |          2 |          2 |       0 |    0 |      3 |      0 |      0 |    0 |          0 |
|                 gen_counters[13].i_in_flight_cnt                                     |              delta_counter__parameterized7_820 |          2 |          2 |       0 |    0 |      3 |      0 |      0 |    0 |          0 |
|                 gen_counters[14].i_in_flight_cnt                                     |              delta_counter__parameterized7_821 |          2 |          2 |       0 |    0 |      3 |      0 |      0 |    0 |          0 |
|                 gen_counters[15].i_in_flight_cnt                                     |              delta_counter__parameterized7_822 |          2 |          2 |       0 |    0 |      3 |      0 |      0 |    0 |          0 |
|                 gen_counters[1].i_in_flight_cnt                                      |              delta_counter__parameterized7_823 |          4 |          4 |       0 |    0 |      3 |      0 |      0 |    0 |          0 |
|                 gen_counters[2].i_in_flight_cnt                                      |              delta_counter__parameterized7_824 |          2 |          2 |       0 |    0 |      3 |      0 |      0 |    0 |          0 |
|                 gen_counters[3].i_in_flight_cnt                                      |              delta_counter__parameterized7_825 |          2 |          2 |       0 |    0 |      3 |      0 |      0 |    0 |          0 |
|                 gen_counters[4].i_in_flight_cnt                                      |              delta_counter__parameterized7_826 |          7 |          7 |       0 |    0 |      3 |      0 |      0 |    0 |          0 |
|                 gen_counters[5].i_in_flight_cnt                                      |              delta_counter__parameterized7_827 |          2 |          2 |       0 |    0 |      3 |      0 |      0 |    0 |          0 |
|                 gen_counters[6].i_in_flight_cnt                                      |              delta_counter__parameterized7_828 |          2 |          2 |       0 |    0 |      3 |      0 |      0 |    0 |          0 |
|                 gen_counters[7].i_in_flight_cnt                                      |              delta_counter__parameterized7_829 |          2 |          2 |       0 |    0 |      3 |      0 |      0 |    0 |          0 |
|                 gen_counters[8].i_in_flight_cnt                                      |              delta_counter__parameterized7_830 |          2 |          2 |       0 |    0 |      3 |      0 |      0 |    0 |          0 |
|                 gen_counters[9].i_in_flight_cnt                                      |              delta_counter__parameterized7_831 |          3 |          3 |       0 |    0 |      3 |      0 |      0 |    0 |          0 |
|               gen_aw_id_counter.i_aw_id_counter                                      |      axi_demux_id_counters__parameterized1_797 |         40 |         40 |       0 |    0 |     64 |      0 |      0 |    0 |          0 |
|                 (gen_aw_id_counter.i_aw_id_counter)                                  |      axi_demux_id_counters__parameterized1_797 |          0 |          0 |       0 |    0 |     16 |      0 |      0 |    0 |          0 |
|                 gen_counters[0].i_in_flight_cnt                                      |              delta_counter__parameterized7_800 |          2 |          2 |       0 |    0 |      3 |      0 |      0 |    0 |          0 |
|                 gen_counters[10].i_in_flight_cnt                                     |              delta_counter__parameterized7_801 |          3 |          3 |       0 |    0 |      3 |      0 |      0 |    0 |          0 |
|                 gen_counters[11].i_in_flight_cnt                                     |              delta_counter__parameterized7_802 |          2 |          2 |       0 |    0 |      3 |      0 |      0 |    0 |          0 |
|                 gen_counters[12].i_in_flight_cnt                                     |              delta_counter__parameterized7_803 |          2 |          2 |       0 |    0 |      3 |      0 |      0 |    0 |          0 |
|                 gen_counters[13].i_in_flight_cnt                                     |              delta_counter__parameterized7_804 |          2 |          2 |       0 |    0 |      3 |      0 |      0 |    0 |          0 |
|                 gen_counters[14].i_in_flight_cnt                                     |              delta_counter__parameterized7_805 |          2 |          2 |       0 |    0 |      3 |      0 |      0 |    0 |          0 |
|                 gen_counters[15].i_in_flight_cnt                                     |              delta_counter__parameterized7_806 |          2 |          2 |       0 |    0 |      3 |      0 |      0 |    0 |          0 |
|                 gen_counters[1].i_in_flight_cnt                                      |              delta_counter__parameterized7_807 |          2 |          2 |       0 |    0 |      3 |      0 |      0 |    0 |          0 |
|                 gen_counters[2].i_in_flight_cnt                                      |              delta_counter__parameterized7_808 |          3 |          3 |       0 |    0 |      3 |      0 |      0 |    0 |          0 |
|                 gen_counters[3].i_in_flight_cnt                                      |              delta_counter__parameterized7_809 |          2 |          2 |       0 |    0 |      3 |      0 |      0 |    0 |          0 |
|                 gen_counters[4].i_in_flight_cnt                                      |              delta_counter__parameterized7_810 |          7 |          7 |       0 |    0 |      3 |      0 |      0 |    0 |          0 |
|                 gen_counters[5].i_in_flight_cnt                                      |              delta_counter__parameterized7_811 |          2 |          2 |       0 |    0 |      3 |      0 |      0 |    0 |          0 |
|                 gen_counters[6].i_in_flight_cnt                                      |              delta_counter__parameterized7_812 |          2 |          2 |       0 |    0 |      3 |      0 |      0 |    0 |          0 |
|                 gen_counters[7].i_in_flight_cnt                                      |              delta_counter__parameterized7_813 |          2 |          2 |       0 |    0 |      3 |      0 |      0 |    0 |          0 |
|                 gen_counters[8].i_in_flight_cnt                                      |              delta_counter__parameterized7_814 |          2 |          2 |       0 |    0 |      3 |      0 |      0 |    0 |          0 |
|                 gen_counters[9].i_in_flight_cnt                                      |              delta_counter__parameterized7_815 |          3 |          3 |       0 |    0 |      3 |      0 |      0 |    0 |          0 |
|               i_b_mux                                                                |                                rr_arb_tree_798 |          1 |          1 |       0 |    0 |      4 |      0 |      0 |    0 |          0 |
|               i_counter_open_w                                                       |                        counter__parameterized7 |         91 |         91 |       0 |    0 |      2 |      0 |      0 |    0 |          0 |
|                 i_counter                                                            |                  delta_counter__parameterized7 |         91 |         91 |       0 |    0 |      2 |      0 |      0 |    0 |          0 |
|               i_r_mux                                                                |                                rr_arb_tree_799 |        104 |        104 |       0 |    0 |      4 |      0 |      0 |    0 |          0 |
|           i_axi_err_slv                                                              |                    axi_err_slv__parameterized0 |        100 |        100 |       0 |    0 |     57 |      0 |      0 |    0 |          0 |
|             (i_axi_err_slv)                                                          |                    axi_err_slv__parameterized0 |          0 |          0 |       0 |    0 |      1 |      0 |      0 |    0 |          0 |
|             i_atop_filter                                                            |                                axi_atop_filter |         68 |         68 |       0 |    0 |     16 |      0 |      0 |    0 |          0 |
|             i_b_fifo                                                                 |                   fifo_v3__parameterized26_789 |         10 |         10 |       0 |    0 |     12 |      0 |      0 |    0 |          0 |
|             i_r_counter                                                              |                    counter__parameterized6_790 |         12 |         12 |       0 |    0 |      8 |      0 |      0 |    0 |          0 |
|               i_counter                                                              |              delta_counter__parameterized6_793 |         12 |         12 |       0 |    0 |      8 |      0 |      0 |    0 |          0 |
|             i_r_fifo                                                                 |                   fifo_v3__parameterized27_791 |          6 |          6 |       0 |    0 |     14 |      0 |      0 |    0 |          0 |
|             i_w_fifo                                                                 |                   fifo_v3__parameterized25_792 |          6 |          6 |       0 |    0 |      6 |      0 |      0 |    0 |          0 |
|           i_forward_b_beats_queue                                                    |                       fifo_v3__parameterized29 |         38 |         38 |       0 |    0 |     11 |      0 |      0 |    0 |          0 |
|           i_mst_ar_arb                                                               |               rr_arb_tree__parameterized25_788 |         44 |         44 |       0 |    0 |      7 |      0 |      0 |    0 |          0 |
|           i_read_id_queue                                                            |                                       id_queue |        140 |        140 |       0 |    0 |     56 |      0 |      0 |    0 |          0 |
|           i_slv_r_arb                                                                |                   rr_arb_tree__parameterized23 |        837 |        837 |       0 |    0 |      7 |      0 |      0 |    0 |          0 |
|       i_idma_backend                                                                 |                                   idma_backend |       1622 |       1622 |       0 |    0 |   2210 |      0 |      0 |    0 |          0 |
|         gen_axi_transport_layer.i_idma_axi_transport_layer                           |                       idma_axi_transport_layer |        250 |        250 |       0 |    0 |    506 |      0 |      0 |    0 |          0 |
|           (gen_axi_transport_layer.i_idma_axi_transport_layer)                       |                       idma_axi_transport_layer |          6 |          6 |       0 |    0 |     10 |      0 |      0 |    0 |          0 |
|           i_idma_buffer                                                              |                                    idma_buffer |        245 |        245 |       0 |    0 |    496 |      0 |      0 |    0 |          0 |
|             gen_fifo_buffer[0].i_byte_buffer                                         |               idma_stream_fifo__parameterized1 |         15 |         15 |       0 |    0 |     31 |      0 |      0 |    0 |          0 |
|               gen_fifo.i_stream_fifo                                                 |                stream_fifo__parameterized5_786 |         15 |         15 |       0 |    0 |     31 |      0 |      0 |    0 |          0 |
|                 fifo_i                                                               |                   fifo_v3__parameterized36_787 |         15 |         15 |       0 |    0 |     31 |      0 |      0 |    0 |          0 |
|             gen_fifo_buffer[10].i_byte_buffer                                        |           idma_stream_fifo__parameterized1_743 |         15 |         15 |       0 |    0 |     31 |      0 |      0 |    0 |          0 |
|               gen_fifo.i_stream_fifo                                                 |                stream_fifo__parameterized5_784 |         15 |         15 |       0 |    0 |     31 |      0 |      0 |    0 |          0 |
|                 fifo_i                                                               |                   fifo_v3__parameterized36_785 |         15 |         15 |       0 |    0 |     31 |      0 |      0 |    0 |          0 |
|             gen_fifo_buffer[11].i_byte_buffer                                        |           idma_stream_fifo__parameterized1_744 |         14 |         14 |       0 |    0 |     31 |      0 |      0 |    0 |          0 |
|               gen_fifo.i_stream_fifo                                                 |                stream_fifo__parameterized5_782 |         14 |         14 |       0 |    0 |     31 |      0 |      0 |    0 |          0 |
|                 fifo_i                                                               |                   fifo_v3__parameterized36_783 |         14 |         14 |       0 |    0 |     31 |      0 |      0 |    0 |          0 |
|             gen_fifo_buffer[12].i_byte_buffer                                        |           idma_stream_fifo__parameterized1_745 |         13 |         13 |       0 |    0 |     31 |      0 |      0 |    0 |          0 |
|               gen_fifo.i_stream_fifo                                                 |                stream_fifo__parameterized5_780 |         13 |         13 |       0 |    0 |     31 |      0 |      0 |    0 |          0 |
|                 fifo_i                                                               |                   fifo_v3__parameterized36_781 |         13 |         13 |       0 |    0 |     31 |      0 |      0 |    0 |          0 |
|             gen_fifo_buffer[13].i_byte_buffer                                        |           idma_stream_fifo__parameterized1_746 |         15 |         15 |       0 |    0 |     31 |      0 |      0 |    0 |          0 |
|               gen_fifo.i_stream_fifo                                                 |                stream_fifo__parameterized5_778 |         15 |         15 |       0 |    0 |     31 |      0 |      0 |    0 |          0 |
|                 fifo_i                                                               |                   fifo_v3__parameterized36_779 |         15 |         15 |       0 |    0 |     31 |      0 |      0 |    0 |          0 |
|             gen_fifo_buffer[14].i_byte_buffer                                        |           idma_stream_fifo__parameterized1_747 |         14 |         14 |       0 |    0 |     31 |      0 |      0 |    0 |          0 |
|               gen_fifo.i_stream_fifo                                                 |                stream_fifo__parameterized5_776 |         14 |         14 |       0 |    0 |     31 |      0 |      0 |    0 |          0 |
|                 fifo_i                                                               |                   fifo_v3__parameterized36_777 |         14 |         14 |       0 |    0 |     31 |      0 |      0 |    0 |          0 |
|             gen_fifo_buffer[15].i_byte_buffer                                        |           idma_stream_fifo__parameterized1_748 |         16 |         16 |       0 |    0 |     31 |      0 |      0 |    0 |          0 |
|               gen_fifo.i_stream_fifo                                                 |                stream_fifo__parameterized5_774 |         16 |         16 |       0 |    0 |     31 |      0 |      0 |    0 |          0 |
|                 fifo_i                                                               |                   fifo_v3__parameterized36_775 |         16 |         16 |       0 |    0 |     31 |      0 |      0 |    0 |          0 |
|             gen_fifo_buffer[1].i_byte_buffer                                         |           idma_stream_fifo__parameterized1_749 |         15 |         15 |       0 |    0 |     31 |      0 |      0 |    0 |          0 |
|               gen_fifo.i_stream_fifo                                                 |                stream_fifo__parameterized5_772 |         15 |         15 |       0 |    0 |     31 |      0 |      0 |    0 |          0 |
|                 fifo_i                                                               |                   fifo_v3__parameterized36_773 |         15 |         15 |       0 |    0 |     31 |      0 |      0 |    0 |          0 |
|             gen_fifo_buffer[2].i_byte_buffer                                         |           idma_stream_fifo__parameterized1_750 |         14 |         14 |       0 |    0 |     31 |      0 |      0 |    0 |          0 |
|               gen_fifo.i_stream_fifo                                                 |                stream_fifo__parameterized5_770 |         14 |         14 |       0 |    0 |     31 |      0 |      0 |    0 |          0 |
|                 fifo_i                                                               |                   fifo_v3__parameterized36_771 |         14 |         14 |       0 |    0 |     31 |      0 |      0 |    0 |          0 |
|             gen_fifo_buffer[3].i_byte_buffer                                         |           idma_stream_fifo__parameterized1_751 |         14 |         14 |       0 |    0 |     31 |      0 |      0 |    0 |          0 |
|               gen_fifo.i_stream_fifo                                                 |                stream_fifo__parameterized5_768 |         14 |         14 |       0 |    0 |     31 |      0 |      0 |    0 |          0 |
|                 fifo_i                                                               |                   fifo_v3__parameterized36_769 |         14 |         14 |       0 |    0 |     31 |      0 |      0 |    0 |          0 |
|             gen_fifo_buffer[4].i_byte_buffer                                         |           idma_stream_fifo__parameterized1_752 |         13 |         13 |       0 |    0 |     31 |      0 |      0 |    0 |          0 |
|               gen_fifo.i_stream_fifo                                                 |                stream_fifo__parameterized5_766 |         13 |         13 |       0 |    0 |     31 |      0 |      0 |    0 |          0 |
|                 fifo_i                                                               |                   fifo_v3__parameterized36_767 |         13 |         13 |       0 |    0 |     31 |      0 |      0 |    0 |          0 |
|             gen_fifo_buffer[5].i_byte_buffer                                         |           idma_stream_fifo__parameterized1_753 |         15 |         15 |       0 |    0 |     31 |      0 |      0 |    0 |          0 |
|               gen_fifo.i_stream_fifo                                                 |                stream_fifo__parameterized5_764 |         15 |         15 |       0 |    0 |     31 |      0 |      0 |    0 |          0 |
|                 fifo_i                                                               |                   fifo_v3__parameterized36_765 |         15 |         15 |       0 |    0 |     31 |      0 |      0 |    0 |          0 |
|             gen_fifo_buffer[6].i_byte_buffer                                         |           idma_stream_fifo__parameterized1_754 |         18 |         18 |       0 |    0 |     31 |      0 |      0 |    0 |          0 |
|               gen_fifo.i_stream_fifo                                                 |                stream_fifo__parameterized5_762 |         18 |         18 |       0 |    0 |     31 |      0 |      0 |    0 |          0 |
|                 fifo_i                                                               |                   fifo_v3__parameterized36_763 |         18 |         18 |       0 |    0 |     31 |      0 |      0 |    0 |          0 |
|             gen_fifo_buffer[7].i_byte_buffer                                         |           idma_stream_fifo__parameterized1_755 |         25 |         25 |       0 |    0 |     31 |      0 |      0 |    0 |          0 |
|               gen_fifo.i_stream_fifo                                                 |                stream_fifo__parameterized5_760 |         25 |         25 |       0 |    0 |     31 |      0 |      0 |    0 |          0 |
|                 fifo_i                                                               |                   fifo_v3__parameterized36_761 |         25 |         25 |       0 |    0 |     31 |      0 |      0 |    0 |          0 |
|             gen_fifo_buffer[8].i_byte_buffer                                         |           idma_stream_fifo__parameterized1_756 |         15 |         15 |       0 |    0 |     31 |      0 |      0 |    0 |          0 |
|               gen_fifo.i_stream_fifo                                                 |                stream_fifo__parameterized5_758 |         15 |         15 |       0 |    0 |     31 |      0 |      0 |    0 |          0 |
|                 fifo_i                                                               |                   fifo_v3__parameterized36_759 |         15 |         15 |       0 |    0 |     31 |      0 |      0 |    0 |          0 |
|             gen_fifo_buffer[9].i_byte_buffer                                         |           idma_stream_fifo__parameterized1_757 |         14 |         14 |       0 |    0 |     31 |      0 |      0 |    0 |          0 |
|               gen_fifo.i_stream_fifo                                                 |                    stream_fifo__parameterized5 |         14 |         14 |       0 |    0 |     31 |      0 |      0 |    0 |          0 |
|                 fifo_i                                                               |                       fifo_v3__parameterized36 |         14 |         14 |       0 |    0 |     31 |      0 |      0 |    0 |          0 |
|         gen_hw_legalizer.i_idma_legalizer                                            |                                 idma_legalizer |        383 |        383 |       0 |    0 |    202 |      0 |      0 |    0 |          0 |
|         gen_last_flag_fifo.i_w_last                                                  |               idma_stream_fifo__parameterized0 |         65 |         65 |       0 |    0 |     70 |      0 |      0 |    0 |          0 |
|           gen_fifo.i_stream_fifo                                                     |                    stream_fifo__parameterized4 |         65 |         65 |       0 |    0 |     70 |      0 |      0 |    0 |          0 |
|             fifo_i                                                                   |                       fifo_v3__parameterized35 |         65 |         65 |       0 |    0 |     70 |      0 |      0 |    0 |          0 |
|         gen_r_aw_coupler.i_idma_channel_coupler                                      |                           idma_channel_coupler |        420 |        420 |       0 |    0 |    886 |      0 |      0 |    0 |          0 |
|           (gen_r_aw_coupler.i_idma_channel_coupler)                                  |                           idma_channel_coupler |          1 |          1 |       0 |    0 |      4 |      0 |      0 |    0 |          0 |
|           i_aw_store                                                                 |               idma_stream_fifo__parameterized2 |        410 |        410 |       0 |    0 |    880 |      0 |      0 |    0 |          0 |
|             gen_fifo.i_stream_fifo                                                   |                    stream_fifo__parameterized6 |        410 |        410 |       0 |    0 |    880 |      0 |      0 |    0 |          0 |
|               fifo_i                                                                 |                       fifo_v3__parameterized37 |        410 |        410 |       0 |    0 |    880 |      0 |      0 |    0 |          0 |
|           i_fall_through_register_decouple_aw_valid                                  |          fall_through_register__parameterized1 |          9 |          9 |       0 |    0 |      2 |      0 |      0 |    0 |          0 |
|             i_fifo                                                                   |                       fifo_v3__parameterized38 |          9 |          9 |       0 |    0 |      2 |      0 |      0 |    0 |          0 |
|         gen_w_dp_fifo.i_w_dp_req                                                     |                               idma_stream_fifo |        165 |        165 |       0 |    0 |    285 |      0 |      0 |    0 |          0 |
|           gen_fifo.i_stream_fifo                                                     |                    stream_fifo__parameterized3 |        165 |        165 |       0 |    0 |    285 |      0 |      0 |    0 |          0 |
|             fifo_i                                                                   |                       fifo_v3__parameterized34 |        165 |        165 |       0 |    0 |    285 |      0 |      0 |    0 |          0 |
|         i_ar_fall_through_register                                                   |          fall_through_register__parameterized2 |        214 |        214 |       0 |    0 |     56 |      0 |      0 |    0 |          0 |
|           i_fifo                                                                     |                       fifo_v3__parameterized40 |        214 |        214 |       0 |    0 |     56 |      0 |      0 |    0 |          0 |
|         i_r_dp_req                                                                   |               idma_stream_fifo__parameterized3 |        131 |        131 |       0 |    0 |    205 |      0 |      0 |    0 |          0 |
|           gen_fifo.i_stream_fifo                                                     |                    stream_fifo__parameterized7 |        131 |        131 |       0 |    0 |    205 |      0 |      0 |    0 |          0 |
|             fifo_i                                                                   |                       fifo_v3__parameterized39 |        131 |        131 |       0 |    0 |    205 |      0 |      0 |    0 |          0 |
|     gen_dma.i_dma_conf_atomics_cut                                                   |                                        axi_cut |        378 |        378 |       0 |    0 |    816 |      0 |      0 |    0 |          0 |
|       i_reg_ar                                                                       |             spill_register__parameterized6_733 |        103 |        103 |       0 |    0 |    132 |      0 |      0 |    0 |          0 |
|         spill_register_flushable_i                                                   |   spill_register_flushable__parameterized6_742 |        103 |        103 |       0 |    0 |    132 |      0 |      0 |    0 |          0 |
|       i_reg_aw                                                                       |             spill_register__parameterized4_734 |         72 |         72 |       0 |    0 |    132 |      0 |      0 |    0 |          0 |
|         spill_register_flushable_i                                                   |   spill_register_flushable__parameterized4_741 |         72 |         72 |       0 |    0 |    132 |      0 |      0 |    0 |          0 |
|       i_reg_b                                                                        |             spill_register__parameterized5_735 |          4 |          4 |       0 |    0 |     10 |      0 |      0 |    0 |          0 |
|         spill_register_flushable_i                                                   |   spill_register_flushable__parameterized5_740 |          4 |          4 |       0 |    0 |     10 |      0 |      0 |    0 |          0 |
|       i_reg_r                                                                        |             spill_register__parameterized7_736 |         68 |         68 |       0 |    0 |    268 |      0 |      0 |    0 |          0 |
|         spill_register_flushable_i                                                   |   spill_register_flushable__parameterized7_739 |         68 |         68 |       0 |    0 |    268 |      0 |      0 |    0 |          0 |
|       i_reg_w                                                                        |             spill_register__parameterized2_737 |        131 |        131 |       0 |    0 |    274 |      0 |      0 |    0 |          0 |
|         spill_register_flushable_i                                                   |   spill_register_flushable__parameterized2_738 |        131 |        131 |       0 |    0 |    274 |      0 |      0 |    0 |          0 |
|     gen_ext_in_intr_syncs[0].i_ext_intr_sync                                         |                                       sync__59 |          1 |          1 |       0 |    0 |      2 |      0 |      0 |    0 |          0 |
|     gen_llc.i_llc                                                                    |                               axi_llc_reg_wrap |       8464 |       8464 |       0 |    0 |   5624 |    264 |      8 |    0 |          0 |
|       i_axi_llc_top_raw                                                              |                                    axi_llc_top |       8216 |       8216 |       0 |    0 |   5477 |    264 |      8 |    0 |          0 |
|         (i_axi_llc_top_raw)                                                          |                                    axi_llc_top |          4 |          4 |       0 |    0 |      0 |      0 |      0 |    0 |          0 |
|         i_ar_splitter                                                                |          axi_llc_chan_splitter__parameterized0 |        400 |        400 |       0 |    0 |     74 |      0 |      0 |    0 |          0 |
|           (i_ar_splitter)                                                            |          axi_llc_chan_splitter__parameterized0 |         58 |         58 |       0 |    0 |     74 |      0 |      0 |    0 |          0 |
|           i_burst_cutter                                                             |           axi_llc_burst_cutter__parameterized0 |        347 |        347 |       0 |    0 |      0 |      0 |      0 |    0 |          0 |
|             (i_burst_cutter)                                                         |           axi_llc_burst_cutter__parameterized0 |        182 |        182 |       0 |    0 |      0 |      0 |      0 |    0 |          0 |
|             i_burst_cutter_decode                                                    |                addr_decode__parameterized0_731 |        166 |        166 |       0 |    0 |      0 |      0 |      0 |    0 |          0 |
|               i_addr_decode_dync                                                     |           addr_decode_dync__parameterized0_732 |        166 |        166 |       0 |    0 |      0 |      0 |      0 |    0 |          0 |
|         i_aw_splitter                                                                |                          axi_llc_chan_splitter |        442 |        442 |       0 |    0 |     66 |      0 |      0 |    0 |          0 |
|           (i_aw_splitter)                                                            |                          axi_llc_chan_splitter |         64 |         64 |       0 |    0 |     66 |      0 |      0 |    0 |          0 |
|           i_burst_cutter                                                             |                           axi_llc_burst_cutter |        388 |        388 |       0 |    0 |      0 |      0 |      0 |    0 |          0 |
|             (i_burst_cutter)                                                         |                           axi_llc_burst_cutter |        211 |        211 |       0 |    0 |      0 |      0 |      0 |    0 |          0 |
|             i_burst_cutter_decode                                                    |                    addr_decode__parameterized0 |        179 |        179 |       0 |    0 |      0 |      0 |      0 |    0 |          0 |
|               i_addr_decode_dync                                                     |               addr_decode_dync__parameterized0 |        179 |        179 |       0 |    0 |      0 |      0 |      0 |    0 |          0 |
|         i_axi_bypass_demux                                                           |                                      axi_demux |        341 |        341 |       0 |    0 |    207 |      0 |      0 |    0 |          0 |
|           i_demux_simple                                                             |                               axi_demux_simple |        341 |        341 |       0 |    0 |    207 |      0 |      0 |    0 |          0 |
|             (i_demux_simple)                                                         |                               axi_demux_simple |          0 |          0 |       0 |    0 |      3 |      0 |      0 |    0 |          0 |
|             gen_ar_id_counter.i_ar_id_counter                                        |                          axi_demux_id_counters |        106 |        106 |       0 |    0 |     96 |      0 |      0 |    0 |          0 |
|               (gen_ar_id_counter.i_ar_id_counter)                                    |                          axi_demux_id_counters |          4 |          4 |       0 |    0 |     16 |      0 |      0 |    0 |          0 |
|               gen_counters[0].i_in_flight_cnt                                        |              delta_counter__parameterized0_715 |          6 |          6 |       0 |    0 |      5 |      0 |      0 |    0 |          0 |
|               gen_counters[10].i_in_flight_cnt                                       |              delta_counter__parameterized0_716 |          7 |          7 |       0 |    0 |      5 |      0 |      0 |    0 |          0 |
|               gen_counters[11].i_in_flight_cnt                                       |              delta_counter__parameterized0_717 |          6 |          6 |       0 |    0 |      5 |      0 |      0 |    0 |          0 |
|               gen_counters[12].i_in_flight_cnt                                       |              delta_counter__parameterized0_718 |          6 |          6 |       0 |    0 |      5 |      0 |      0 |    0 |          0 |
|               gen_counters[13].i_in_flight_cnt                                       |              delta_counter__parameterized0_719 |          6 |          6 |       0 |    0 |      5 |      0 |      0 |    0 |          0 |
|               gen_counters[14].i_in_flight_cnt                                       |              delta_counter__parameterized0_720 |          6 |          6 |       0 |    0 |      5 |      0 |      0 |    0 |          0 |
|               gen_counters[15].i_in_flight_cnt                                       |              delta_counter__parameterized0_721 |          6 |          6 |       0 |    0 |      5 |      0 |      0 |    0 |          0 |
|               gen_counters[1].i_in_flight_cnt                                        |              delta_counter__parameterized0_722 |          6 |          6 |       0 |    0 |      5 |      0 |      0 |    0 |          0 |
|               gen_counters[2].i_in_flight_cnt                                        |              delta_counter__parameterized0_723 |          6 |          6 |       0 |    0 |      5 |      0 |      0 |    0 |          0 |
|               gen_counters[3].i_in_flight_cnt                                        |              delta_counter__parameterized0_724 |          6 |          6 |       0 |    0 |      5 |      0 |      0 |    0 |          0 |
|               gen_counters[4].i_in_flight_cnt                                        |              delta_counter__parameterized0_725 |          9 |          9 |       0 |    0 |      5 |      0 |      0 |    0 |          0 |
|               gen_counters[5].i_in_flight_cnt                                        |              delta_counter__parameterized0_726 |          6 |          6 |       0 |    0 |      5 |      0 |      0 |    0 |          0 |
|               gen_counters[6].i_in_flight_cnt                                        |              delta_counter__parameterized0_727 |          6 |          6 |       0 |    0 |      5 |      0 |      0 |    0 |          0 |
|               gen_counters[7].i_in_flight_cnt                                        |              delta_counter__parameterized0_728 |          6 |          6 |       0 |    0 |      5 |      0 |      0 |    0 |          0 |
|               gen_counters[8].i_in_flight_cnt                                        |              delta_counter__parameterized0_729 |          6 |          6 |       0 |    0 |      5 |      0 |      0 |    0 |          0 |
|               gen_counters[9].i_in_flight_cnt                                        |              delta_counter__parameterized0_730 |          8 |          8 |       0 |    0 |      5 |      0 |      0 |    0 |          0 |
|             gen_aw_id_counter.i_aw_id_counter                                        |                      axi_demux_id_counters_697 |         63 |         63 |       0 |    0 |     96 |      0 |      0 |    0 |          0 |
|               (gen_aw_id_counter.i_aw_id_counter)                                    |                      axi_demux_id_counters_697 |          0 |          0 |       0 |    0 |     16 |      0 |      0 |    0 |          0 |
|               gen_counters[0].i_in_flight_cnt                                        |              delta_counter__parameterized0_699 |          9 |          9 |       0 |    0 |      5 |      0 |      0 |    0 |          0 |
|               gen_counters[10].i_in_flight_cnt                                       |              delta_counter__parameterized0_700 |          4 |          4 |       0 |    0 |      5 |      0 |      0 |    0 |          0 |
|               gen_counters[11].i_in_flight_cnt                                       |              delta_counter__parameterized0_701 |          3 |          3 |       0 |    0 |      5 |      0 |      0 |    0 |          0 |
|               gen_counters[12].i_in_flight_cnt                                       |              delta_counter__parameterized0_702 |          3 |          3 |       0 |    0 |      5 |      0 |      0 |    0 |          0 |
|               gen_counters[13].i_in_flight_cnt                                       |              delta_counter__parameterized0_703 |          3 |          3 |       0 |    0 |      5 |      0 |      0 |    0 |          0 |
|               gen_counters[14].i_in_flight_cnt                                       |              delta_counter__parameterized0_704 |          3 |          3 |       0 |    0 |      5 |      0 |      0 |    0 |          0 |
|               gen_counters[15].i_in_flight_cnt                                       |              delta_counter__parameterized0_705 |          3 |          3 |       0 |    0 |      5 |      0 |      0 |    0 |          0 |
|               gen_counters[1].i_in_flight_cnt                                        |              delta_counter__parameterized0_706 |          3 |          3 |       0 |    0 |      5 |      0 |      0 |    0 |          0 |
|               gen_counters[2].i_in_flight_cnt                                        |              delta_counter__parameterized0_707 |          4 |          4 |       0 |    0 |      5 |      0 |      0 |    0 |          0 |
|               gen_counters[3].i_in_flight_cnt                                        |              delta_counter__parameterized0_708 |          3 |          3 |       0 |    0 |      5 |      0 |      0 |    0 |          0 |
|               gen_counters[4].i_in_flight_cnt                                        |              delta_counter__parameterized0_709 |          3 |          3 |       0 |    0 |      5 |      0 |      0 |    0 |          0 |
|               gen_counters[5].i_in_flight_cnt                                        |              delta_counter__parameterized0_710 |          3 |          3 |       0 |    0 |      5 |      0 |      0 |    0 |          0 |
|               gen_counters[6].i_in_flight_cnt                                        |              delta_counter__parameterized0_711 |          3 |          3 |       0 |    0 |      5 |      0 |      0 |    0 |          0 |
|               gen_counters[7].i_in_flight_cnt                                        |              delta_counter__parameterized0_712 |          3 |          3 |       0 |    0 |      5 |      0 |      0 |    0 |          0 |
|               gen_counters[8].i_in_flight_cnt                                        |              delta_counter__parameterized0_713 |          3 |          3 |       0 |    0 |      5 |      0 |      0 |    0 |          0 |
|               gen_counters[9].i_in_flight_cnt                                        |              delta_counter__parameterized0_714 |         10 |         10 |       0 |    0 |      5 |      0 |      0 |    0 |          0 |
|             i_b_mux                                                                  |                                    rr_arb_tree |          4 |          4 |       0 |    0 |      4 |      0 |      0 |    0 |          0 |
|             i_counter_open_w                                                         |                        counter__parameterized0 |         12 |         12 |       0 |    0 |      4 |      0 |      0 |    0 |          0 |
|               i_counter                                                              |                  delta_counter__parameterized0 |         12 |         12 |       0 |    0 |      4 |      0 |      0 |    0 |          0 |
|             i_r_mux                                                                  |                                rr_arb_tree_698 |        156 |        156 |       0 |    0 |      4 |      0 |      0 |    0 |          0 |
|         i_axi_bypass_mux                                                             |                                        axi_mux |         50 |         50 |       0 |    0 |     32 |      0 |      0 |    0 |          0 |
|           (i_axi_bypass_mux)                                                         |                                        axi_mux |          0 |          0 |       0 |    0 |      1 |      0 |      0 |    0 |          0 |
|           gen_mux.i_ar_arbiter                                                       |                    rr_arb_tree__parameterized5 |          7 |          7 |       0 |    0 |      4 |      0 |      0 |    0 |          0 |
|           gen_mux.i_aw_arbiter                                                       |                    rr_arb_tree__parameterized4 |         14 |         14 |       0 |    0 |      4 |      0 |      0 |    0 |          0 |
|           gen_mux.i_w_fifo                                                           |                        fifo_v3__parameterized7 |         29 |         29 |       0 |    0 |     23 |      0 |      0 |    0 |          0 |
|         i_axi_isolate_flush                                                          |                                    axi_isolate |        209 |        209 |       0 |    0 |     19 |      0 |      0 |    0 |          0 |
|           i_axi_isolate                                                              |                              axi_isolate_inner |        209 |        209 |       0 |    0 |     19 |      0 |      0 |    0 |          0 |
|         i_evict_unit                                                                 |                             axi_llc_evict_unit |        634 |        634 |       0 |    0 |   1582 |      0 |      0 |    0 |          0 |
|           i_aw_master                                                                |                              axi_llc_ax_master |          3 |          3 |       0 |    0 |     92 |      0 |      0 |    0 |          0 |
|           i_stream_fifo_evict                                                        |                                stream_fifo_691 |        141 |        141 |       0 |    0 |    259 |      0 |      0 |    0 |          0 |
|             fifo_i                                                                   |                    fifo_v3__parameterized0_696 |        141 |        141 |       0 |    0 |    259 |      0 |      0 |    0 |          0 |
|           i_stream_fifo_miss_buffer                                                  |                    stream_fifo__parameterized0 |         70 |         70 |       0 |    0 |    126 |      0 |      0 |    0 |          0 |
|             fifo_i                                                                   |                        fifo_v3__parameterized2 |         70 |         70 |       0 |    0 |    126 |      0 |      0 |    0 |          0 |
|           i_w_master                                                                 |                               axi_llc_w_master |        421 |        421 |       0 |    0 |   1105 |      0 |      0 |    0 |          0 |
|             (i_w_master)                                                             |                               axi_llc_w_master |          7 |          7 |       0 |    0 |     64 |      0 |      0 |    0 |          0 |
|             i_block_offset_counter                                                   |                    counter__parameterized3_692 |          8 |          8 |       0 |    0 |      4 |      0 |      0 |    0 |          0 |
|               i_counter                                                              |              delta_counter__parameterized3_695 |          8 |          8 |       0 |    0 |      4 |      0 |      0 |    0 |          0 |
|             i_r_data_fifo                                                            |                        fifo_v3__parameterized1 |        403 |        403 |       0 |    0 |   1034 |      0 |      0 |    0 |          0 |
|             i_w_to_send_counter                                                      |                    counter__parameterized3_693 |          3 |          3 |       0 |    0 |      3 |      0 |      0 |    0 |          0 |
|               i_counter                                                              |              delta_counter__parameterized3_694 |          3 |          3 |       0 |    0 |      3 |      0 |      0 |    0 |          0 |
|         i_hit_miss_unit                                                              |                               axi_llc_hit_miss |       1247 |       1247 |       0 |    0 |    659 |      8 |      8 |    0 |          0 |
|           (i_hit_miss_unit)                                                          |                               axi_llc_hit_miss |         19 |         19 |       0 |    0 |     64 |      0 |      0 |    0 |          0 |
|           i_lock_box_bloom                                                           |                         axi_llc_lock_box_bloom |        480 |        480 |       0 |    0 |    333 |      0 |      0 |    0 |          0 |
|             i_cb_filter                                                              |                                      cb_filter |        252 |        252 |       0 |    0 |    256 |      0 |      0 |    0 |          0 |
|               gen_buckets[0].i_bucket                                                |                    counter__parameterized3_563 |          3 |          3 |       0 |    0 |      4 |      0 |      0 |    0 |          0 |
|                 i_counter                                                            |              delta_counter__parameterized3_690 |          3 |          3 |       0 |    0 |      4 |      0 |      0 |    0 |          0 |
|               gen_buckets[10].i_bucket                                               |                    counter__parameterized3_564 |          4 |          4 |       0 |    0 |      4 |      0 |      0 |    0 |          0 |
|                 i_counter                                                            |              delta_counter__parameterized3_689 |          4 |          4 |       0 |    0 |      4 |      0 |      0 |    0 |          0 |
|               gen_buckets[11].i_bucket                                               |                    counter__parameterized3_565 |          3 |          3 |       0 |    0 |      4 |      0 |      0 |    0 |          0 |
|                 i_counter                                                            |              delta_counter__parameterized3_688 |          3 |          3 |       0 |    0 |      4 |      0 |      0 |    0 |          0 |
|               gen_buckets[12].i_bucket                                               |                    counter__parameterized3_566 |          3 |          3 |       0 |    0 |      4 |      0 |      0 |    0 |          0 |
|                 i_counter                                                            |              delta_counter__parameterized3_687 |          3 |          3 |       0 |    0 |      4 |      0 |      0 |    0 |          0 |
|               gen_buckets[13].i_bucket                                               |                    counter__parameterized3_567 |          4 |          4 |       0 |    0 |      4 |      0 |      0 |    0 |          0 |
|                 i_counter                                                            |              delta_counter__parameterized3_686 |          4 |          4 |       0 |    0 |      4 |      0 |      0 |    0 |          0 |
|               gen_buckets[14].i_bucket                                               |                    counter__parameterized3_568 |          6 |          6 |       0 |    0 |      4 |      0 |      0 |    0 |          0 |
|                 i_counter                                                            |              delta_counter__parameterized3_685 |          6 |          6 |       0 |    0 |      4 |      0 |      0 |    0 |          0 |
|               gen_buckets[15].i_bucket                                               |                    counter__parameterized3_569 |         11 |         11 |       0 |    0 |      4 |      0 |      0 |    0 |          0 |
|                 i_counter                                                            |              delta_counter__parameterized3_684 |         11 |         11 |       0 |    0 |      4 |      0 |      0 |    0 |          0 |
|               gen_buckets[16].i_bucket                                               |                    counter__parameterized3_570 |          3 |          3 |       0 |    0 |      4 |      0 |      0 |    0 |          0 |
|                 i_counter                                                            |              delta_counter__parameterized3_683 |          3 |          3 |       0 |    0 |      4 |      0 |      0 |    0 |          0 |
|               gen_buckets[17].i_bucket                                               |                    counter__parameterized3_571 |          3 |          3 |       0 |    0 |      4 |      0 |      0 |    0 |          0 |
|                 i_counter                                                            |              delta_counter__parameterized3_682 |          3 |          3 |       0 |    0 |      4 |      0 |      0 |    0 |          0 |
|               gen_buckets[18].i_bucket                                               |                    counter__parameterized3_572 |          3 |          3 |       0 |    0 |      4 |      0 |      0 |    0 |          0 |
|                 i_counter                                                            |              delta_counter__parameterized3_681 |          3 |          3 |       0 |    0 |      4 |      0 |      0 |    0 |          0 |
|               gen_buckets[19].i_bucket                                               |                    counter__parameterized3_573 |          4 |          4 |       0 |    0 |      4 |      0 |      0 |    0 |          0 |
|                 i_counter                                                            |              delta_counter__parameterized3_680 |          4 |          4 |       0 |    0 |      4 |      0 |      0 |    0 |          0 |
|               gen_buckets[1].i_bucket                                                |                    counter__parameterized3_574 |          5 |          5 |       0 |    0 |      4 |      0 |      0 |    0 |          0 |
|                 i_counter                                                            |              delta_counter__parameterized3_679 |          5 |          5 |       0 |    0 |      4 |      0 |      0 |    0 |          0 |
|               gen_buckets[20].i_bucket                                               |                    counter__parameterized3_575 |          4 |          4 |       0 |    0 |      4 |      0 |      0 |    0 |          0 |
|                 i_counter                                                            |              delta_counter__parameterized3_678 |          4 |          4 |       0 |    0 |      4 |      0 |      0 |    0 |          0 |
|               gen_buckets[21].i_bucket                                               |                    counter__parameterized3_576 |          5 |          5 |       0 |    0 |      4 |      0 |      0 |    0 |          0 |
|                 i_counter                                                            |              delta_counter__parameterized3_677 |          5 |          5 |       0 |    0 |      4 |      0 |      0 |    0 |          0 |
|               gen_buckets[22].i_bucket                                               |                    counter__parameterized3_577 |          3 |          3 |       0 |    0 |      4 |      0 |      0 |    0 |          0 |
|                 i_counter                                                            |              delta_counter__parameterized3_676 |          3 |          3 |       0 |    0 |      4 |      0 |      0 |    0 |          0 |
|               gen_buckets[23].i_bucket                                               |                    counter__parameterized3_578 |          4 |          4 |       0 |    0 |      4 |      0 |      0 |    0 |          0 |
|                 i_counter                                                            |              delta_counter__parameterized3_675 |          4 |          4 |       0 |    0 |      4 |      0 |      0 |    0 |          0 |
|               gen_buckets[24].i_bucket                                               |                    counter__parameterized3_579 |          3 |          3 |       0 |    0 |      4 |      0 |      0 |    0 |          0 |
|                 i_counter                                                            |              delta_counter__parameterized3_674 |          3 |          3 |       0 |    0 |      4 |      0 |      0 |    0 |          0 |
|               gen_buckets[25].i_bucket                                               |                    counter__parameterized3_580 |          3 |          3 |       0 |    0 |      4 |      0 |      0 |    0 |          0 |
|                 i_counter                                                            |              delta_counter__parameterized3_673 |          3 |          3 |       0 |    0 |      4 |      0 |      0 |    0 |          0 |
|               gen_buckets[26].i_bucket                                               |                    counter__parameterized3_581 |          3 |          3 |       0 |    0 |      4 |      0 |      0 |    0 |          0 |
|                 i_counter                                                            |              delta_counter__parameterized3_672 |          3 |          3 |       0 |    0 |      4 |      0 |      0 |    0 |          0 |
|               gen_buckets[27].i_bucket                                               |                    counter__parameterized3_582 |          4 |          4 |       0 |    0 |      4 |      0 |      0 |    0 |          0 |
|                 i_counter                                                            |              delta_counter__parameterized3_671 |          4 |          4 |       0 |    0 |      4 |      0 |      0 |    0 |          0 |
|               gen_buckets[28].i_bucket                                               |                    counter__parameterized3_583 |          3 |          3 |       0 |    0 |      4 |      0 |      0 |    0 |          0 |
|                 i_counter                                                            |              delta_counter__parameterized3_670 |          3 |          3 |       0 |    0 |      4 |      0 |      0 |    0 |          0 |
|               gen_buckets[29].i_bucket                                               |                    counter__parameterized3_584 |          4 |          4 |       0 |    0 |      4 |      0 |      0 |    0 |          0 |
|                 i_counter                                                            |              delta_counter__parameterized3_669 |          4 |          4 |       0 |    0 |      4 |      0 |      0 |    0 |          0 |
|               gen_buckets[2].i_bucket                                                |                    counter__parameterized3_585 |          5 |          5 |       0 |    0 |      4 |      0 |      0 |    0 |          0 |
|                 i_counter                                                            |              delta_counter__parameterized3_668 |          5 |          5 |       0 |    0 |      4 |      0 |      0 |    0 |          0 |
|               gen_buckets[30].i_bucket                                               |                    counter__parameterized3_586 |          3 |          3 |       0 |    0 |      4 |      0 |      0 |    0 |          0 |
|                 i_counter                                                            |              delta_counter__parameterized3_667 |          3 |          3 |       0 |    0 |      4 |      0 |      0 |    0 |          0 |
|               gen_buckets[31].i_bucket                                               |                    counter__parameterized3_587 |          4 |          4 |       0 |    0 |      4 |      0 |      0 |    0 |          0 |
|                 i_counter                                                            |              delta_counter__parameterized3_666 |          4 |          4 |       0 |    0 |      4 |      0 |      0 |    0 |          0 |
|               gen_buckets[32].i_bucket                                               |                    counter__parameterized3_588 |          3 |          3 |       0 |    0 |      4 |      0 |      0 |    0 |          0 |
|                 i_counter                                                            |              delta_counter__parameterized3_665 |          3 |          3 |       0 |    0 |      4 |      0 |      0 |    0 |          0 |
|               gen_buckets[33].i_bucket                                               |                    counter__parameterized3_589 |          3 |          3 |       0 |    0 |      4 |      0 |      0 |    0 |          0 |
|                 i_counter                                                            |              delta_counter__parameterized3_664 |          3 |          3 |       0 |    0 |      4 |      0 |      0 |    0 |          0 |
|               gen_buckets[34].i_bucket                                               |                    counter__parameterized3_590 |          4 |          4 |       0 |    0 |      4 |      0 |      0 |    0 |          0 |
|                 i_counter                                                            |              delta_counter__parameterized3_663 |          4 |          4 |       0 |    0 |      4 |      0 |      0 |    0 |          0 |
|               gen_buckets[35].i_bucket                                               |                    counter__parameterized3_591 |          4 |          4 |       0 |    0 |      4 |      0 |      0 |    0 |          0 |
|                 i_counter                                                            |              delta_counter__parameterized3_662 |          4 |          4 |       0 |    0 |      4 |      0 |      0 |    0 |          0 |
|               gen_buckets[36].i_bucket                                               |                    counter__parameterized3_592 |          3 |          3 |       0 |    0 |      4 |      0 |      0 |    0 |          0 |
|                 i_counter                                                            |              delta_counter__parameterized3_661 |          3 |          3 |       0 |    0 |      4 |      0 |      0 |    0 |          0 |
|               gen_buckets[37].i_bucket                                               |                    counter__parameterized3_593 |          3 |          3 |       0 |    0 |      4 |      0 |      0 |    0 |          0 |
|                 i_counter                                                            |              delta_counter__parameterized3_660 |          3 |          3 |       0 |    0 |      4 |      0 |      0 |    0 |          0 |
|               gen_buckets[38].i_bucket                                               |                    counter__parameterized3_594 |          3 |          3 |       0 |    0 |      4 |      0 |      0 |    0 |          0 |
|                 i_counter                                                            |              delta_counter__parameterized3_659 |          3 |          3 |       0 |    0 |      4 |      0 |      0 |    0 |          0 |
|               gen_buckets[39].i_bucket                                               |                    counter__parameterized3_595 |          4 |          4 |       0 |    0 |      4 |      0 |      0 |    0 |          0 |
|                 i_counter                                                            |              delta_counter__parameterized3_658 |          4 |          4 |       0 |    0 |      4 |      0 |      0 |    0 |          0 |
|               gen_buckets[3].i_bucket                                                |                    counter__parameterized3_596 |          3 |          3 |       0 |    0 |      4 |      0 |      0 |    0 |          0 |
|                 i_counter                                                            |              delta_counter__parameterized3_657 |          3 |          3 |       0 |    0 |      4 |      0 |      0 |    0 |          0 |
|               gen_buckets[40].i_bucket                                               |                    counter__parameterized3_597 |          3 |          3 |       0 |    0 |      4 |      0 |      0 |    0 |          0 |
|                 i_counter                                                            |              delta_counter__parameterized3_656 |          3 |          3 |       0 |    0 |      4 |      0 |      0 |    0 |          0 |
|               gen_buckets[41].i_bucket                                               |                    counter__parameterized3_598 |          4 |          4 |       0 |    0 |      4 |      0 |      0 |    0 |          0 |
|                 i_counter                                                            |              delta_counter__parameterized3_655 |          4 |          4 |       0 |    0 |      4 |      0 |      0 |    0 |          0 |
|               gen_buckets[42].i_bucket                                               |                    counter__parameterized3_599 |          5 |          5 |       0 |    0 |      4 |      0 |      0 |    0 |          0 |
|                 i_counter                                                            |              delta_counter__parameterized3_654 |          5 |          5 |       0 |    0 |      4 |      0 |      0 |    0 |          0 |
|               gen_buckets[43].i_bucket                                               |                    counter__parameterized3_600 |          4 |          4 |       0 |    0 |      4 |      0 |      0 |    0 |          0 |
|                 i_counter                                                            |              delta_counter__parameterized3_653 |          4 |          4 |       0 |    0 |      4 |      0 |      0 |    0 |          0 |
|               gen_buckets[44].i_bucket                                               |                    counter__parameterized3_601 |          3 |          3 |       0 |    0 |      4 |      0 |      0 |    0 |          0 |
|                 i_counter                                                            |              delta_counter__parameterized3_652 |          3 |          3 |       0 |    0 |      4 |      0 |      0 |    0 |          0 |
|               gen_buckets[45].i_bucket                                               |                    counter__parameterized3_602 |          4 |          4 |       0 |    0 |      4 |      0 |      0 |    0 |          0 |
|                 i_counter                                                            |              delta_counter__parameterized3_651 |          4 |          4 |       0 |    0 |      4 |      0 |      0 |    0 |          0 |
|               gen_buckets[46].i_bucket                                               |                    counter__parameterized3_603 |          4 |          4 |       0 |    0 |      4 |      0 |      0 |    0 |          0 |
|                 i_counter                                                            |              delta_counter__parameterized3_650 |          4 |          4 |       0 |    0 |      4 |      0 |      0 |    0 |          0 |
|               gen_buckets[47].i_bucket                                               |                    counter__parameterized3_604 |          4 |          4 |       0 |    0 |      4 |      0 |      0 |    0 |          0 |
|                 i_counter                                                            |              delta_counter__parameterized3_649 |          4 |          4 |       0 |    0 |      4 |      0 |      0 |    0 |          0 |
|               gen_buckets[48].i_bucket                                               |                    counter__parameterized3_605 |          5 |          5 |       0 |    0 |      4 |      0 |      0 |    0 |          0 |
|                 i_counter                                                            |              delta_counter__parameterized3_648 |          5 |          5 |       0 |    0 |      4 |      0 |      0 |    0 |          0 |
|               gen_buckets[49].i_bucket                                               |                    counter__parameterized3_606 |          4 |          4 |       0 |    0 |      4 |      0 |      0 |    0 |          0 |
|                 i_counter                                                            |              delta_counter__parameterized3_647 |          4 |          4 |       0 |    0 |      4 |      0 |      0 |    0 |          0 |
|               gen_buckets[4].i_bucket                                                |                    counter__parameterized3_607 |          3 |          3 |       0 |    0 |      4 |      0 |      0 |    0 |          0 |
|                 i_counter                                                            |              delta_counter__parameterized3_646 |          3 |          3 |       0 |    0 |      4 |      0 |      0 |    0 |          0 |
|               gen_buckets[50].i_bucket                                               |                    counter__parameterized3_608 |          4 |          4 |       0 |    0 |      4 |      0 |      0 |    0 |          0 |
|                 i_counter                                                            |              delta_counter__parameterized3_645 |          4 |          4 |       0 |    0 |      4 |      0 |      0 |    0 |          0 |
|               gen_buckets[51].i_bucket                                               |                    counter__parameterized3_609 |          4 |          4 |       0 |    0 |      4 |      0 |      0 |    0 |          0 |
|                 i_counter                                                            |              delta_counter__parameterized3_644 |          4 |          4 |       0 |    0 |      4 |      0 |      0 |    0 |          0 |
|               gen_buckets[52].i_bucket                                               |                    counter__parameterized3_610 |          3 |          3 |       0 |    0 |      4 |      0 |      0 |    0 |          0 |
|                 i_counter                                                            |              delta_counter__parameterized3_643 |          3 |          3 |       0 |    0 |      4 |      0 |      0 |    0 |          0 |
|               gen_buckets[53].i_bucket                                               |                    counter__parameterized3_611 |          4 |          4 |       0 |    0 |      4 |      0 |      0 |    0 |          0 |
|                 i_counter                                                            |              delta_counter__parameterized3_642 |          4 |          4 |       0 |    0 |      4 |      0 |      0 |    0 |          0 |
|               gen_buckets[54].i_bucket                                               |                    counter__parameterized3_612 |          3 |          3 |       0 |    0 |      4 |      0 |      0 |    0 |          0 |
|                 i_counter                                                            |              delta_counter__parameterized3_641 |          3 |          3 |       0 |    0 |      4 |      0 |      0 |    0 |          0 |
|               gen_buckets[55].i_bucket                                               |                    counter__parameterized3_613 |          3 |          3 |       0 |    0 |      4 |      0 |      0 |    0 |          0 |
|                 i_counter                                                            |              delta_counter__parameterized3_640 |          3 |          3 |       0 |    0 |      4 |      0 |      0 |    0 |          0 |
|               gen_buckets[56].i_bucket                                               |                    counter__parameterized3_614 |          4 |          4 |       0 |    0 |      4 |      0 |      0 |    0 |          0 |
|                 i_counter                                                            |              delta_counter__parameterized3_639 |          4 |          4 |       0 |    0 |      4 |      0 |      0 |    0 |          0 |
|               gen_buckets[57].i_bucket                                               |                    counter__parameterized3_615 |          5 |          5 |       0 |    0 |      4 |      0 |      0 |    0 |          0 |
|                 i_counter                                                            |              delta_counter__parameterized3_638 |          5 |          5 |       0 |    0 |      4 |      0 |      0 |    0 |          0 |
|               gen_buckets[58].i_bucket                                               |                    counter__parameterized3_616 |          6 |          6 |       0 |    0 |      4 |      0 |      0 |    0 |          0 |
|                 i_counter                                                            |              delta_counter__parameterized3_637 |          6 |          6 |       0 |    0 |      4 |      0 |      0 |    0 |          0 |
|               gen_buckets[59].i_bucket                                               |                    counter__parameterized3_617 |          6 |          6 |       0 |    0 |      4 |      0 |      0 |    0 |          0 |
|                 i_counter                                                            |              delta_counter__parameterized3_636 |          6 |          6 |       0 |    0 |      4 |      0 |      0 |    0 |          0 |
|               gen_buckets[5].i_bucket                                                |                    counter__parameterized3_618 |          4 |          4 |       0 |    0 |      4 |      0 |      0 |    0 |          0 |
|                 i_counter                                                            |              delta_counter__parameterized3_635 |          4 |          4 |       0 |    0 |      4 |      0 |      0 |    0 |          0 |
|               gen_buckets[60].i_bucket                                               |                    counter__parameterized3_619 |          4 |          4 |       0 |    0 |      4 |      0 |      0 |    0 |          0 |
|                 i_counter                                                            |              delta_counter__parameterized3_634 |          4 |          4 |       0 |    0 |      4 |      0 |      0 |    0 |          0 |
|               gen_buckets[61].i_bucket                                               |                    counter__parameterized3_620 |          4 |          4 |       0 |    0 |      4 |      0 |      0 |    0 |          0 |
|                 i_counter                                                            |              delta_counter__parameterized3_633 |          4 |          4 |       0 |    0 |      4 |      0 |      0 |    0 |          0 |
|               gen_buckets[62].i_bucket                                               |                    counter__parameterized3_621 |          5 |          5 |       0 |    0 |      4 |      0 |      0 |    0 |          0 |
|                 i_counter                                                            |              delta_counter__parameterized3_632 |          5 |          5 |       0 |    0 |      4 |      0 |      0 |    0 |          0 |
|               gen_buckets[63].i_bucket                                               |                    counter__parameterized3_622 |          4 |          4 |       0 |    0 |      4 |      0 |      0 |    0 |          0 |
|                 i_counter                                                            |              delta_counter__parameterized3_631 |          4 |          4 |       0 |    0 |      4 |      0 |      0 |    0 |          0 |
|               gen_buckets[6].i_bucket                                                |                    counter__parameterized3_623 |          4 |          4 |       0 |    0 |      4 |      0 |      0 |    0 |          0 |
|                 i_counter                                                            |              delta_counter__parameterized3_630 |          4 |          4 |       0 |    0 |      4 |      0 |      0 |    0 |          0 |
|               gen_buckets[7].i_bucket                                                |                    counter__parameterized3_624 |          3 |          3 |       0 |    0 |      4 |      0 |      0 |    0 |          0 |
|                 i_counter                                                            |              delta_counter__parameterized3_629 |          3 |          3 |       0 |    0 |      4 |      0 |      0 |    0 |          0 |
|               gen_buckets[8].i_bucket                                                |                    counter__parameterized3_625 |          4 |          4 |       0 |    0 |      4 |      0 |      0 |    0 |          0 |
|                 i_counter                                                            |              delta_counter__parameterized3_628 |          4 |          4 |       0 |    0 |      4 |      0 |      0 |    0 |          0 |
|               gen_buckets[9].i_bucket                                                |                    counter__parameterized3_626 |          6 |          6 |       0 |    0 |      4 |      0 |      0 |    0 |          0 |
|                 i_counter                                                            |              delta_counter__parameterized3_627 |          6 |          6 |       0 |    0 |      4 |      0 |      0 |    0 |          0 |
|             i_r_unlock_fifo                                                          |                                        fifo_v3 |         23 |         23 |       0 |    0 |     38 |      0 |      0 |    0 |          0 |
|             i_unlock_tree                                                            |                    rr_arb_tree__parameterized1 |          1 |          1 |       0 |    0 |      1 |      0 |      0 |    0 |          0 |
|             i_w_unlock_fifo                                                          |                                    fifo_v3_562 |        206 |        206 |       0 |    0 |     38 |      0 |      0 |    0 |          0 |
|           i_miss_counters                                                            |                          axi_llc_miss_counters |        149 |        149 |       0 |    0 |    104 |      0 |      0 |    0 |          0 |
|             gen_cmiss_counters[0].i_miss_cnt                                         |                    counter__parameterized1_530 |          7 |          7 |       0 |    0 |      6 |      0 |      0 |    0 |          0 |
|               i_counter                                                              |              delta_counter__parameterized1_561 |          7 |          7 |       0 |    0 |      6 |      0 |      0 |    0 |          0 |
|             gen_cmiss_counters[10].i_miss_cnt                                        |                    counter__parameterized1_531 |          6 |          6 |       0 |    0 |      6 |      0 |      0 |    0 |          0 |
|               i_counter                                                              |              delta_counter__parameterized1_560 |          6 |          6 |       0 |    0 |      6 |      0 |      0 |    0 |          0 |
|             gen_cmiss_counters[11].i_miss_cnt                                        |                    counter__parameterized1_532 |         14 |         14 |       0 |    0 |      6 |      0 |      0 |    0 |          0 |
|               i_counter                                                              |              delta_counter__parameterized1_559 |         14 |         14 |       0 |    0 |      6 |      0 |      0 |    0 |          0 |
|             gen_cmiss_counters[12].i_miss_cnt                                        |                    counter__parameterized1_533 |          9 |          9 |       0 |    0 |      6 |      0 |      0 |    0 |          0 |
|               i_counter                                                              |              delta_counter__parameterized1_558 |          9 |          9 |       0 |    0 |      6 |      0 |      0 |    0 |          0 |
|             gen_cmiss_counters[13].i_miss_cnt                                        |                    counter__parameterized1_534 |          6 |          6 |       0 |    0 |      6 |      0 |      0 |    0 |          0 |
|               i_counter                                                              |              delta_counter__parameterized1_557 |          6 |          6 |       0 |    0 |      6 |      0 |      0 |    0 |          0 |
|             gen_cmiss_counters[14].i_miss_cnt                                        |                    counter__parameterized1_535 |          6 |          6 |       0 |    0 |      6 |      0 |      0 |    0 |          0 |
|               i_counter                                                              |              delta_counter__parameterized1_556 |          6 |          6 |       0 |    0 |      6 |      0 |      0 |    0 |          0 |
|             gen_cmiss_counters[15].i_miss_cnt                                        |                    counter__parameterized1_536 |          6 |          6 |       0 |    0 |      6 |      0 |      0 |    0 |          0 |
|               i_counter                                                              |              delta_counter__parameterized1_555 |          6 |          6 |       0 |    0 |      6 |      0 |      0 |    0 |          0 |
|             gen_cmiss_counters[1].i_miss_cnt                                         |                    counter__parameterized1_537 |          6 |          6 |       0 |    0 |      6 |      0 |      0 |    0 |          0 |
|               i_counter                                                              |              delta_counter__parameterized1_554 |          6 |          6 |       0 |    0 |      6 |      0 |      0 |    0 |          0 |
|             gen_cmiss_counters[2].i_miss_cnt                                         |                    counter__parameterized1_538 |          7 |          7 |       0 |    0 |      6 |      0 |      0 |    0 |          0 |
|               i_counter                                                              |              delta_counter__parameterized1_553 |          7 |          7 |       0 |    0 |      6 |      0 |      0 |    0 |          0 |
|             gen_cmiss_counters[3].i_miss_cnt                                         |                    counter__parameterized1_539 |          9 |          9 |       0 |    0 |      6 |      0 |      0 |    0 |          0 |
|               i_counter                                                              |              delta_counter__parameterized1_552 |          9 |          9 |       0 |    0 |      6 |      0 |      0 |    0 |          0 |
|             gen_cmiss_counters[4].i_miss_cnt                                         |                    counter__parameterized1_540 |          6 |          6 |       0 |    0 |      6 |      0 |      0 |    0 |          0 |
|               i_counter                                                              |              delta_counter__parameterized1_551 |          6 |          6 |       0 |    0 |      6 |      0 |      0 |    0 |          0 |
|             gen_cmiss_counters[5].i_miss_cnt                                         |                    counter__parameterized1_541 |          8 |          8 |       0 |    0 |      6 |      0 |      0 |    0 |          0 |
|               i_counter                                                              |              delta_counter__parameterized1_550 |          8 |          8 |       0 |    0 |      6 |      0 |      0 |    0 |          0 |
|             gen_cmiss_counters[6].i_miss_cnt                                         |                    counter__parameterized1_542 |          6 |          6 |       0 |    0 |      6 |      0 |      0 |    0 |          0 |
|               i_counter                                                              |              delta_counter__parameterized1_549 |          6 |          6 |       0 |    0 |      6 |      0 |      0 |    0 |          0 |
|             gen_cmiss_counters[7].i_miss_cnt                                         |                    counter__parameterized1_543 |          6 |          6 |       0 |    0 |      6 |      0 |      0 |    0 |          0 |
|               i_counter                                                              |              delta_counter__parameterized1_548 |          6 |          6 |       0 |    0 |      6 |      0 |      0 |    0 |          0 |
|             gen_cmiss_counters[8].i_miss_cnt                                         |                    counter__parameterized1_544 |          9 |          9 |       0 |    0 |      6 |      0 |      0 |    0 |          0 |
|               i_counter                                                              |              delta_counter__parameterized1_547 |          9 |          9 |       0 |    0 |      6 |      0 |      0 |    0 |          0 |
|             gen_cmiss_counters[9].i_miss_cnt                                         |                    counter__parameterized1_545 |         10 |         10 |       0 |    0 |      6 |      0 |      0 |    0 |          0 |
|               i_counter                                                              |              delta_counter__parameterized1_546 |         10 |         10 |       0 |    0 |      6 |      0 |      0 |    0 |          0 |
|             i_miss_w_cnt                                                             |                        counter__parameterized2 |         30 |         30 |       0 |    0 |      8 |      0 |      0 |    0 |          0 |
|               i_counter                                                              |                  delta_counter__parameterized2 |         30 |         30 |       0 |    0 |      8 |      0 |      0 |    0 |          0 |
|           i_tag_store                                                                |                              axi_llc_tag_store |        601 |        601 |       0 |    0 |    158 |      8 |      8 |    0 |          0 |
|             (i_tag_store)                                                            |                              axi_llc_tag_store |          0 |          0 |       0 |    0 |     61 |      0 |      0 |    0 |          0 |
|             gen_tag_macros[0].i_shift_reg_rvalid                                     |                                      shift_reg |          1 |          1 |       0 |    0 |      1 |      0 |      0 |    0 |          0 |
|               i_shift_reg_gated                                                      |                            shift_reg_gated_529 |          1 |          1 |       0 |    0 |      1 |      0 |      0 |    0 |          0 |
|             gen_tag_macros[0].i_tag_store                                            |                                        tc_sram |         29 |         29 |       0 |    0 |      0 |      1 |      1 |    0 |          0 |
|               gen_1_ports.i_xpm_memory_spram                                         |                           xpm_memory_spram_528 |         29 |         29 |       0 |    0 |      0 |      1 |      1 |    0 |          0 |
|                 (gen_1_ports.i_xpm_memory_spram)                                     |                           xpm_memory_spram_528 |         19 |         19 |       0 |    0 |      0 |      0 |      0 |    0 |          0 |
|                 xpm_memory_base_inst                                                 |                             xpm_memory_base__1 |         10 |         10 |       0 |    0 |      0 |      1 |      1 |    0 |          0 |
|             gen_tag_macros[1].i_shift_reg_rvalid                                     |                                  shift_reg_500 |          1 |          1 |       0 |    0 |      1 |      0 |      0 |    0 |          0 |
|               i_shift_reg_gated                                                      |                            shift_reg_gated_527 |          1 |          1 |       0 |    0 |      1 |      0 |      0 |    0 |          0 |
|             gen_tag_macros[1].i_tag_store                                            |                                    tc_sram_501 |         27 |         27 |       0 |    0 |      0 |      1 |      1 |    0 |          0 |
|               gen_1_ports.i_xpm_memory_spram                                         |                           xpm_memory_spram_526 |         27 |         27 |       0 |    0 |      0 |      1 |      1 |    0 |          0 |
|                 (gen_1_ports.i_xpm_memory_spram)                                     |                           xpm_memory_spram_526 |         17 |         17 |       0 |    0 |      0 |      0 |      0 |    0 |          0 |
|                 xpm_memory_base_inst                                                 |                             xpm_memory_base__2 |         10 |         10 |       0 |    0 |      0 |      1 |      1 |    0 |          0 |
|             gen_tag_macros[2].i_shift_reg_rvalid                                     |                                  shift_reg_502 |          1 |          1 |       0 |    0 |      1 |      0 |      0 |    0 |          0 |
|               i_shift_reg_gated                                                      |                            shift_reg_gated_525 |          1 |          1 |       0 |    0 |      1 |      0 |      0 |    0 |          0 |
|             gen_tag_macros[2].i_tag_store                                            |                                    tc_sram_503 |         26 |         26 |       0 |    0 |      0 |      1 |      1 |    0 |          0 |
|               gen_1_ports.i_xpm_memory_spram                                         |                           xpm_memory_spram_524 |         26 |         26 |       0 |    0 |      0 |      1 |      1 |    0 |          0 |
|                 (gen_1_ports.i_xpm_memory_spram)                                     |                           xpm_memory_spram_524 |         16 |         16 |       0 |    0 |      0 |      0 |      0 |    0 |          0 |
|                 xpm_memory_base_inst                                                 |                             xpm_memory_base__3 |         10 |         10 |       0 |    0 |      0 |      1 |      1 |    0 |          0 |
|             gen_tag_macros[3].i_shift_reg_rvalid                                     |                                  shift_reg_504 |          1 |          1 |       0 |    0 |      1 |      0 |      0 |    0 |          0 |
|               i_shift_reg_gated                                                      |                            shift_reg_gated_523 |          1 |          1 |       0 |    0 |      1 |      0 |      0 |    0 |          0 |
|             gen_tag_macros[3].i_tag_store                                            |                                    tc_sram_505 |         27 |         27 |       0 |    0 |      0 |      1 |      1 |    0 |          0 |
|               gen_1_ports.i_xpm_memory_spram                                         |                           xpm_memory_spram_522 |         27 |         27 |       0 |    0 |      0 |      1 |      1 |    0 |          0 |
|                 (gen_1_ports.i_xpm_memory_spram)                                     |                           xpm_memory_spram_522 |         17 |         17 |       0 |    0 |      0 |      0 |      0 |    0 |          0 |
|                 xpm_memory_base_inst                                                 |                             xpm_memory_base__4 |         10 |         10 |       0 |    0 |      0 |      1 |      1 |    0 |          0 |
|             gen_tag_macros[4].i_shift_reg_rvalid                                     |                                  shift_reg_506 |          4 |          4 |       0 |    0 |      1 |      0 |      0 |    0 |          0 |
|               i_shift_reg_gated                                                      |                            shift_reg_gated_521 |          4 |          4 |       0 |    0 |      1 |      0 |      0 |    0 |          0 |
|             gen_tag_macros[4].i_tag_store                                            |                                    tc_sram_507 |         26 |         26 |       0 |    0 |      0 |      1 |      1 |    0 |          0 |
|               gen_1_ports.i_xpm_memory_spram                                         |                           xpm_memory_spram_520 |         26 |         26 |       0 |    0 |      0 |      1 |      1 |    0 |          0 |
|                 (gen_1_ports.i_xpm_memory_spram)                                     |                           xpm_memory_spram_520 |         16 |         16 |       0 |    0 |      0 |      0 |      0 |    0 |          0 |
|                 xpm_memory_base_inst                                                 |                             xpm_memory_base__5 |         10 |         10 |       0 |    0 |      0 |      1 |      1 |    0 |          0 |
|             gen_tag_macros[5].i_shift_reg_rvalid                                     |                                  shift_reg_508 |          1 |          1 |       0 |    0 |      1 |      0 |      0 |    0 |          0 |
|               i_shift_reg_gated                                                      |                            shift_reg_gated_519 |          1 |          1 |       0 |    0 |      1 |      0 |      0 |    0 |          0 |
|             gen_tag_macros[5].i_tag_store                                            |                                    tc_sram_509 |         56 |         56 |       0 |    0 |      0 |      1 |      1 |    0 |          0 |
|               gen_1_ports.i_xpm_memory_spram                                         |                           xpm_memory_spram_518 |         56 |         56 |       0 |    0 |      0 |      1 |      1 |    0 |          0 |
|                 (gen_1_ports.i_xpm_memory_spram)                                     |                           xpm_memory_spram_518 |         46 |         46 |       0 |    0 |      0 |      0 |      0 |    0 |          0 |
|                 xpm_memory_base_inst                                                 |                             xpm_memory_base__6 |         10 |         10 |       0 |    0 |      0 |      1 |      1 |    0 |          0 |
|             gen_tag_macros[6].i_shift_reg_rvalid                                     |                                  shift_reg_510 |          1 |          1 |       0 |    0 |      1 |      0 |      0 |    0 |          0 |
|               i_shift_reg_gated                                                      |                            shift_reg_gated_517 |          1 |          1 |       0 |    0 |      1 |      0 |      0 |    0 |          0 |
|             gen_tag_macros[6].i_tag_store                                            |                                    tc_sram_511 |         30 |         30 |       0 |    0 |      0 |      1 |      1 |    0 |          0 |
|               gen_1_ports.i_xpm_memory_spram                                         |                           xpm_memory_spram_516 |         30 |         30 |       0 |    0 |      0 |      1 |      1 |    0 |          0 |
|                 (gen_1_ports.i_xpm_memory_spram)                                     |                           xpm_memory_spram_516 |         20 |         20 |       0 |    0 |      0 |      0 |      0 |    0 |          0 |
|                 xpm_memory_base_inst                                                 |                             xpm_memory_base__7 |         10 |         10 |       0 |    0 |      0 |      1 |      1 |    0 |          0 |
|             gen_tag_macros[7].i_shift_reg_rvalid                                     |                                  shift_reg_512 |          1 |          1 |       0 |    0 |      1 |      0 |      0 |    0 |          0 |
|               i_shift_reg_gated                                                      |                                shift_reg_gated |          1 |          1 |       0 |    0 |      1 |      0 |      0 |    0 |          0 |
|             gen_tag_macros[7].i_tag_store                                            |                                    tc_sram_513 |         27 |         27 |       0 |    0 |      0 |      1 |      1 |    0 |          0 |
|               gen_1_ports.i_xpm_memory_spram                                         |                               xpm_memory_spram |         27 |         27 |       0 |    0 |      0 |      1 |      1 |    0 |          0 |
|                 (gen_1_ports.i_xpm_memory_spram)                                     |                               xpm_memory_spram |         17 |         17 |       0 |    0 |      0 |      0 |      0 |    0 |          0 |
|                 xpm_memory_base_inst                                                 |                                xpm_memory_base |         10 |         10 |       0 |    0 |      0 |      1 |      1 |    0 |          0 |
|             i_evict_box                                                              |                              axi_llc_evict_box |         86 |         86 |       0 |    0 |      8 |      0 |      0 |    0 |          0 |
|             i_shift_reg_bist                                                         |                      shift_reg__parameterized0 |         16 |         16 |       0 |    0 |      1 |      0 |      0 |    0 |          0 |
|               i_shift_reg_gated                                                      |                shift_reg_gated__parameterized0 |         16 |         16 |       0 |    0 |      1 |      0 |      0 |    0 |          0 |
|             i_spill_register                                                         |                spill_register__parameterized15 |        172 |        172 |       0 |    0 |     52 |      0 |      0 |    0 |          0 |
|               spill_register_flushable_i                                             |      spill_register_flushable__parameterized15 |        172 |        172 |       0 |    0 |     52 |      0 |      0 |    0 |          0 |
|             i_tag_pattern_gen                                                        |                        axi_llc_tag_pattern_gen |         78 |         78 |       0 |    0 |     28 |      0 |      0 |    0 |          0 |
|               (i_tag_pattern_gen)                                                    |                        axi_llc_tag_pattern_gen |          6 |          6 |       0 |    0 |     17 |      0 |      0 |    0 |          0 |
|               i_index_cnt                                                            |                                    counter_514 |         72 |         72 |       0 |    0 |     11 |      0 |      0 |    0 |          0 |
|                 i_counter                                                            |                              delta_counter_515 |         72 |         72 |       0 |    0 |     11 |      0 |      0 |    0 |          0 |
|         i_llc_config                                                                 |                                 axi_llc_config |        103 |        103 |       0 |    0 |     31 |      0 |      0 |    0 |          0 |
|           (i_llc_config)                                                             |                                 axi_llc_config |         56 |         56 |       0 |    0 |     11 |      0 |      0 |    0 |          0 |
|           i_ar_addr_decode                                                           |                                    addr_decode |          0 |          0 |       0 |    0 |      0 |      0 |      0 |    0 |          0 |
|             i_addr_decode_dync                                                       |                           addr_decode_dync_499 |          0 |          0 |       0 |    0 |      0 |      0 |      0 |    0 |          0 |
|           i_aw_addr_decode                                                           |                                addr_decode_496 |          0 |          0 |       0 |    0 |      0 |      0 |      0 |    0 |          0 |
|             i_addr_decode_dync                                                       |                               addr_decode_dync |          0 |          0 |       0 |    0 |      0 |      0 |      0 |    0 |          0 |
|           i_flush_recv_counter                                                       |                                        counter |         27 |         27 |       0 |    0 |     10 |      0 |      0 |    0 |          0 |
|             i_counter                                                                |                              delta_counter_498 |         27 |         27 |       0 |    0 |     10 |      0 |      0 |    0 |          0 |
|           i_flush_send_counter                                                       |                                    counter_497 |         20 |         20 |       0 |    0 |     10 |      0 |      0 |    0 |          0 |
|             i_counter                                                                |                                  delta_counter |         20 |         20 |       0 |    0 |     10 |      0 |      0 |    0 |          0 |
|         i_llc_ways                                                                   |                                   axi_llc_ways |       3455 |       3455 |       0 |    0 |    250 |    256 |      0 |    0 |          0 |
|           gen_data_ways[0].i_data_way                                                |                               axi_llc_data_way |        133 |        133 |       0 |    0 |      3 |     32 |      0 |    0 |          0 |
|             (gen_data_ways[0].i_data_way)                                            |                               axi_llc_data_way |          3 |          3 |       0 |    0 |      3 |      0 |      0 |    0 |          0 |
|             i_data_sram                                                              |                    tc_sram__parameterized0_494 |        131 |        131 |       0 |    0 |      0 |     32 |      0 |    0 |          0 |
|               gen_1_ports.i_xpm_memory_spram                                         |           xpm_memory_spram__parameterized0_495 |        131 |        131 |       0 |    0 |      0 |     32 |      0 |    0 |          0 |
|                 (gen_1_ports.i_xpm_memory_spram)                                     |           xpm_memory_spram__parameterized0_495 |          4 |          4 |       0 |    0 |      0 |      0 |      0 |    0 |          0 |
|                 xpm_memory_base_inst                                                 |             xpm_memory_base__parameterized0__1 |        127 |        127 |       0 |    0 |      0 |     32 |      0 |    0 |          0 |
|           gen_data_ways[1].i_data_way                                                |                           axi_llc_data_way_467 |        255 |        255 |       0 |    0 |      3 |     32 |      0 |    0 |          0 |
|             (gen_data_ways[1].i_data_way)                                            |                           axi_llc_data_way_467 |          2 |          2 |       0 |    0 |      3 |      0 |      0 |    0 |          0 |
|             i_data_sram                                                              |                    tc_sram__parameterized0_492 |        253 |        253 |       0 |    0 |      0 |     32 |      0 |    0 |          0 |
|               gen_1_ports.i_xpm_memory_spram                                         |           xpm_memory_spram__parameterized0_493 |        253 |        253 |       0 |    0 |      0 |     32 |      0 |    0 |          0 |
|                 (gen_1_ports.i_xpm_memory_spram)                                     |           xpm_memory_spram__parameterized0_493 |        129 |        129 |       0 |    0 |      0 |      0 |      0 |    0 |          0 |
|                 xpm_memory_base_inst                                                 |             xpm_memory_base__parameterized0__2 |        124 |        124 |       0 |    0 |      0 |     32 |      0 |    0 |          0 |
|           gen_data_ways[2].i_data_way                                                |                           axi_llc_data_way_468 |        264 |        264 |       0 |    0 |      3 |     32 |      0 |    0 |          0 |
|             (gen_data_ways[2].i_data_way)                                            |                           axi_llc_data_way_468 |          5 |          5 |       0 |    0 |      3 |      0 |      0 |    0 |          0 |
|             i_data_sram                                                              |                    tc_sram__parameterized0_490 |        259 |        259 |       0 |    0 |      0 |     32 |      0 |    0 |          0 |
|               gen_1_ports.i_xpm_memory_spram                                         |           xpm_memory_spram__parameterized0_491 |        259 |        259 |       0 |    0 |      0 |     32 |      0 |    0 |          0 |
|                 (gen_1_ports.i_xpm_memory_spram)                                     |           xpm_memory_spram__parameterized0_491 |        131 |        131 |       0 |    0 |      0 |      0 |      0 |    0 |          0 |
|                 xpm_memory_base_inst                                                 |             xpm_memory_base__parameterized0__3 |        128 |        128 |       0 |    0 |      0 |     32 |      0 |    0 |          0 |
|           gen_data_ways[3].i_data_way                                                |                           axi_llc_data_way_469 |        387 |        387 |       0 |    0 |      3 |     32 |      0 |    0 |          0 |
|             (gen_data_ways[3].i_data_way)                                            |                           axi_llc_data_way_469 |          6 |          6 |       0 |    0 |      3 |      0 |      0 |    0 |          0 |
|             i_data_sram                                                              |                    tc_sram__parameterized0_488 |        381 |        381 |       0 |    0 |      0 |     32 |      0 |    0 |          0 |
|               gen_1_ports.i_xpm_memory_spram                                         |           xpm_memory_spram__parameterized0_489 |        381 |        381 |       0 |    0 |      0 |     32 |      0 |    0 |          0 |
|                 (gen_1_ports.i_xpm_memory_spram)                                     |           xpm_memory_spram__parameterized0_489 |        256 |        256 |       0 |    0 |      0 |      0 |      0 |    0 |          0 |
|                 xpm_memory_base_inst                                                 |             xpm_memory_base__parameterized0__4 |        125 |        125 |       0 |    0 |      0 |     32 |      0 |    0 |          0 |
|           gen_data_ways[4].i_data_way                                                |                           axi_llc_data_way_470 |        134 |        134 |       0 |    0 |      3 |     32 |      0 |    0 |          0 |
|             (gen_data_ways[4].i_data_way)                                            |                           axi_llc_data_way_470 |          2 |          2 |       0 |    0 |      3 |      0 |      0 |    0 |          0 |
|             i_data_sram                                                              |                    tc_sram__parameterized0_486 |        132 |        132 |       0 |    0 |      0 |     32 |      0 |    0 |          0 |
|               gen_1_ports.i_xpm_memory_spram                                         |           xpm_memory_spram__parameterized0_487 |        132 |        132 |       0 |    0 |      0 |     32 |      0 |    0 |          0 |
|                 (gen_1_ports.i_xpm_memory_spram)                                     |           xpm_memory_spram__parameterized0_487 |          4 |          4 |       0 |    0 |      0 |      0 |      0 |    0 |          0 |
|                 xpm_memory_base_inst                                                 |             xpm_memory_base__parameterized0__5 |        128 |        128 |       0 |    0 |      0 |     32 |      0 |    0 |          0 |
|           gen_data_ways[5].i_data_way                                                |                           axi_llc_data_way_471 |        250 |        250 |       0 |    0 |      3 |     32 |      0 |    0 |          0 |
|             (gen_data_ways[5].i_data_way)                                            |                           axi_llc_data_way_471 |          3 |          3 |       0 |    0 |      3 |      0 |      0 |    0 |          0 |
|             i_data_sram                                                              |                    tc_sram__parameterized0_484 |        248 |        248 |       0 |    0 |      0 |     32 |      0 |    0 |          0 |
|               gen_1_ports.i_xpm_memory_spram                                         |           xpm_memory_spram__parameterized0_485 |        248 |        248 |       0 |    0 |      0 |     32 |      0 |    0 |          0 |
|                 (gen_1_ports.i_xpm_memory_spram)                                     |           xpm_memory_spram__parameterized0_485 |        129 |        129 |       0 |    0 |      0 |      0 |      0 |    0 |          0 |
|                 xpm_memory_base_inst                                                 |             xpm_memory_base__parameterized0__6 |        119 |        119 |       0 |    0 |      0 |     32 |      0 |    0 |          0 |
|           gen_data_ways[6].i_data_way                                                |                           axi_llc_data_way_472 |        380 |        380 |       0 |    0 |      3 |     32 |      0 |    0 |          0 |
|             (gen_data_ways[6].i_data_way)                                            |                           axi_llc_data_way_472 |          4 |          4 |       0 |    0 |      3 |      0 |      0 |    0 |          0 |
|             i_data_sram                                                              |                    tc_sram__parameterized0_482 |        377 |        377 |       0 |    0 |      0 |     32 |      0 |    0 |          0 |
|               gen_1_ports.i_xpm_memory_spram                                         |           xpm_memory_spram__parameterized0_483 |        377 |        377 |       0 |    0 |      0 |     32 |      0 |    0 |          0 |
|                 (gen_1_ports.i_xpm_memory_spram)                                     |           xpm_memory_spram__parameterized0_483 |        257 |        257 |       0 |    0 |      0 |      0 |      0 |    0 |          0 |
|                 xpm_memory_base_inst                                                 |             xpm_memory_base__parameterized0__7 |        120 |        120 |       0 |    0 |      0 |     32 |      0 |    0 |          0 |
|           gen_data_ways[7].i_data_way                                                |                           axi_llc_data_way_473 |        248 |        248 |       0 |    0 |      3 |     32 |      0 |    0 |          0 |
|             (gen_data_ways[7].i_data_way)                                            |                           axi_llc_data_way_473 |          2 |          2 |       0 |    0 |      3 |      0 |      0 |    0 |          0 |
|             i_data_sram                                                              |                        tc_sram__parameterized0 |        246 |        246 |       0 |    0 |      0 |     32 |      0 |    0 |          0 |
|               gen_1_ports.i_xpm_memory_spram                                         |               xpm_memory_spram__parameterized0 |        246 |        246 |       0 |    0 |      0 |     32 |      0 |    0 |          0 |
|                 (gen_1_ports.i_xpm_memory_spram)                                     |               xpm_memory_spram__parameterized0 |        130 |        130 |       0 |    0 |      0 |      0 |      0 |    0 |          0 |
|                 xpm_memory_base_inst                                                 |                xpm_memory_base__parameterized0 |        116 |        116 |       0 |    0 |      0 |     32 |      0 |    0 |          0 |
|           i_e_switch_fifo                                                            |                        fifo_v3__parameterized6 |         41 |         41 |       0 |    0 |     85 |      0 |      0 |    0 |          0 |
|           i_r_switch_fifo                                                            |                    fifo_v3__parameterized6_474 |         41 |         41 |       0 |    0 |     85 |      0 |      0 |    0 |          0 |
|           i_stream_xbar                                                              |                    stream_xbar__parameterized0 |       1327 |       1327 |       0 |    0 |     56 |      0 |      0 |    0 |          0 |
|             gen_outs[0].i_rr_arb_tree                                                |                    rr_arb_tree__parameterized3 |        163 |        163 |       0 |    0 |      7 |      0 |      0 |    0 |          0 |
|             gen_outs[1].i_rr_arb_tree                                                |                rr_arb_tree__parameterized3_475 |        163 |        163 |       0 |    0 |      7 |      0 |      0 |    0 |          0 |
|             gen_outs[2].i_rr_arb_tree                                                |                rr_arb_tree__parameterized3_476 |        171 |        171 |       0 |    0 |      7 |      0 |      0 |    0 |          0 |
|             gen_outs[3].i_rr_arb_tree                                                |                rr_arb_tree__parameterized3_477 |        167 |        167 |       0 |    0 |      7 |      0 |      0 |    0 |          0 |
|             gen_outs[4].i_rr_arb_tree                                                |                rr_arb_tree__parameterized3_478 |        163 |        163 |       0 |    0 |      7 |      0 |      0 |    0 |          0 |
|             gen_outs[5].i_rr_arb_tree                                                |                rr_arb_tree__parameterized3_479 |        163 |        163 |       0 |    0 |      7 |      0 |      0 |    0 |          0 |
|             gen_outs[6].i_rr_arb_tree                                                |                rr_arb_tree__parameterized3_480 |        167 |        167 |       0 |    0 |      7 |      0 |      0 |    0 |          0 |
|             gen_outs[7].i_rr_arb_tree                                                |                rr_arb_tree__parameterized3_481 |        170 |        170 |       0 |    0 |      7 |      0 |      0 |    0 |          0 |
|         i_merge_unit                                                                 |                             axi_llc_merge_unit |          6 |          6 |       0 |    0 |      8 |      0 |      0 |    0 |          0 |
|           i_stream_xbar                                                              |                                    stream_xbar |          6 |          6 |       0 |    0 |      8 |      0 |      0 |    0 |          0 |
|             gen_outs[0].i_rr_arb_tree                                                |                    rr_arb_tree__parameterized2 |          2 |          2 |       0 |    0 |      4 |      0 |      0 |    0 |          0 |
|             gen_outs[1].i_rr_arb_tree                                                |                rr_arb_tree__parameterized2_466 |          4 |          4 |       0 |    0 |      4 |      0 |      0 |    0 |          0 |
|         i_read_unit                                                                  |                              axi_llc_read_unit |        518 |        518 |       0 |    0 |   1145 |      0 |      0 |    0 |          0 |
|           (i_read_unit)                                                              |                              axi_llc_read_unit |         43 |         43 |       0 |    0 |     44 |      0 |      0 |    0 |          0 |
|           i_r_fifo                                                                   |                        fifo_v3__parameterized5 |        440 |        440 |       0 |    0 |   1076 |      0 |      0 |    0 |          0 |
|           i_r_meta_fifo                                                              |                        fifo_v3__parameterized4 |         36 |         36 |       0 |    0 |     25 |      0 |      0 |    0 |          0 |
|         i_refill_unit                                                                |                            axi_llc_refill_unit |        158 |        158 |       0 |    0 |    310 |      0 |      0 |    0 |          0 |
|           i_ar_master                                                                |              axi_llc_ax_master__parameterized0 |          1 |          1 |       0 |    0 |     74 |      0 |      0 |    0 |          0 |
|           i_r_master                                                                 |                               axi_llc_r_master |         55 |         55 |       0 |    0 |     49 |      0 |      0 |    0 |          0 |
|             (i_r_master)                                                             |                               axi_llc_r_master |         53 |         53 |       0 |    0 |     46 |      0 |      0 |    0 |          0 |
|             i_block_offset_counter                                                   |                        counter__parameterized3 |          2 |          2 |       0 |    0 |      3 |      0 |      0 |    0 |          0 |
|               i_counter                                                              |                  delta_counter__parameterized3 |          2 |          2 |       0 |    0 |      3 |      0 |      0 |    0 |          0 |
|           i_stream_fifo_refill                                                       |                                    stream_fifo |        102 |        102 |       0 |    0 |    187 |      0 |      0 |    0 |          0 |
|             fifo_i                                                                   |                        fifo_v3__parameterized0 |        102 |        102 |       0 |    0 |    187 |      0 |      0 |    0 |          0 |
|         i_rw_arb_tree                                                                |                    rr_arb_tree__parameterized0 |         87 |         87 |       0 |    0 |      6 |      0 |      0 |    0 |          0 |
|         i_rw_spill                                                                   |                spill_register__parameterized14 |        111 |        111 |       0 |    0 |    158 |      0 |      0 |    0 |          0 |
|           spill_register_flushable_i                                                 |      spill_register_flushable__parameterized14 |        111 |        111 |       0 |    0 |    158 |      0 |      0 |    0 |          0 |
|         i_write_unit                                                                 |                             axi_llc_write_unit |        465 |        465 |       0 |    0 |    930 |      0 |      0 |    0 |          0 |
|           (i_write_unit)                                                             |                             axi_llc_write_unit |         39 |         39 |       0 |    0 |     44 |      0 |      0 |    0 |          0 |
|           i_spill_register_b                                                         |             spill_register__parameterized5_464 |        123 |        123 |       0 |    0 |     10 |      0 |      0 |    0 |          0 |
|             spill_register_flushable_i                                               |   spill_register_flushable__parameterized5_465 |        123 |        123 |       0 |    0 |     10 |      0 |      0 |    0 |          0 |
|           i_w_stream_fifo                                                            |                    stream_fifo__parameterized1 |        305 |        305 |       0 |    0 |    876 |      0 |      0 |    0 |          0 |
|             fifo_i                                                                   |                        fifo_v3__parameterized3 |        305 |        305 |       0 |    0 |    876 |      0 |      0 |    0 |          0 |
|       i_llc_config_regfile                                                           |                                axi_llc_reg_top |        248 |        248 |       0 |    0 |    147 |      0 |      0 |    0 |          0 |
|         (i_llc_config_regfile)                                                       |                                axi_llc_reg_top |        220 |        220 |       0 |    0 |      0 |      0 |      0 |    0 |          0 |
|         u_bist_out_low                                                               |                    prim_subreg__parameterized1 |          0 |          0 |       0 |    0 |      8 |      0 |      0 |    0 |          0 |
|         u_bist_status                                                                |                prim_subreg__parameterized2_457 |          0 |          0 |       0 |    0 |      1 |      0 |      0 |    0 |          0 |
|         u_cfg_flush_high                                                             |                                prim_subreg_458 |          0 |          0 |       0 |    0 |     32 |      0 |      0 |    0 |          0 |
|         u_cfg_flush_low                                                              |                                prim_subreg_459 |         17 |         17 |       0 |    0 |     32 |      0 |      0 |    0 |          0 |
|         u_cfg_spm_high                                                               |                                prim_subreg_460 |          0 |          0 |       0 |    0 |     32 |      0 |      0 |    0 |          0 |
|         u_cfg_spm_low                                                                |                                prim_subreg_461 |          9 |          9 |       0 |    0 |     32 |      0 |      0 |    0 |          0 |
|         u_commit_cfg                                                                 |                    prim_subreg__parameterized0 |          0 |          0 |       0 |    0 |      1 |      0 |      0 |    0 |          0 |
|         u_flushed_low                                                                |                prim_subreg__parameterized1_462 |          2 |          2 |       0 |    0 |      8 |      0 |      0 |    0 |          0 |
|         u_version_high                                                               |                prim_subreg__parameterized1_463 |          0 |          0 |       0 |    0 |      1 |      0 |      0 |    0 |          0 |
|     gen_llc_atomics.i_llc_atomics_cut                                                |                                      axi_cut_2 |        689 |        689 |       0 |    0 |    834 |      0 |      0 |    0 |          0 |
|       i_reg_ar                                                                       |             spill_register__parameterized6_447 |        178 |        178 |       0 |    0 |    132 |      0 |      0 |    0 |          0 |
|         spill_register_flushable_i                                                   |   spill_register_flushable__parameterized6_456 |        178 |        178 |       0 |    0 |    132 |      0 |      0 |    0 |          0 |
|       i_reg_aw                                                                       |             spill_register__parameterized4_448 |        163 |        163 |       0 |    0 |    132 |      0 |      0 |    0 |          0 |
|         spill_register_flushable_i                                                   |   spill_register_flushable__parameterized4_455 |        163 |        163 |       0 |    0 |    132 |      0 |      0 |    0 |          0 |
|       i_reg_b                                                                        |             spill_register__parameterized5_449 |          4 |          4 |       0 |    0 |     10 |      0 |      0 |    0 |          0 |
|         spill_register_flushable_i                                                   |   spill_register_flushable__parameterized5_454 |          4 |          4 |       0 |    0 |     10 |      0 |      0 |    0 |          0 |
|       i_reg_r                                                                        |             spill_register__parameterized7_450 |         68 |         68 |       0 |    0 |    268 |      0 |      0 |    0 |          0 |
|         spill_register_flushable_i                                                   |   spill_register_flushable__parameterized7_453 |         68 |         68 |       0 |    0 |    268 |      0 |      0 |    0 |          0 |
|       i_reg_w                                                                        |             spill_register__parameterized2_451 |        276 |        276 |       0 |    0 |    292 |      0 |      0 |    0 |          0 |
|         spill_register_flushable_i                                                   |   spill_register_flushable__parameterized2_452 |        276 |        276 |       0 |    0 |    292 |      0 |      0 |    0 |          0 |
|     gen_no_dbg.i_dbg_err_slv                                                         |                                    axi_err_slv |         29 |         29 |       0 |    0 |     41 |      0 |      0 |    0 |          0 |
|       (gen_no_dbg.i_dbg_err_slv)                                                     |                                    axi_err_slv |          0 |          0 |       0 |    0 |      1 |      0 |      0 |    0 |          0 |
|       i_b_fifo                                                                       |                       fifo_v3__parameterized26 |          6 |          6 |       0 |    0 |     12 |      0 |      0 |    0 |          0 |
|       i_r_counter                                                                    |                    counter__parameterized6_445 |          9 |          9 |       0 |    0 |      8 |      0 |      0 |    0 |          0 |
|         i_counter                                                                    |              delta_counter__parameterized6_446 |          9 |          9 |       0 |    0 |      8 |      0 |      0 |    0 |          0 |
|       i_r_fifo                                                                       |                       fifo_v3__parameterized27 |          6 |          6 |       0 |    0 |     14 |      0 |      0 |    0 |          0 |
|       i_w_fifo                                                                       |                       fifo_v3__parameterized25 |          8 |          8 |       0 |    0 |      6 |      0 |      0 |    0 |          0 |
|     gen_uart.i_uart                                                                  |                                  reg_uart_wrap |        751 |        751 |       0 |    0 |   1479 |      0 |      0 |    0 |          0 |
|       (gen_uart.i_uart)                                                              |                                  reg_uart_wrap |         18 |         18 |       0 |    0 |      0 |      0 |      0 |    0 |          0 |
|       i_apb_uart                                                                     |                                       apb_uart |        733 |        733 |       0 |    0 |   1478 |      0 |      0 |    0 |          0 |
|         (i_apb_uart)                                                                 |                                       apb_uart |         12 |         12 |       0 |    0 |    102 |      0 |      0 |    0 |          0 |
|         UART_BG16                                                                    |                                   uart_baudgen |         31 |         31 |       0 |    0 |     17 |      0 |      0 |    0 |          0 |
|         UART_BG2                                                                     |                                 slib_clock_div |          2 |          2 |       0 |    0 |      4 |      0 |      0 |    0 |          0 |
|         UART_BIDET                                                                   |                               slib_edge_detect |          0 |          0 |       0 |    0 |      1 |      0 |      0 |    0 |          0 |
|         UART_ED_CTS                                                                  |                           slib_edge_detect_434 |          0 |          0 |       0 |    0 |      1 |      0 |      0 |    0 |          0 |
|         UART_ED_DCD                                                                  |                           slib_edge_detect_435 |          0 |          0 |       0 |    0 |      1 |      0 |      0 |    0 |          0 |
|         UART_ED_DSR                                                                  |                           slib_edge_detect_436 |          0 |          0 |       0 |    0 |      1 |      0 |      0 |    0 |          0 |
|         UART_ED_RI                                                                   |                           slib_edge_detect_437 |          0 |          0 |       0 |    0 |      1 |      0 |      0 |    0 |          0 |
|         UART_FEDET                                                                   |                           slib_edge_detect_438 |          0 |          0 |       0 |    0 |      1 |      0 |      0 |    0 |          0 |
|         UART_IF_CTS                                                                  |                              slib_input_filter |          5 |          5 |       0 |    0 |      3 |      0 |      0 |    0 |          0 |
|         UART_IF_DCD                                                                  |                          slib_input_filter_439 |          5 |          5 |       0 |    0 |      3 |      0 |      0 |    0 |          0 |
|         UART_IF_DSR                                                                  |                          slib_input_filter_440 |          4 |          4 |       0 |    0 |      3 |      0 |      0 |    0 |          0 |
|         UART_IF_RI                                                                   |                          slib_input_filter_441 |          4 |          4 |       0 |    0 |      3 |      0 |      0 |    0 |          0 |
|         UART_IIC                                                                     |                                 uart_interrupt |          9 |          9 |       0 |    0 |      4 |      0 |      0 |    0 |          0 |
|         UART_IIC_THRE_ED                                                             |                           slib_edge_detect_442 |          1 |          1 |       0 |    0 |      1 |      0 |      0 |    0 |          0 |
|         UART_IS_SIN                                                                  |                                slib_input_sync |          0 |          0 |       0 |    0 |      2 |      0 |      0 |    0 |          0 |
|         UART_PEDET                                                                   |                           slib_edge_detect_443 |          0 |          0 |       0 |    0 |      1 |      0 |      0 |    0 |          0 |
|         UART_RCLK                                                                    |                           slib_edge_detect_444 |          0 |          0 |       0 |    0 |      1 |      0 |      0 |    0 |          0 |
|         UART_RX                                                                      |                                  uart_receiver |         45 |         45 |       0 |    0 |     36 |      0 |      0 |    0 |          0 |
|           (UART_RX)                                                                  |                                  uart_receiver |         11 |         11 |       0 |    0 |     21 |      0 |      0 |    0 |          0 |
|           RX_BRC                                                                     |                                   slib_counter |         13 |         13 |       0 |    0 |      5 |      0 |      0 |    0 |          0 |
|           RX_IFSB                                                                    |              slib_input_filter__parameterized0 |          8 |          8 |       0 |    0 |      4 |      0 |      0 |    0 |          0 |
|           RX_MVF                                                                     |                                 slib_mv_filter |         14 |         14 |       0 |    0 |      6 |      0 |      0 |    0 |          0 |
|         UART_RXFF                                                                    |                      slib_fifo__parameterized0 |        352 |        352 |       0 |    0 |    736 |      0 |      0 |    0 |          0 |
|         UART_TX                                                                      |                               uart_transmitter |         14 |         14 |       0 |    0 |     16 |      0 |      0 |    0 |          0 |
|         UART_TXFF                                                                    |                                      slib_fifo |        253 |        253 |       0 |    0 |    540 |      0 |      0 |    0 |          0 |
|       i_reg_uart_reg_to_apb                                                          |                                     reg_to_apb |          0 |          0 |       0 |    0 |      1 |      0 |      0 |    0 |          0 |
|     i_axi_to_reg_v2                                                                  |                                  axi_to_reg_v2 |       2314 |       2314 |       0 |    0 |   1425 |      0 |      0 |    0 |          0 |
|       gen_tcdm_to_reg[0].i_mem_req_spill                                             |                spill_register__parameterized42 |         98 |         98 |       0 |    0 |    164 |      0 |      0 |    0 |          0 |
|         spill_register_flushable_i                                                   |  spill_register_flushable__parameterized43_433 |         98 |         98 |       0 |    0 |    164 |      0 |      0 |    0 |          0 |
|       gen_tcdm_to_reg[0].i_periph_to_reg                                             |                                  periph_to_reg |          0 |          0 |       0 |    0 |     33 |      0 |      0 |    0 |          0 |
|       gen_tcdm_to_reg[1].i_mem_req_spill                                             |            spill_register__parameterized42_413 |       1327 |       1327 |       0 |    0 |    166 |      0 |      0 |    0 |          0 |
|         spill_register_flushable_i                                                   |  spill_register_flushable__parameterized43_432 |       1327 |       1327 |       0 |    0 |    166 |      0 |      0 |    0 |          0 |
|       gen_tcdm_to_reg[1].i_periph_to_reg                                             |                              periph_to_reg_414 |          0 |          0 |       0 |    0 |     33 |      0 |      0 |    0 |          0 |
|       gen_tcdm_to_reg[2].i_mem_req_spill                                             |            spill_register__parameterized42_415 |         91 |         91 |       0 |    0 |    166 |      0 |      0 |    0 |          0 |
|         spill_register_flushable_i                                                   |  spill_register_flushable__parameterized43_431 |         91 |         91 |       0 |    0 |    166 |      0 |      0 |    0 |          0 |
|       gen_tcdm_to_reg[2].i_periph_to_reg                                             |                              periph_to_reg_416 |          0 |          0 |       0 |    0 |     33 |      0 |      0 |    0 |          0 |
|       gen_tcdm_to_reg[3].i_mem_req_spill                                             |            spill_register__parameterized42_417 |        101 |        101 |       0 |    0 |    166 |      0 |      0 |    0 |          0 |
|         spill_register_flushable_i                                                   |      spill_register_flushable__parameterized43 |        101 |        101 |       0 |    0 |    166 |      0 |      0 |    0 |          0 |
|       gen_tcdm_to_reg[3].i_periph_to_reg                                             |                              periph_to_reg_418 |          0 |          0 |       0 |    0 |     33 |      0 |      0 |    0 |          0 |
|       i_axi_to_detailed_mem                                                          |                            axi_to_detailed_mem |        697 |        697 |       0 |    0 |    624 |      0 |      0 |    0 |          0 |
|         (i_axi_to_detailed_mem)                                                      |                            axi_to_detailed_mem |         71 |         71 |       0 |    0 |    129 |      0 |      0 |    0 |          0 |
|         i_fork                                                                       |                                    stream_fork |         22 |         22 |       0 |    0 |      4 |      0 |      0 |    0 |          0 |
|         i_fork_dynamic                                                               |                            stream_fork_dynamic |          2 |          2 |       0 |    0 |      3 |      0 |      0 |    0 |          0 |
|           i_fork                                                                     |                    stream_fork__parameterized0 |          2 |          2 |       0 |    0 |      3 |      0 |      0 |    0 |          0 |
|         i_mem_to_banks                                                               |                          mem_to_banks_detailed |        556 |        556 |       0 |    0 |    334 |      0 |      0 |    0 |          0 |
|           gen_reqs[0].i_ft_reg                                                       |                   stream_fifo__parameterized11 |         86 |         86 |       0 |    0 |     38 |      0 |      0 |    0 |          0 |
|             fifo_i                                                                   |                   fifo_v3__parameterized48_430 |         86 |         86 |       0 |    0 |     38 |      0 |      0 |    0 |          0 |
|           gen_reqs[1].i_ft_reg                                                       |               stream_fifo__parameterized11_419 |         87 |         87 |       0 |    0 |     82 |      0 |      0 |    0 |          0 |
|             fifo_i                                                                   |                   fifo_v3__parameterized48_429 |         87 |         87 |       0 |    0 |     82 |      0 |      0 |    0 |          0 |
|           gen_reqs[2].i_ft_reg                                                       |               stream_fifo__parameterized11_420 |         89 |         89 |       0 |    0 |     40 |      0 |      0 |    0 |          0 |
|             fifo_i                                                                   |                   fifo_v3__parameterized48_428 |         89 |         89 |       0 |    0 |     40 |      0 |      0 |    0 |          0 |
|           gen_reqs[3].i_ft_reg                                                       |               stream_fifo__parameterized11_421 |         88 |         88 |       0 |    0 |     38 |      0 |      0 |    0 |          0 |
|             fifo_i                                                                   |                       fifo_v3__parameterized48 |         88 |         88 |       0 |    0 |     38 |      0 |      0 |    0 |          0 |
|           gen_resp_regs[0].i_ft_reg                                                  |                   stream_fifo__parameterized12 |         51 |         51 |       0 |    0 |     34 |      0 |      0 |    0 |          0 |
|             fifo_i                                                                   |                   fifo_v3__parameterized49_427 |         51 |         51 |       0 |    0 |     34 |      0 |      0 |    0 |          0 |
|           gen_resp_regs[1].i_ft_reg                                                  |               stream_fifo__parameterized12_422 |         52 |         52 |       0 |    0 |     34 |      0 |      0 |    0 |          0 |
|             fifo_i                                                                   |                   fifo_v3__parameterized49_426 |         52 |         52 |       0 |    0 |     34 |      0 |      0 |    0 |          0 |
|           gen_resp_regs[2].i_ft_reg                                                  |               stream_fifo__parameterized12_423 |         52 |         52 |       0 |    0 |     34 |      0 |      0 |    0 |          0 |
|             fifo_i                                                                   |                   fifo_v3__parameterized49_425 |         52 |         52 |       0 |    0 |     34 |      0 |      0 |    0 |          0 |
|           gen_resp_regs[3].i_ft_reg                                                  |               stream_fifo__parameterized12_424 |         52 |         52 |       0 |    0 |     34 |      0 |      0 |    0 |          0 |
|             fifo_i                                                                   |                       fifo_v3__parameterized49 |         52 |         52 |       0 |    0 |     34 |      0 |      0 |    0 |          0 |
|         i_meta_buf                                                                   |                    stream_fifo__parameterized9 |         28 |         28 |       0 |    0 |     14 |      0 |      0 |    0 |          0 |
|           fifo_i                                                                     |                       fifo_v3__parameterized46 |         28 |         28 |       0 |    0 |     14 |      0 |      0 |    0 |          0 |
|         i_sel_buf                                                                    |                    stream_fifo__parameterized8 |         13 |         13 |       0 |    0 |      8 |      0 |      0 |    0 |          0 |
|           fifo_i                                                                     |                       fifo_v3__parameterized45 |         13 |         13 |       0 |    0 |      8 |      0 |      0 |    0 |          0 |
|         i_stream_to_mem                                                              |                                  stream_to_mem |          6 |          6 |       0 |    0 |    132 |      0 |      0 |    0 |          0 |
|           (i_stream_to_mem)                                                          |                                  stream_to_mem |          2 |          2 |       0 |    0 |      2 |      0 |      0 |    0 |          0 |
|           gen_buf.i_resp_buf                                                         |                   stream_fifo__parameterized10 |          4 |          4 |       0 |    0 |    130 |      0 |      0 |    0 |          0 |
|             fifo_i                                                                   |                       fifo_v3__parameterized47 |          4 |          4 |       0 |    0 |    130 |      0 |      0 |    0 |          0 |
|       i_reg_mux                                                                      |                                        reg_mux |          2 |          2 |       0 |    0 |      7 |      0 |      0 |    0 |          0 |
|         i_stream_arbiter                                                             |                 stream_arbiter__parameterized0 |          2 |          2 |       0 |    0 |      7 |      0 |      0 |    0 |          0 |
|           i_arb                                                                      |       stream_arbiter_flushable__parameterized0 |          2 |          2 |       0 |    0 |      7 |      0 |      0 |    0 |          0 |
|             gen_rr_arb.i_arbiter                                                     |                   rr_arb_tree__parameterized29 |          2 |          2 |       0 |    0 |      7 |      0 |      0 |    0 |          0 |
|     i_axi_xbar                                                                       |                                       axi_xbar |       4188 |       4188 |       0 |    0 |   5633 |      0 |      0 |    0 |          0 |
|       gen_mst_port_mux[0].i_axi_mux                                                  |                        axi_mux__parameterized1 |        304 |        304 |       0 |    0 |    141 |      0 |      0 |    0 |          0 |
|         (gen_mst_port_mux[0].i_axi_mux)                                              |                        axi_mux__parameterized1 |          0 |          0 |       0 |    0 |      1 |      0 |      0 |    0 |          0 |
|         gen_mux.i_ar_arbiter                                                         |               rr_arb_tree__parameterized25_400 |          6 |          6 |       0 |    0 |      6 |      0 |      0 |    0 |          0 |
|         gen_mux.i_ar_spill_reg                                                       |             spill_register__parameterized6_401 |         18 |         18 |       0 |    0 |     26 |      0 |      0 |    0 |          0 |
|           spill_register_flushable_i                                                 |   spill_register_flushable__parameterized6_412 |         18 |         18 |       0 |    0 |     26 |      0 |      0 |    0 |          0 |
|         gen_mux.i_aw_arbiter                                                         |               rr_arb_tree__parameterized28_402 |          8 |          8 |       0 |    0 |      6 |      0 |      0 |    0 |          0 |
|         gen_mux.i_aw_spill_reg                                                       |             spill_register__parameterized4_403 |          5 |          5 |       0 |    0 |     10 |      0 |      0 |    0 |          0 |
|           spill_register_flushable_i                                                 |   spill_register_flushable__parameterized4_411 |          5 |          5 |       0 |    0 |     10 |      0 |      0 |    0 |          0 |
|         gen_mux.i_b_spill_reg                                                        |             spill_register__parameterized5_404 |         13 |         13 |       0 |    0 |     10 |      0 |      0 |    0 |          0 |
|           spill_register_flushable_i                                                 |   spill_register_flushable__parameterized5_410 |         13 |         13 |       0 |    0 |     10 |      0 |      0 |    0 |          0 |
|         gen_mux.i_r_spill_reg                                                        |             spill_register__parameterized7_405 |        191 |        191 |       0 |    0 |     14 |      0 |      0 |    0 |          0 |
|           spill_register_flushable_i                                                 |   spill_register_flushable__parameterized7_409 |        191 |        191 |       0 |    0 |     14 |      0 |      0 |    0 |          0 |
|         gen_mux.i_w_fifo                                                             |                   fifo_v3__parameterized44_406 |         57 |         57 |       0 |    0 |     64 |      0 |      0 |    0 |          0 |
|         gen_mux.i_w_spill_reg                                                        |             spill_register__parameterized2_407 |          6 |          6 |       0 |    0 |      4 |      0 |      0 |    0 |          0 |
|           spill_register_flushable_i                                                 |   spill_register_flushable__parameterized2_408 |          6 |          6 |       0 |    0 |      4 |      0 |      0 |    0 |          0 |
|       gen_mst_port_mux[1].i_axi_mux                                                  |                    axi_mux__parameterized1_259 |        551 |        551 |       0 |    0 |    901 |      0 |      0 |    0 |          0 |
|         (gen_mst_port_mux[1].i_axi_mux)                                              |                    axi_mux__parameterized1_259 |          0 |          0 |       0 |    0 |      1 |      0 |      0 |    0 |          0 |
|         gen_mux.i_ar_arbiter                                                         |               rr_arb_tree__parameterized25_387 |         63 |         63 |       0 |    0 |      6 |      0 |      0 |    0 |          0 |
|         gen_mux.i_ar_spill_reg                                                       |             spill_register__parameterized6_388 |         34 |         34 |       0 |    0 |    128 |      0 |      0 |    0 |          0 |
|           spill_register_flushable_i                                                 |   spill_register_flushable__parameterized6_399 |         34 |         34 |       0 |    0 |    128 |      0 |      0 |    0 |          0 |
|         gen_mux.i_aw_arbiter                                                         |               rr_arb_tree__parameterized28_389 |         60 |         60 |       0 |    0 |      6 |      0 |      0 |    0 |          0 |
|         gen_mux.i_aw_spill_reg                                                       |             spill_register__parameterized4_390 |         36 |         36 |       0 |    0 |    128 |      0 |      0 |    0 |          0 |
|           spill_register_flushable_i                                                 |   spill_register_flushable__parameterized4_398 |         36 |         36 |       0 |    0 |    128 |      0 |      0 |    0 |          0 |
|         gen_mux.i_b_spill_reg                                                        |             spill_register__parameterized5_391 |         10 |         10 |       0 |    0 |     10 |      0 |      0 |    0 |          0 |
|           spill_register_flushable_i                                                 |   spill_register_flushable__parameterized5_397 |         10 |         10 |       0 |    0 |     10 |      0 |      0 |    0 |          0 |
|         gen_mux.i_r_spill_reg                                                        |             spill_register__parameterized7_392 |         74 |         74 |       0 |    0 |    268 |      0 |      0 |    0 |          0 |
|           spill_register_flushable_i                                                 |   spill_register_flushable__parameterized7_396 |         74 |         74 |       0 |    0 |    268 |      0 |      0 |    0 |          0 |
|         gen_mux.i_w_fifo                                                             |                   fifo_v3__parameterized44_393 |        199 |        199 |       0 |    0 |     64 |      0 |      0 |    0 |          0 |
|         gen_mux.i_w_spill_reg                                                        |             spill_register__parameterized2_394 |         75 |         75 |       0 |    0 |    290 |      0 |      0 |    0 |          0 |
|           spill_register_flushable_i                                                 |   spill_register_flushable__parameterized2_395 |         75 |         75 |       0 |    0 |    290 |      0 |      0 |    0 |          0 |
|       gen_mst_port_mux[2].i_axi_mux                                                  |                    axi_mux__parameterized1_260 |        591 |        591 |       0 |    0 |    911 |      0 |      0 |    0 |          0 |
|         (gen_mst_port_mux[2].i_axi_mux)                                              |                    axi_mux__parameterized1_260 |          0 |          0 |       0 |    0 |      1 |      0 |      0 |    0 |          0 |
|         gen_mux.i_ar_arbiter                                                         |               rr_arb_tree__parameterized25_374 |         60 |         60 |       0 |    0 |      6 |      0 |      0 |    0 |          0 |
|         gen_mux.i_ar_spill_reg                                                       |             spill_register__parameterized6_375 |         70 |         70 |       0 |    0 |    132 |      0 |      0 |    0 |          0 |
|           spill_register_flushable_i                                                 |   spill_register_flushable__parameterized6_386 |         70 |         70 |       0 |    0 |    132 |      0 |      0 |    0 |          0 |
|         gen_mux.i_aw_arbiter                                                         |               rr_arb_tree__parameterized28_376 |         63 |         63 |       0 |    0 |      6 |      0 |      0 |    0 |          0 |
|         gen_mux.i_aw_spill_reg                                                       |             spill_register__parameterized4_377 |         37 |         37 |       0 |    0 |    132 |      0 |      0 |    0 |          0 |
|           spill_register_flushable_i                                                 |   spill_register_flushable__parameterized4_385 |         37 |         37 |       0 |    0 |    132 |      0 |      0 |    0 |          0 |
|         gen_mux.i_b_spill_reg                                                        |             spill_register__parameterized5_378 |         11 |         11 |       0 |    0 |     10 |      0 |      0 |    0 |          0 |
|           spill_register_flushable_i                                                 |   spill_register_flushable__parameterized5_384 |         11 |         11 |       0 |    0 |     10 |      0 |      0 |    0 |          0 |
|         gen_mux.i_r_spill_reg                                                        |             spill_register__parameterized7_379 |         78 |         78 |       0 |    0 |    268 |      0 |      0 |    0 |          0 |
|           spill_register_flushable_i                                                 |   spill_register_flushable__parameterized7_383 |         78 |         78 |       0 |    0 |    268 |      0 |      0 |    0 |          0 |
|         gen_mux.i_w_fifo                                                             |                   fifo_v3__parameterized44_380 |        199 |        199 |       0 |    0 |     64 |      0 |      0 |    0 |          0 |
|         gen_mux.i_w_spill_reg                                                        |             spill_register__parameterized2_381 |         75 |         75 |       0 |    0 |    292 |      0 |      0 |    0 |          0 |
|           spill_register_flushable_i                                                 |   spill_register_flushable__parameterized2_382 |         75 |         75 |       0 |    0 |    292 |      0 |      0 |    0 |          0 |
|       gen_mst_port_mux[3].i_axi_mux                                                  |                    axi_mux__parameterized1_261 |        588 |        588 |       0 |    0 |    893 |      0 |      0 |    0 |          0 |
|         (gen_mst_port_mux[3].i_axi_mux)                                              |                    axi_mux__parameterized1_261 |          0 |          0 |       0 |    0 |      1 |      0 |      0 |    0 |          0 |
|         gen_mux.i_ar_arbiter                                                         |                   rr_arb_tree__parameterized25 |         60 |         60 |       0 |    0 |      6 |      0 |      0 |    0 |          0 |
|         gen_mux.i_ar_spill_reg                                                       |             spill_register__parameterized6_364 |         70 |         70 |       0 |    0 |    132 |      0 |      0 |    0 |          0 |
|           spill_register_flushable_i                                                 |   spill_register_flushable__parameterized6_373 |         70 |         70 |       0 |    0 |    132 |      0 |      0 |    0 |          0 |
|         gen_mux.i_aw_arbiter                                                         |                   rr_arb_tree__parameterized28 |         62 |         62 |       0 |    0 |      6 |      0 |      0 |    0 |          0 |
|         gen_mux.i_aw_spill_reg                                                       |             spill_register__parameterized4_365 |         40 |         40 |       0 |    0 |    132 |      0 |      0 |    0 |          0 |
|           spill_register_flushable_i                                                 |   spill_register_flushable__parameterized4_372 |         40 |         40 |       0 |    0 |    132 |      0 |      0 |    0 |          0 |
|         gen_mux.i_b_spill_reg                                                        |             spill_register__parameterized5_366 |         17 |         17 |       0 |    0 |     10 |      0 |      0 |    0 |          0 |
|           spill_register_flushable_i                                                 |   spill_register_flushable__parameterized5_371 |         17 |         17 |       0 |    0 |     10 |      0 |      0 |    0 |          0 |
|         gen_mux.i_r_spill_reg                                                        |             spill_register__parameterized7_367 |         77 |         77 |       0 |    0 |    268 |      0 |      0 |    0 |          0 |
|           spill_register_flushable_i                                                 |   spill_register_flushable__parameterized7_370 |         77 |         77 |       0 |    0 |    268 |      0 |      0 |    0 |          0 |
|         gen_mux.i_w_fifo                                                             |                       fifo_v3__parameterized44 |        191 |        191 |       0 |    0 |     64 |      0 |      0 |    0 |          0 |
|         gen_mux.i_w_spill_reg                                                        |             spill_register__parameterized2_368 |         71 |         71 |       0 |    0 |    274 |      0 |      0 |    0 |          0 |
|           spill_register_flushable_i                                                 |   spill_register_flushable__parameterized2_369 |         71 |         71 |       0 |    0 |    274 |      0 |      0 |    0 |          0 |
|       gen_slv_port_demux[0].i_axi_demux                                              |                      axi_demux__parameterized3 |        568 |        568 |       0 |    0 |    775 |      0 |      0 |    0 |          0 |
|         i_ar_sel_spill_reg                                                           |            spill_register__parameterized41_335 |         12 |         12 |       0 |    0 |      8 |      0 |      0 |    0 |          0 |
|           spill_register_flushable_i                                                 |  spill_register_flushable__parameterized42_363 |         12 |         12 |       0 |    0 |      8 |      0 |      0 |    0 |          0 |
|         i_ar_spill_reg                                                               |            spill_register__parameterized28_336 |         51 |         51 |       0 |    0 |    112 |      0 |      0 |    0 |          0 |
|           spill_register_flushable_i                                                 |  spill_register_flushable__parameterized28_362 |         51 |         51 |       0 |    0 |    112 |      0 |      0 |    0 |          0 |
|         i_aw_select_spill_reg                                                        |            spill_register__parameterized41_337 |          5 |          5 |       0 |    0 |      8 |      0 |      0 |    0 |          0 |
|           spill_register_flushable_i                                                 |  spill_register_flushable__parameterized42_361 |          5 |          5 |       0 |    0 |      8 |      0 |      0 |    0 |          0 |
|         i_aw_spill_reg                                                               |            spill_register__parameterized26_338 |         31 |         31 |       0 |    0 |    110 |      0 |      0 |    0 |          0 |
|           spill_register_flushable_i                                                 |  spill_register_flushable__parameterized26_360 |         31 |         31 |       0 |    0 |    110 |      0 |      0 |    0 |          0 |
|         i_b_spill_reg                                                                |            spill_register__parameterized27_339 |         12 |         12 |       0 |    0 |      6 |      0 |      0 |    0 |          0 |
|           spill_register_flushable_i                                                 |  spill_register_flushable__parameterized27_359 |         12 |         12 |       0 |    0 |      6 |      0 |      0 |    0 |          0 |
|         i_demux_simple                                                               |           axi_demux_simple__parameterized3_340 |        127 |        127 |       0 |    0 |    100 |      0 |      0 |    0 |          0 |
|           (i_demux_simple)                                                           |           axi_demux_simple__parameterized3_340 |          0 |          0 |       0 |    0 |      5 |      0 |      0 |    0 |          0 |
|           gen_ar_id_counter.i_ar_id_counter                                          |      axi_demux_id_counters__parameterized3_345 |         22 |         22 |       0 |    0 |     36 |      0 |      0 |    0 |          0 |
|             (gen_ar_id_counter.i_ar_id_counter)                                      |      axi_demux_id_counters__parameterized3_345 |          0 |          0 |       0 |    0 |     12 |      0 |      0 |    0 |          0 |
|             gen_counters[0].i_in_flight_cnt                                          |              delta_counter__parameterized1_355 |          8 |          8 |       0 |    0 |      6 |      0 |      0 |    0 |          0 |
|             gen_counters[1].i_in_flight_cnt                                          |              delta_counter__parameterized1_356 |          6 |          6 |       0 |    0 |      6 |      0 |      0 |    0 |          0 |
|             gen_counters[2].i_in_flight_cnt                                          |              delta_counter__parameterized1_357 |          4 |          4 |       0 |    0 |      6 |      0 |      0 |    0 |          0 |
|             gen_counters[3].i_in_flight_cnt                                          |              delta_counter__parameterized1_358 |          4 |          4 |       0 |    0 |      6 |      0 |      0 |    0 |          0 |
|           gen_aw_id_counter.i_aw_id_counter                                          |      axi_demux_id_counters__parameterized3_346 |         30 |         30 |       0 |    0 |     36 |      0 |      0 |    0 |          0 |
|             (gen_aw_id_counter.i_aw_id_counter)                                      |      axi_demux_id_counters__parameterized3_346 |          0 |          0 |       0 |    0 |     12 |      0 |      0 |    0 |          0 |
|             gen_counters[0].i_in_flight_cnt                                          |              delta_counter__parameterized1_351 |          5 |          5 |       0 |    0 |      6 |      0 |      0 |    0 |          0 |
|             gen_counters[1].i_in_flight_cnt                                          |              delta_counter__parameterized1_352 |          7 |          7 |       0 |    0 |      6 |      0 |      0 |    0 |          0 |
|             gen_counters[2].i_in_flight_cnt                                          |              delta_counter__parameterized1_353 |          8 |          8 |       0 |    0 |      6 |      0 |      0 |    0 |          0 |
|             gen_counters[3].i_in_flight_cnt                                          |              delta_counter__parameterized1_354 |         10 |         10 |       0 |    0 |      6 |      0 |      0 |    0 |          0 |
|           i_b_mux                                                                    |               rr_arb_tree__parameterized27_347 |         33 |         33 |       0 |    0 |      9 |      0 |      0 |    0 |          0 |
|           i_counter_open_w                                                           |                    counter__parameterized1_348 |         32 |         32 |       0 |    0 |      5 |      0 |      0 |    0 |          0 |
|             i_counter                                                                |              delta_counter__parameterized1_350 |         32 |         32 |       0 |    0 |      5 |      0 |      0 |    0 |          0 |
|           i_r_mux                                                                    |               rr_arb_tree__parameterized27_349 |         10 |         10 |       0 |    0 |      9 |      0 |      0 |    0 |          0 |
|         i_r_spill_reg                                                                |            spill_register__parameterized29_341 |        289 |        289 |       0 |    0 |    267 |      0 |      0 |    0 |          0 |
|           spill_register_flushable_i                                                 |  spill_register_flushable__parameterized29_344 |        289 |        289 |       0 |    0 |    267 |      0 |      0 |    0 |          0 |
|         i_w_spill_reg                                                                |             spill_register__parameterized2_342 |         44 |         44 |       0 |    0 |    164 |      0 |      0 |    0 |          0 |
|           spill_register_flushable_i                                                 |   spill_register_flushable__parameterized2_343 |         44 |         44 |       0 |    0 |    164 |      0 |      0 |    0 |          0 |
|       gen_slv_port_demux[0].i_axi_err_slv                                            |                    axi_err_slv__parameterized2 |         79 |         79 |       0 |    0 |     68 |      0 |      0 |    0 |          0 |
|         (gen_slv_port_demux[0].i_axi_err_slv)                                        |                    axi_err_slv__parameterized2 |          0 |          0 |       0 |    0 |      1 |      0 |      0 |    0 |          0 |
|         i_atop_filter                                                                |            axi_atop_filter__parameterized1_329 |         34 |         34 |       0 |    0 |     17 |      0 |      0 |    0 |          0 |
|         i_b_fifo                                                                     |                   fifo_v3__parameterized42_330 |          5 |          5 |       0 |    0 |      8 |      0 |      0 |    0 |          0 |
|         i_r_counter                                                                  |                    counter__parameterized6_331 |          9 |          9 |       0 |    0 |      8 |      0 |      0 |    0 |          0 |
|           i_counter                                                                  |              delta_counter__parameterized6_334 |          9 |          9 |       0 |    0 |      8 |      0 |      0 |    0 |          0 |
|         i_r_fifo                                                                     |                   fifo_v3__parameterized43_332 |         15 |         15 |       0 |    0 |     19 |      0 |      0 |    0 |          0 |
|         i_w_fifo                                                                     |                   fifo_v3__parameterized41_333 |         17 |         17 |       0 |    0 |     15 |      0 |      0 |    0 |          0 |
|       gen_slv_port_demux[1].i_axi_demux                                              |                  axi_demux__parameterized3_262 |         37 |         37 |       0 |    0 |     22 |      0 |      0 |    0 |          0 |
|         i_b_spill_reg                                                                |            spill_register__parameterized27_322 |          2 |          2 |       0 |    0 |      2 |      0 |      0 |    0 |          0 |
|           spill_register_flushable_i                                                 |  spill_register_flushable__parameterized27_328 |          2 |          2 |       0 |    0 |      2 |      0 |      0 |    0 |          0 |
|         i_demux_simple                                                               |           axi_demux_simple__parameterized3_323 |         32 |         32 |       0 |    0 |     18 |      0 |      0 |    0 |          0 |
|           i_b_mux                                                                    |               rr_arb_tree__parameterized27_326 |         20 |         20 |       0 |    0 |      9 |      0 |      0 |    0 |          0 |
|           i_r_mux                                                                    |               rr_arb_tree__parameterized27_327 |         12 |         12 |       0 |    0 |      9 |      0 |      0 |    0 |          0 |
|         i_r_spill_reg                                                                |            spill_register__parameterized29_324 |          3 |          3 |       0 |    0 |      2 |      0 |      0 |    0 |          0 |
|           spill_register_flushable_i                                                 |  spill_register_flushable__parameterized29_325 |          3 |          3 |       0 |    0 |      2 |      0 |      0 |    0 |          0 |
|       gen_slv_port_demux[1].i_axi_err_slv                                            |                axi_err_slv__parameterized2_263 |         33 |         33 |       0 |    0 |     27 |      0 |      0 |    0 |          0 |
|         (gen_slv_port_demux[1].i_axi_err_slv)                                        |                axi_err_slv__parameterized2_263 |          0 |          0 |       0 |    0 |      1 |      0 |      0 |    0 |          0 |
|         i_atop_filter                                                                |            axi_atop_filter__parameterized1_317 |         16 |         16 |       0 |    0 |     13 |      0 |      0 |    0 |          0 |
|         i_b_fifo                                                                     |                   fifo_v3__parameterized42_318 |          3 |          3 |       0 |    0 |      2 |      0 |      0 |    0 |          0 |
|         i_r_counter                                                                  |                    counter__parameterized6_319 |         10 |         10 |       0 |    0 |      8 |      0 |      0 |    0 |          0 |
|           i_counter                                                                  |              delta_counter__parameterized6_321 |         10 |         10 |       0 |    0 |      8 |      0 |      0 |    0 |          0 |
|         i_r_fifo                                                                     |                   fifo_v3__parameterized43_320 |          4 |          4 |       0 |    0 |      3 |      0 |      0 |    0 |          0 |
|       gen_slv_port_demux[2].i_axi_demux                                              |                  axi_demux__parameterized3_264 |        501 |        501 |       0 |    0 |    886 |      0 |      0 |    0 |          0 |
|         i_ar_sel_spill_reg                                                           |            spill_register__parameterized41_288 |         11 |         11 |       0 |    0 |      8 |      0 |      0 |    0 |          0 |
|           spill_register_flushable_i                                                 |  spill_register_flushable__parameterized42_316 |         11 |         11 |       0 |    0 |      8 |      0 |      0 |    0 |          0 |
|         i_ar_spill_reg                                                               |            spill_register__parameterized28_289 |         55 |         55 |       0 |    0 |    124 |      0 |      0 |    0 |          0 |
|           spill_register_flushable_i                                                 |  spill_register_flushable__parameterized28_315 |         55 |         55 |       0 |    0 |    124 |      0 |      0 |    0 |          0 |
|         i_aw_select_spill_reg                                                        |            spill_register__parameterized41_290 |          9 |          9 |       0 |    0 |      8 |      0 |      0 |    0 |          0 |
|           spill_register_flushable_i                                                 |  spill_register_flushable__parameterized42_314 |          9 |          9 |       0 |    0 |      8 |      0 |      0 |    0 |          0 |
|         i_aw_spill_reg                                                               |            spill_register__parameterized26_291 |         33 |         33 |       0 |    0 |    122 |      0 |      0 |    0 |          0 |
|           spill_register_flushable_i                                                 |  spill_register_flushable__parameterized26_313 |         33 |         33 |       0 |    0 |    122 |      0 |      0 |    0 |          0 |
|         i_b_spill_reg                                                                |            spill_register__parameterized27_292 |          0 |          0 |       0 |    0 |      1 |      0 |      0 |    0 |          0 |
|           spill_register_flushable_i                                                 |  spill_register_flushable__parameterized27_312 |          0 |          0 |       0 |    0 |      1 |      0 |      0 |    0 |          0 |
|         i_demux_simple                                                               |           axi_demux_simple__parameterized3_293 |        249 |        249 |       0 |    0 |     73 |      0 |      0 |    0 |          0 |
|           (i_demux_simple)                                                           |           axi_demux_simple__parameterized3_293 |          0 |          0 |       0 |    0 |      2 |      0 |      0 |    0 |          0 |
|           gen_ar_id_counter.i_ar_id_counter                                          |      axi_demux_id_counters__parameterized3_298 |         23 |         23 |       0 |    0 |     27 |      0 |      0 |    0 |          0 |
|             (gen_ar_id_counter.i_ar_id_counter)                                      |      axi_demux_id_counters__parameterized3_298 |          0 |          0 |       0 |    0 |      3 |      0 |      0 |    0 |          0 |
|             gen_counters[0].i_in_flight_cnt                                          |              delta_counter__parameterized1_308 |          6 |          6 |       0 |    0 |      6 |      0 |      0 |    0 |          0 |
|             gen_counters[1].i_in_flight_cnt                                          |              delta_counter__parameterized1_309 |          5 |          5 |       0 |    0 |      6 |      0 |      0 |    0 |          0 |
|             gen_counters[2].i_in_flight_cnt                                          |              delta_counter__parameterized1_310 |          6 |          6 |       0 |    0 |      6 |      0 |      0 |    0 |          0 |
|             gen_counters[3].i_in_flight_cnt                                          |              delta_counter__parameterized1_311 |          6 |          6 |       0 |    0 |      6 |      0 |      0 |    0 |          0 |
|           gen_aw_id_counter.i_aw_id_counter                                          |      axi_demux_id_counters__parameterized3_299 |         43 |         43 |       0 |    0 |     27 |      0 |      0 |    0 |          0 |
|             (gen_aw_id_counter.i_aw_id_counter)                                      |      axi_demux_id_counters__parameterized3_299 |          2 |          2 |       0 |    0 |      3 |      0 |      0 |    0 |          0 |
|             gen_counters[0].i_in_flight_cnt                                          |              delta_counter__parameterized1_304 |         26 |         26 |       0 |    0 |      6 |      0 |      0 |    0 |          0 |
|             gen_counters[1].i_in_flight_cnt                                          |              delta_counter__parameterized1_305 |          5 |          5 |       0 |    0 |      6 |      0 |      0 |    0 |          0 |
|             gen_counters[2].i_in_flight_cnt                                          |              delta_counter__parameterized1_306 |          5 |          5 |       0 |    0 |      6 |      0 |      0 |    0 |          0 |
|             gen_counters[3].i_in_flight_cnt                                          |              delta_counter__parameterized1_307 |          5 |          5 |       0 |    0 |      6 |      0 |      0 |    0 |          0 |
|           i_b_mux                                                                    |               rr_arb_tree__parameterized27_300 |         11 |         11 |       0 |    0 |      3 |      0 |      0 |    0 |          0 |
|           i_counter_open_w                                                           |                    counter__parameterized1_301 |          4 |          4 |       0 |    0 |      5 |      0 |      0 |    0 |          0 |
|             i_counter                                                                |              delta_counter__parameterized1_303 |          4 |          4 |       0 |    0 |      5 |      0 |      0 |    0 |          0 |
|           i_r_mux                                                                    |               rr_arb_tree__parameterized27_302 |        168 |        168 |       0 |    0 |      9 |      0 |      0 |    0 |          0 |
|         i_r_spill_reg                                                                |            spill_register__parameterized29_294 |         69 |         69 |       0 |    0 |    258 |      0 |      0 |    0 |          0 |
|           spill_register_flushable_i                                                 |  spill_register_flushable__parameterized29_297 |         69 |         69 |       0 |    0 |    258 |      0 |      0 |    0 |          0 |
|         i_w_spill_reg                                                                |             spill_register__parameterized2_295 |         76 |         76 |       0 |    0 |    292 |      0 |      0 |    0 |          0 |
|           spill_register_flushable_i                                                 |   spill_register_flushable__parameterized2_296 |         76 |         76 |       0 |    0 |    292 |      0 |      0 |    0 |          0 |
|       gen_slv_port_demux[2].i_axi_err_slv                                            |                axi_err_slv__parameterized2_265 |         67 |         67 |       0 |    0 |     70 |      0 |      0 |    0 |          0 |
|         (gen_slv_port_demux[2].i_axi_err_slv)                                        |                axi_err_slv__parameterized2_265 |          0 |          0 |       0 |    0 |      1 |      0 |      0 |    0 |          0 |
|         i_atop_filter                                                                |            axi_atop_filter__parameterized1_282 |         30 |         30 |       0 |    0 |     17 |      0 |      0 |    0 |          0 |
|         i_b_fifo                                                                     |                   fifo_v3__parameterized42_283 |          2 |          2 |       0 |    0 |      2 |      0 |      0 |    0 |          0 |
|         i_r_counter                                                                  |                    counter__parameterized6_284 |         12 |         12 |       0 |    0 |      8 |      0 |      0 |    0 |          0 |
|           i_counter                                                                  |              delta_counter__parameterized6_287 |         12 |         12 |       0 |    0 |      8 |      0 |      0 |    0 |          0 |
|         i_r_fifo                                                                     |                   fifo_v3__parameterized43_285 |         20 |         20 |       0 |    0 |     39 |      0 |      0 |    0 |          0 |
|         i_w_fifo                                                                     |                   fifo_v3__parameterized41_286 |          4 |          4 |       0 |    0 |      3 |      0 |      0 |    0 |          0 |
|       gen_slv_port_demux[3].i_axi_demux                                              |                  axi_demux__parameterized3_266 |        816 |        816 |       0 |    0 |    869 |      0 |      0 |    0 |          0 |
|         i_ar_sel_spill_reg                                                           |                spill_register__parameterized41 |         11 |         11 |       0 |    0 |      8 |      0 |      0 |    0 |          0 |
|           spill_register_flushable_i                                                 |  spill_register_flushable__parameterized42_281 |         11 |         11 |       0 |    0 |      8 |      0 |      0 |    0 |          0 |
|         i_ar_spill_reg                                                               |                spill_register__parameterized28 |         57 |         57 |       0 |    0 |    110 |      0 |      0 |    0 |          0 |
|           spill_register_flushable_i                                                 |      spill_register_flushable__parameterized28 |         57 |         57 |       0 |    0 |    110 |      0 |      0 |    0 |          0 |
|         i_aw_select_spill_reg                                                        |            spill_register__parameterized41_268 |          9 |          9 |       0 |    0 |      8 |      0 |      0 |    0 |          0 |
|           spill_register_flushable_i                                                 |      spill_register_flushable__parameterized42 |          9 |          9 |       0 |    0 |      8 |      0 |      0 |    0 |          0 |
|         i_aw_spill_reg                                                               |                spill_register__parameterized26 |         50 |         50 |       0 |    0 |    110 |      0 |      0 |    0 |          0 |
|           spill_register_flushable_i                                                 |      spill_register_flushable__parameterized26 |         50 |         50 |       0 |    0 |    110 |      0 |      0 |    0 |          0 |
|         i_b_spill_reg                                                                |                spill_register__parameterized27 |          5 |          5 |       0 |    0 |      2 |      0 |      0 |    0 |          0 |
|           spill_register_flushable_i                                                 |      spill_register_flushable__parameterized27 |          5 |          5 |       0 |    0 |      2 |      0 |      0 |    0 |          0 |
|         i_demux_simple                                                               |               axi_demux_simple__parameterized3 |        282 |        282 |       0 |    0 |     79 |      0 |      0 |    0 |          0 |
|           (i_demux_simple)                                                           |               axi_demux_simple__parameterized3 |          0 |          0 |       0 |    0 |      2 |      0 |      0 |    0 |          0 |
|           gen_ar_id_counter.i_ar_id_counter                                          |          axi_demux_id_counters__parameterized3 |         23 |         23 |       0 |    0 |     27 |      0 |      0 |    0 |          0 |
|             (gen_ar_id_counter.i_ar_id_counter)                                      |          axi_demux_id_counters__parameterized3 |          0 |          0 |       0 |    0 |      3 |      0 |      0 |    0 |          0 |
|             gen_counters[0].i_in_flight_cnt                                          |              delta_counter__parameterized1_277 |          6 |          6 |       0 |    0 |      6 |      0 |      0 |    0 |          0 |
|             gen_counters[1].i_in_flight_cnt                                          |              delta_counter__parameterized1_278 |          5 |          5 |       0 |    0 |      6 |      0 |      0 |    0 |          0 |
|             gen_counters[2].i_in_flight_cnt                                          |              delta_counter__parameterized1_279 |          6 |          6 |       0 |    0 |      6 |      0 |      0 |    0 |          0 |
|             gen_counters[3].i_in_flight_cnt                                          |              delta_counter__parameterized1_280 |          6 |          6 |       0 |    0 |      6 |      0 |      0 |    0 |          0 |
|           gen_aw_id_counter.i_aw_id_counter                                          |      axi_demux_id_counters__parameterized3_271 |         36 |         36 |       0 |    0 |     27 |      0 |      0 |    0 |          0 |
|             (gen_aw_id_counter.i_aw_id_counter)                                      |      axi_demux_id_counters__parameterized3_271 |          2 |          2 |       0 |    0 |      3 |      0 |      0 |    0 |          0 |
|             gen_counters[0].i_in_flight_cnt                                          |              delta_counter__parameterized1_273 |         22 |         22 |       0 |    0 |      6 |      0 |      0 |    0 |          0 |
|             gen_counters[1].i_in_flight_cnt                                          |              delta_counter__parameterized1_274 |          4 |          4 |       0 |    0 |      6 |      0 |      0 |    0 |          0 |
|             gen_counters[2].i_in_flight_cnt                                          |              delta_counter__parameterized1_275 |          4 |          4 |       0 |    0 |      6 |      0 |      0 |    0 |          0 |
|             gen_counters[3].i_in_flight_cnt                                          |              delta_counter__parameterized1_276 |          4 |          4 |       0 |    0 |      6 |      0 |      0 |    0 |          0 |
|           i_b_mux                                                                    |                   rr_arb_tree__parameterized27 |         28 |         28 |       0 |    0 |      9 |      0 |      0 |    0 |          0 |
|           i_counter_open_w                                                           |                        counter__parameterized1 |          4 |          4 |       0 |    0 |      5 |      0 |      0 |    0 |          0 |
|             i_counter                                                                |                  delta_counter__parameterized1 |          4 |          4 |       0 |    0 |      5 |      0 |      0 |    0 |          0 |
|           i_r_mux                                                                    |               rr_arb_tree__parameterized27_272 |        192 |        192 |       0 |    0 |      9 |      0 |      0 |    0 |          0 |
|         i_r_spill_reg                                                                |                spill_register__parameterized29 |        327 |        327 |       0 |    0 |    260 |      0 |      0 |    0 |          0 |
|           spill_register_flushable_i                                                 |      spill_register_flushable__parameterized29 |        327 |        327 |       0 |    0 |    260 |      0 |      0 |    0 |          0 |
|         i_w_spill_reg                                                                |             spill_register__parameterized2_269 |         78 |         78 |       0 |    0 |    292 |      0 |      0 |    0 |          0 |
|           spill_register_flushable_i                                                 |   spill_register_flushable__parameterized2_270 |         78 |         78 |       0 |    0 |    292 |      0 |      0 |    0 |          0 |
|       gen_slv_port_demux[3].i_axi_err_slv                                            |                axi_err_slv__parameterized2_267 |         61 |         61 |       0 |    0 |     70 |      0 |      0 |    0 |          0 |
|         (gen_slv_port_demux[3].i_axi_err_slv)                                        |                axi_err_slv__parameterized2_267 |          0 |          0 |       0 |    0 |      1 |      0 |      0 |    0 |          0 |
|         i_atop_filter                                                                |                axi_atop_filter__parameterized1 |         26 |         26 |       0 |    0 |     17 |      0 |      0 |    0 |          0 |
|         i_b_fifo                                                                     |                       fifo_v3__parameterized42 |          3 |          3 |       0 |    0 |      2 |      0 |      0 |    0 |          0 |
|         i_r_counter                                                                  |                        counter__parameterized6 |         13 |         13 |       0 |    0 |      8 |      0 |      0 |    0 |          0 |
|           i_counter                                                                  |                  delta_counter__parameterized6 |         13 |         13 |       0 |    0 |      8 |      0 |      0 |    0 |          0 |
|         i_r_fifo                                                                     |                       fifo_v3__parameterized43 |         18 |         18 |       0 |    0 |     39 |      0 |      0 |    0 |          0 |
|         i_w_fifo                                                                     |                       fifo_v3__parameterized41 |          4 |          4 |       0 |    0 |      3 |      0 |      0 |    0 |          0 |
|     i_clint                                                                          |                                          clint |         34 |         34 |       0 |    0 |    132 |      0 |      0 |    0 |          0 |
|       i_clint_reg_top                                                                |                                  clint_reg_top |         34 |         34 |       0 |    0 |    129 |      0 |      0 |    0 |          0 |
|         u_msip_p_0                                                                   |                prim_subreg__parameterized4_254 |          0 |          0 |       0 |    0 |      1 |      0 |      0 |    0 |          0 |
|         u_mtime_high                                                                 |                                prim_subreg_255 |         18 |         18 |       0 |    0 |     32 |      0 |      0 |    0 |          0 |
|         u_mtime_low                                                                  |                                prim_subreg_256 |         16 |         16 |       0 |    0 |     32 |      0 |      0 |    0 |          0 |
|         u_mtimecmp_high0                                                             |                                prim_subreg_257 |         16 |         16 |       0 |    0 |     32 |      0 |      0 |    0 |          0 |
|         u_mtimecmp_low0                                                              |                                prim_subreg_258 |         16 |         16 |       0 |    0 |     32 |      0 |      0 |    0 |          0 |
|       i_sync_edge                                                                    |                               clint_sync_wedge |          0 |          0 |       0 |    0 |      3 |      0 |      0 |    0 |          0 |
|         (i_sync_edge)                                                                |                               clint_sync_wedge |          0 |          0 |       0 |    0 |      1 |      0 |      0 |    0 |          0 |
|         i_sync                                                                       |                                     clint_sync |          0 |          0 |       0 |    0 |      2 |      0 |      0 |    0 |          0 |
|     i_plic                                                                           |                                        rv_plic |        793 |        793 |       0 |    0 |    601 |      0 |      0 |    0 |          0 |
|       gen_target[0].u_target                                                         |                                 rv_plic_target |         10 |         10 |       0 |    0 |      7 |      0 |      0 |    0 |          0 |
|       gen_target[1].u_target                                                         |                              rv_plic_target_21 |         66 |         66 |       0 |    0 |      7 |      0 |      0 |    0 |          0 |
|       u_gateway                                                                      |                                rv_plic_gateway |        118 |        118 |       0 |    0 |    116 |      0 |      0 |    0 |          0 |
|       u_prim_flop_2sync                                                              |                                prim_flop_2sync |         33 |         33 |       0 |    0 |    116 |      0 |      0 |    0 |          0 |
|         (u_prim_flop_2sync)                                                          |                                prim_flop_2sync |          1 |          1 |       0 |    0 |      0 |      0 |      0 |    0 |          0 |
|         gen_syncs[0].i_sync                                                          |                                        sync__1 |          1 |          1 |       0 |    0 |      2 |      0 |      0 |    0 |          0 |
|         gen_syncs[10].i_sync                                                         |                                       sync__11 |          1 |          1 |       0 |    0 |      2 |      0 |      0 |    0 |          0 |
|         gen_syncs[11].i_sync                                                         |                                       sync__12 |          1 |          1 |       0 |    0 |      2 |      0 |      0 |    0 |          0 |
|         gen_syncs[12].i_sync                                                         |                                       sync__13 |          1 |          1 |       0 |    0 |      2 |      0 |      0 |    0 |          0 |
|         gen_syncs[13].i_sync                                                         |                                       sync__14 |          1 |          1 |       0 |    0 |      2 |      0 |      0 |    0 |          0 |
|         gen_syncs[14].i_sync                                                         |                                       sync__15 |          1 |          1 |       0 |    0 |      2 |      0 |      0 |    0 |          0 |
|         gen_syncs[15].i_sync                                                         |                                       sync__16 |          1 |          1 |       0 |    0 |      2 |      0 |      0 |    0 |          0 |
|         gen_syncs[16].i_sync                                                         |                                       sync__17 |          1 |          1 |       0 |    0 |      2 |      0 |      0 |    0 |          0 |
|         gen_syncs[17].i_sync                                                         |                                       sync__18 |          1 |          1 |       0 |    0 |      2 |      0 |      0 |    0 |          0 |
|         gen_syncs[18].i_sync                                                         |                                       sync__19 |          1 |          1 |       0 |    0 |      2 |      0 |      0 |    0 |          0 |
|         gen_syncs[19].i_sync                                                         |                                       sync__20 |          1 |          1 |       0 |    0 |      2 |      0 |      0 |    0 |          0 |
|         gen_syncs[1].i_sync                                                          |                                        sync__2 |          1 |          1 |       0 |    0 |      2 |      0 |      0 |    0 |          0 |
|         gen_syncs[20].i_sync                                                         |                                       sync__21 |          1 |          1 |       0 |    0 |      2 |      0 |      0 |    0 |          0 |
|         gen_syncs[21].i_sync                                                         |                                       sync__22 |          1 |          1 |       0 |    0 |      2 |      0 |      0 |    0 |          0 |
|         gen_syncs[22].i_sync                                                         |                                       sync__23 |          1 |          1 |       0 |    0 |      2 |      0 |      0 |    0 |          0 |
|         gen_syncs[23].i_sync                                                         |                                       sync__24 |          1 |          1 |       0 |    0 |      2 |      0 |      0 |    0 |          0 |
|         gen_syncs[24].i_sync                                                         |                                       sync__25 |          1 |          1 |       0 |    0 |      2 |      0 |      0 |    0 |          0 |
|         gen_syncs[25].i_sync                                                         |                                       sync__26 |          1 |          1 |       0 |    0 |      2 |      0 |      0 |    0 |          0 |
|         gen_syncs[26].i_sync                                                         |                                       sync__27 |          1 |          1 |       0 |    0 |      2 |      0 |      0 |    0 |          0 |
|         gen_syncs[27].i_sync                                                         |                                       sync__28 |          1 |          1 |       0 |    0 |      2 |      0 |      0 |    0 |          0 |
|         gen_syncs[28].i_sync                                                         |                                       sync__29 |          1 |          1 |       0 |    0 |      2 |      0 |      0 |    0 |          0 |
|         gen_syncs[29].i_sync                                                         |                                       sync__30 |          1 |          1 |       0 |    0 |      2 |      0 |      0 |    0 |          0 |
|         gen_syncs[2].i_sync                                                          |                                        sync__3 |          1 |          1 |       0 |    0 |      2 |      0 |      0 |    0 |          0 |
|         gen_syncs[30].i_sync                                                         |                                       sync__31 |          1 |          1 |       0 |    0 |      2 |      0 |      0 |    0 |          0 |
|         gen_syncs[31].i_sync                                                         |                                       sync__32 |          1 |          1 |       0 |    0 |      2 |      0 |      0 |    0 |          0 |
|         gen_syncs[32].i_sync                                                         |                                       sync__33 |          1 |          1 |       0 |    0 |      2 |      0 |      0 |    0 |          0 |
|         gen_syncs[33].i_sync                                                         |                                       sync__34 |          1 |          1 |       0 |    0 |      2 |      0 |      0 |    0 |          0 |
|         gen_syncs[34].i_sync                                                         |                                       sync__35 |          1 |          1 |       0 |    0 |      2 |      0 |      0 |    0 |          0 |
|         gen_syncs[35].i_sync                                                         |                                       sync__36 |          1 |          1 |       0 |    0 |      2 |      0 |      0 |    0 |          0 |
|         gen_syncs[36].i_sync                                                         |                                       sync__37 |          1 |          1 |       0 |    0 |      2 |      0 |      0 |    0 |          0 |
|         gen_syncs[37].i_sync                                                         |                                       sync__38 |          1 |          1 |       0 |    0 |      2 |      0 |      0 |    0 |          0 |
|         gen_syncs[38].i_sync                                                         |                                       sync__39 |          1 |          1 |       0 |    0 |      2 |      0 |      0 |    0 |          0 |
|         gen_syncs[39].i_sync                                                         |                                       sync__40 |          1 |          1 |       0 |    0 |      2 |      0 |      0 |    0 |          0 |
|         gen_syncs[3].i_sync                                                          |                                        sync__4 |          1 |          1 |       0 |    0 |      2 |      0 |      0 |    0 |          0 |
|         gen_syncs[40].i_sync                                                         |                                       sync__41 |          1 |          1 |       0 |    0 |      2 |      0 |      0 |    0 |          0 |
|         gen_syncs[41].i_sync                                                         |                                       sync__42 |          1 |          1 |       0 |    0 |      2 |      0 |      0 |    0 |          0 |
|         gen_syncs[42].i_sync                                                         |                                       sync__43 |          1 |          1 |       0 |    0 |      2 |      0 |      0 |    0 |          0 |
|         gen_syncs[43].i_sync                                                         |                                       sync__44 |          1 |          1 |       0 |    0 |      2 |      0 |      0 |    0 |          0 |
|         gen_syncs[44].i_sync                                                         |                                       sync__45 |          1 |          1 |       0 |    0 |      2 |      0 |      0 |    0 |          0 |
|         gen_syncs[45].i_sync                                                         |                                       sync__46 |          1 |          1 |       0 |    0 |      2 |      0 |      0 |    0 |          0 |
|         gen_syncs[46].i_sync                                                         |                                       sync__47 |          1 |          1 |       0 |    0 |      2 |      0 |      0 |    0 |          0 |
|         gen_syncs[47].i_sync                                                         |                                       sync__48 |          1 |          1 |       0 |    0 |      2 |      0 |      0 |    0 |          0 |
|         gen_syncs[48].i_sync                                                         |                                       sync__49 |          1 |          1 |       0 |    0 |      2 |      0 |      0 |    0 |          0 |
|         gen_syncs[49].i_sync                                                         |                                       sync__50 |          1 |          1 |       0 |    0 |      2 |      0 |      0 |    0 |          0 |
|         gen_syncs[4].i_sync                                                          |                                        sync__5 |          1 |          1 |       0 |    0 |      2 |      0 |      0 |    0 |          0 |
|         gen_syncs[50].i_sync                                                         |                                       sync__51 |          1 |          1 |       0 |    0 |      2 |      0 |      0 |    0 |          0 |
|         gen_syncs[51].i_sync                                                         |                                       sync__52 |          1 |          1 |       0 |    0 |      2 |      0 |      0 |    0 |          0 |
|         gen_syncs[52].i_sync                                                         |                                       sync__53 |          1 |          1 |       0 |    0 |      2 |      0 |      0 |    0 |          0 |
|         gen_syncs[53].i_sync                                                         |                                       sync__54 |          1 |          1 |       0 |    0 |      2 |      0 |      0 |    0 |          0 |
|         gen_syncs[54].i_sync                                                         |                                       sync__55 |          1 |          1 |       0 |    0 |      2 |      0 |      0 |    0 |          0 |
|         gen_syncs[55].i_sync                                                         |                                       sync__56 |          1 |          1 |       0 |    0 |      2 |      0 |      0 |    0 |          0 |
|         gen_syncs[56].i_sync                                                         |                                       sync__57 |          1 |          1 |       0 |    0 |      2 |      0 |      0 |    0 |          0 |
|         gen_syncs[57].i_sync                                                         |                                       sync__58 |          1 |          1 |       0 |    0 |      2 |      0 |      0 |    0 |          0 |
|         gen_syncs[5].i_sync                                                          |                                        sync__6 |          1 |          1 |       0 |    0 |      2 |      0 |      0 |    0 |          0 |
|         gen_syncs[6].i_sync                                                          |                                        sync__7 |          1 |          1 |       0 |    0 |      2 |      0 |      0 |    0 |          0 |
|         gen_syncs[7].i_sync                                                          |                                        sync__8 |          1 |          1 |       0 |    0 |      2 |      0 |      0 |    0 |          0 |
|         gen_syncs[8].i_sync                                                          |                                        sync__9 |          1 |          1 |       0 |    0 |      2 |      0 |      0 |    0 |          0 |
|         gen_syncs[9].i_sync                                                          |                                       sync__10 |          1 |          1 |       0 |    0 |      2 |      0 |      0 |    0 |          0 |
|       u_reg                                                                          |                                rv_plic_reg_top |        566 |        566 |       0 |    0 |    355 |      0 |      0 |    0 |          0 |
|         u_ie0_0_e_0                                                                  |                    prim_subreg__parameterized4 |          0 |          0 |       0 |    0 |      1 |      0 |      0 |    0 |          0 |
|         u_ie0_0_e_1                                                                  |                 prim_subreg__parameterized4_22 |          2 |          2 |       0 |    0 |      1 |      0 |      0 |    0 |          0 |
|         u_ie0_0_e_10                                                                 |                 prim_subreg__parameterized4_23 |          0 |          0 |       0 |    0 |      1 |      0 |      0 |    0 |          0 |
|         u_ie0_0_e_11                                                                 |                 prim_subreg__parameterized4_24 |          2 |          2 |       0 |    0 |      1 |      0 |      0 |    0 |          0 |
|         u_ie0_0_e_12                                                                 |                 prim_subreg__parameterized4_25 |          0 |          0 |       0 |    0 |      1 |      0 |      0 |    0 |          0 |
|         u_ie0_0_e_13                                                                 |                 prim_subreg__parameterized4_26 |          2 |          2 |       0 |    0 |      1 |      0 |      0 |    0 |          0 |
|         u_ie0_0_e_14                                                                 |                 prim_subreg__parameterized4_27 |          0 |          0 |       0 |    0 |      1 |      0 |      0 |    0 |          0 |
|         u_ie0_0_e_15                                                                 |                 prim_subreg__parameterized4_28 |          4 |          4 |       0 |    0 |      1 |      0 |      0 |    0 |          0 |
|         u_ie0_0_e_16                                                                 |                 prim_subreg__parameterized4_29 |          0 |          0 |       0 |    0 |      1 |      0 |      0 |    0 |          0 |
|         u_ie0_0_e_17                                                                 |                 prim_subreg__parameterized4_30 |          2 |          2 |       0 |    0 |      1 |      0 |      0 |    0 |          0 |
|         u_ie0_0_e_18                                                                 |                 prim_subreg__parameterized4_31 |          0 |          0 |       0 |    0 |      1 |      0 |      0 |    0 |          0 |
|         u_ie0_0_e_19                                                                 |                 prim_subreg__parameterized4_32 |          2 |          2 |       0 |    0 |      1 |      0 |      0 |    0 |          0 |
|         u_ie0_0_e_2                                                                  |                 prim_subreg__parameterized4_33 |          0 |          0 |       0 |    0 |      1 |      0 |      0 |    0 |          0 |
|         u_ie0_0_e_20                                                                 |                 prim_subreg__parameterized4_34 |          0 |          0 |       0 |    0 |      1 |      0 |      0 |    0 |          0 |
|         u_ie0_0_e_21                                                                 |                 prim_subreg__parameterized4_35 |          2 |          2 |       0 |    0 |      1 |      0 |      0 |    0 |          0 |
|         u_ie0_0_e_22                                                                 |                 prim_subreg__parameterized4_36 |          0 |          0 |       0 |    0 |      1 |      0 |      0 |    0 |          0 |
|         u_ie0_0_e_23                                                                 |                 prim_subreg__parameterized4_37 |          3 |          3 |       0 |    0 |      1 |      0 |      0 |    0 |          0 |
|         u_ie0_0_e_24                                                                 |                 prim_subreg__parameterized4_38 |          0 |          0 |       0 |    0 |      1 |      0 |      0 |    0 |          0 |
|         u_ie0_0_e_25                                                                 |                 prim_subreg__parameterized4_39 |          2 |          2 |       0 |    0 |      1 |      0 |      0 |    0 |          0 |
|         u_ie0_0_e_26                                                                 |                 prim_subreg__parameterized4_40 |          0 |          0 |       0 |    0 |      1 |      0 |      0 |    0 |          0 |
|         u_ie0_0_e_27                                                                 |                 prim_subreg__parameterized4_41 |          2 |          2 |       0 |    0 |      1 |      0 |      0 |    0 |          0 |
|         u_ie0_0_e_28                                                                 |                 prim_subreg__parameterized4_42 |          0 |          0 |       0 |    0 |      1 |      0 |      0 |    0 |          0 |
|         u_ie0_0_e_29                                                                 |                 prim_subreg__parameterized4_43 |          2 |          2 |       0 |    0 |      1 |      0 |      0 |    0 |          0 |
|         u_ie0_0_e_3                                                                  |                 prim_subreg__parameterized4_44 |          2 |          2 |       0 |    0 |      1 |      0 |      0 |    0 |          0 |
|         u_ie0_0_e_30                                                                 |                 prim_subreg__parameterized4_45 |          0 |          0 |       0 |    0 |      1 |      0 |      0 |    0 |          0 |
|         u_ie0_0_e_31                                                                 |                 prim_subreg__parameterized4_46 |          5 |          5 |       0 |    0 |      1 |      0 |      0 |    0 |          0 |
|         u_ie0_0_e_4                                                                  |                 prim_subreg__parameterized4_47 |          0 |          0 |       0 |    0 |      1 |      0 |      0 |    0 |          0 |
|         u_ie0_0_e_5                                                                  |                 prim_subreg__parameterized4_48 |          0 |          0 |       0 |    0 |      1 |      0 |      0 |    0 |          0 |
|         u_ie0_0_e_6                                                                  |                 prim_subreg__parameterized4_49 |          0 |          0 |       0 |    0 |      1 |      0 |      0 |    0 |          0 |
|         u_ie0_0_e_7                                                                  |                 prim_subreg__parameterized4_50 |          3 |          3 |       0 |    0 |      1 |      0 |      0 |    0 |          0 |
|         u_ie0_0_e_8                                                                  |                 prim_subreg__parameterized4_51 |          0 |          0 |       0 |    0 |      1 |      0 |      0 |    0 |          0 |
|         u_ie0_0_e_9                                                                  |                 prim_subreg__parameterized4_52 |          2 |          2 |       0 |    0 |      1 |      0 |      0 |    0 |          0 |
|         u_ie0_1_e_32                                                                 |                 prim_subreg__parameterized4_53 |          1 |          1 |       0 |    0 |      1 |      0 |      0 |    0 |          0 |
|         u_ie0_1_e_33                                                                 |                 prim_subreg__parameterized4_54 |          3 |          3 |       0 |    0 |      1 |      0 |      0 |    0 |          0 |
|         u_ie0_1_e_34                                                                 |                 prim_subreg__parameterized4_55 |          1 |          1 |       0 |    0 |      1 |      0 |      0 |    0 |          0 |
|         u_ie0_1_e_35                                                                 |                 prim_subreg__parameterized4_56 |          5 |          5 |       0 |    0 |      1 |      0 |      0 |    0 |          0 |
|         u_ie0_1_e_36                                                                 |                 prim_subreg__parameterized4_57 |          3 |          3 |       0 |    0 |      1 |      0 |      0 |    0 |          0 |
|         u_ie0_1_e_37                                                                 |                 prim_subreg__parameterized4_58 |          5 |          5 |       0 |    0 |      1 |      0 |      0 |    0 |          0 |
|         u_ie0_1_e_38                                                                 |                 prim_subreg__parameterized4_59 |          0 |          0 |       0 |    0 |      1 |      0 |      0 |    0 |          0 |
|         u_ie0_1_e_39                                                                 |                 prim_subreg__parameterized4_60 |          3 |          3 |       0 |    0 |      1 |      0 |      0 |    0 |          0 |
|         u_ie0_1_e_40                                                                 |                 prim_subreg__parameterized4_61 |          0 |          0 |       0 |    0 |      1 |      0 |      0 |    0 |          0 |
|         u_ie0_1_e_41                                                                 |                 prim_subreg__parameterized4_62 |          2 |          2 |       0 |    0 |      1 |      0 |      0 |    0 |          0 |
|         u_ie0_1_e_42                                                                 |                 prim_subreg__parameterized4_63 |          0 |          0 |       0 |    0 |      1 |      0 |      0 |    0 |          0 |
|         u_ie0_1_e_43                                                                 |                 prim_subreg__parameterized4_64 |          2 |          2 |       0 |    0 |      1 |      0 |      0 |    0 |          0 |
|         u_ie0_1_e_44                                                                 |                 prim_subreg__parameterized4_65 |          0 |          0 |       0 |    0 |      1 |      0 |      0 |    0 |          0 |
|         u_ie0_1_e_45                                                                 |                 prim_subreg__parameterized4_66 |          2 |          2 |       0 |    0 |      1 |      0 |      0 |    0 |          0 |
|         u_ie0_1_e_46                                                                 |                 prim_subreg__parameterized4_67 |          0 |          0 |       0 |    0 |      1 |      0 |      0 |    0 |          0 |
|         u_ie0_1_e_47                                                                 |                 prim_subreg__parameterized4_68 |          4 |          4 |       0 |    0 |      1 |      0 |      0 |    0 |          0 |
|         u_ie0_1_e_48                                                                 |                 prim_subreg__parameterized4_69 |          0 |          0 |       0 |    0 |      1 |      0 |      0 |    0 |          0 |
|         u_ie0_1_e_49                                                                 |                 prim_subreg__parameterized4_70 |          2 |          2 |       0 |    0 |      1 |      0 |      0 |    0 |          0 |
|         u_ie0_1_e_50                                                                 |                 prim_subreg__parameterized4_71 |          0 |          0 |       0 |    0 |      1 |      0 |      0 |    0 |          0 |
|         u_ie0_1_e_51                                                                 |                 prim_subreg__parameterized4_72 |          2 |          2 |       0 |    0 |      1 |      0 |      0 |    0 |          0 |
|         u_ie0_1_e_52                                                                 |                 prim_subreg__parameterized4_73 |          0 |          0 |       0 |    0 |      1 |      0 |      0 |    0 |          0 |
|         u_ie0_1_e_53                                                                 |                 prim_subreg__parameterized4_74 |          2 |          2 |       0 |    0 |      1 |      0 |      0 |    0 |          0 |
|         u_ie0_1_e_54                                                                 |                 prim_subreg__parameterized4_75 |          0 |          0 |       0 |    0 |      1 |      0 |      0 |    0 |          0 |
|         u_ie0_1_e_55                                                                 |                 prim_subreg__parameterized4_76 |          3 |          3 |       0 |    0 |      1 |      0 |      0 |    0 |          0 |
|         u_ie0_1_e_56                                                                 |                 prim_subreg__parameterized4_77 |          0 |          0 |       0 |    0 |      1 |      0 |      0 |    0 |          0 |
|         u_ie0_1_e_57                                                                 |                 prim_subreg__parameterized4_78 |          4 |          4 |       0 |    0 |      1 |      0 |      0 |    0 |          0 |
|         u_ie1_0_e_0                                                                  |                 prim_subreg__parameterized4_79 |          0 |          0 |       0 |    0 |      1 |      0 |      0 |    0 |          0 |
|         u_ie1_0_e_1                                                                  |                 prim_subreg__parameterized4_80 |          2 |          2 |       0 |    0 |      1 |      0 |      0 |    0 |          0 |
|         u_ie1_0_e_10                                                                 |                 prim_subreg__parameterized4_81 |          0 |          0 |       0 |    0 |      1 |      0 |      0 |    0 |          0 |
|         u_ie1_0_e_11                                                                 |                 prim_subreg__parameterized4_82 |          2 |          2 |       0 |    0 |      1 |      0 |      0 |    0 |          0 |
|         u_ie1_0_e_12                                                                 |                 prim_subreg__parameterized4_83 |          0 |          0 |       0 |    0 |      1 |      0 |      0 |    0 |          0 |
|         u_ie1_0_e_13                                                                 |                 prim_subreg__parameterized4_84 |          2 |          2 |       0 |    0 |      1 |      0 |      0 |    0 |          0 |
|         u_ie1_0_e_14                                                                 |                 prim_subreg__parameterized4_85 |          0 |          0 |       0 |    0 |      1 |      0 |      0 |    0 |          0 |
|         u_ie1_0_e_15                                                                 |                 prim_subreg__parameterized4_86 |          4 |          4 |       0 |    0 |      1 |      0 |      0 |    0 |          0 |
|         u_ie1_0_e_16                                                                 |                 prim_subreg__parameterized4_87 |          0 |          0 |       0 |    0 |      1 |      0 |      0 |    0 |          0 |
|         u_ie1_0_e_17                                                                 |                 prim_subreg__parameterized4_88 |          2 |          2 |       0 |    0 |      1 |      0 |      0 |    0 |          0 |
|         u_ie1_0_e_18                                                                 |                 prim_subreg__parameterized4_89 |          0 |          0 |       0 |    0 |      1 |      0 |      0 |    0 |          0 |
|         u_ie1_0_e_19                                                                 |                 prim_subreg__parameterized4_90 |          2 |          2 |       0 |    0 |      1 |      0 |      0 |    0 |          0 |
|         u_ie1_0_e_2                                                                  |                 prim_subreg__parameterized4_91 |          0 |          0 |       0 |    0 |      1 |      0 |      0 |    0 |          0 |
|         u_ie1_0_e_20                                                                 |                 prim_subreg__parameterized4_92 |          0 |          0 |       0 |    0 |      1 |      0 |      0 |    0 |          0 |
|         u_ie1_0_e_21                                                                 |                 prim_subreg__parameterized4_93 |          2 |          2 |       0 |    0 |      1 |      0 |      0 |    0 |          0 |
|         u_ie1_0_e_22                                                                 |                 prim_subreg__parameterized4_94 |          0 |          0 |       0 |    0 |      1 |      0 |      0 |    0 |          0 |
|         u_ie1_0_e_23                                                                 |                 prim_subreg__parameterized4_95 |          3 |          3 |       0 |    0 |      1 |      0 |      0 |    0 |          0 |
|         u_ie1_0_e_24                                                                 |                 prim_subreg__parameterized4_96 |          0 |          0 |       0 |    0 |      1 |      0 |      0 |    0 |          0 |
|         u_ie1_0_e_25                                                                 |                 prim_subreg__parameterized4_97 |          2 |          2 |       0 |    0 |      1 |      0 |      0 |    0 |          0 |
|         u_ie1_0_e_26                                                                 |                 prim_subreg__parameterized4_98 |          0 |          0 |       0 |    0 |      1 |      0 |      0 |    0 |          0 |
|         u_ie1_0_e_27                                                                 |                 prim_subreg__parameterized4_99 |          2 |          2 |       0 |    0 |      1 |      0 |      0 |    0 |          0 |
|         u_ie1_0_e_28                                                                 |                prim_subreg__parameterized4_100 |          0 |          0 |       0 |    0 |      1 |      0 |      0 |    0 |          0 |
|         u_ie1_0_e_29                                                                 |                prim_subreg__parameterized4_101 |          2 |          2 |       0 |    0 |      1 |      0 |      0 |    0 |          0 |
|         u_ie1_0_e_3                                                                  |                prim_subreg__parameterized4_102 |          2 |          2 |       0 |    0 |      1 |      0 |      0 |    0 |          0 |
|         u_ie1_0_e_30                                                                 |                prim_subreg__parameterized4_103 |          0 |          0 |       0 |    0 |      1 |      0 |      0 |    0 |          0 |
|         u_ie1_0_e_31                                                                 |                prim_subreg__parameterized4_104 |          5 |          5 |       0 |    0 |      1 |      0 |      0 |    0 |          0 |
|         u_ie1_0_e_4                                                                  |                prim_subreg__parameterized4_105 |          0 |          0 |       0 |    0 |      1 |      0 |      0 |    0 |          0 |
|         u_ie1_0_e_5                                                                  |                prim_subreg__parameterized4_106 |          0 |          0 |       0 |    0 |      1 |      0 |      0 |    0 |          0 |
|         u_ie1_0_e_6                                                                  |                prim_subreg__parameterized4_107 |          0 |          0 |       0 |    0 |      1 |      0 |      0 |    0 |          0 |
|         u_ie1_0_e_7                                                                  |                prim_subreg__parameterized4_108 |          3 |          3 |       0 |    0 |      1 |      0 |      0 |    0 |          0 |
|         u_ie1_0_e_8                                                                  |                prim_subreg__parameterized4_109 |          0 |          0 |       0 |    0 |      1 |      0 |      0 |    0 |          0 |
|         u_ie1_0_e_9                                                                  |                prim_subreg__parameterized4_110 |          2 |          2 |       0 |    0 |      1 |      0 |      0 |    0 |          0 |
|         u_ie1_1_e_32                                                                 |                prim_subreg__parameterized4_111 |          0 |          0 |       0 |    0 |      1 |      0 |      0 |    0 |          0 |
|         u_ie1_1_e_33                                                                 |                prim_subreg__parameterized4_112 |          2 |          2 |       0 |    0 |      1 |      0 |      0 |    0 |          0 |
|         u_ie1_1_e_34                                                                 |                prim_subreg__parameterized4_113 |          0 |          0 |       0 |    0 |      1 |      0 |      0 |    0 |          0 |
|         u_ie1_1_e_35                                                                 |                prim_subreg__parameterized4_114 |          2 |          2 |       0 |    0 |      1 |      0 |      0 |    0 |          0 |
|         u_ie1_1_e_36                                                                 |                prim_subreg__parameterized4_115 |          0 |          0 |       0 |    0 |      1 |      0 |      0 |    0 |          0 |
|         u_ie1_1_e_37                                                                 |                prim_subreg__parameterized4_116 |          2 |          2 |       0 |    0 |      1 |      0 |      0 |    0 |          0 |
|         u_ie1_1_e_38                                                                 |                prim_subreg__parameterized4_117 |          0 |          0 |       0 |    0 |      1 |      0 |      0 |    0 |          0 |
|         u_ie1_1_e_39                                                                 |                prim_subreg__parameterized4_118 |          3 |          3 |       0 |    0 |      1 |      0 |      0 |    0 |          0 |
|         u_ie1_1_e_40                                                                 |                prim_subreg__parameterized4_119 |          0 |          0 |       0 |    0 |      1 |      0 |      0 |    0 |          0 |
|         u_ie1_1_e_41                                                                 |                prim_subreg__parameterized4_120 |          2 |          2 |       0 |    0 |      1 |      0 |      0 |    0 |          0 |
|         u_ie1_1_e_42                                                                 |                prim_subreg__parameterized4_121 |          0 |          0 |       0 |    0 |      1 |      0 |      0 |    0 |          0 |
|         u_ie1_1_e_43                                                                 |                prim_subreg__parameterized4_122 |          2 |          2 |       0 |    0 |      1 |      0 |      0 |    0 |          0 |
|         u_ie1_1_e_44                                                                 |                prim_subreg__parameterized4_123 |          0 |          0 |       0 |    0 |      1 |      0 |      0 |    0 |          0 |
|         u_ie1_1_e_45                                                                 |                prim_subreg__parameterized4_124 |          2 |          2 |       0 |    0 |      1 |      0 |      0 |    0 |          0 |
|         u_ie1_1_e_46                                                                 |                prim_subreg__parameterized4_125 |          0 |          0 |       0 |    0 |      1 |      0 |      0 |    0 |          0 |
|         u_ie1_1_e_47                                                                 |                prim_subreg__parameterized4_126 |          4 |          4 |       0 |    0 |      1 |      0 |      0 |    0 |          0 |
|         u_ie1_1_e_48                                                                 |                prim_subreg__parameterized4_127 |          0 |          0 |       0 |    0 |      1 |      0 |      0 |    0 |          0 |
|         u_ie1_1_e_49                                                                 |                prim_subreg__parameterized4_128 |          2 |          2 |       0 |    0 |      1 |      0 |      0 |    0 |          0 |
|         u_ie1_1_e_50                                                                 |                prim_subreg__parameterized4_129 |          0 |          0 |       0 |    0 |      1 |      0 |      0 |    0 |          0 |
|         u_ie1_1_e_51                                                                 |                prim_subreg__parameterized4_130 |          2 |          2 |       0 |    0 |      1 |      0 |      0 |    0 |          0 |
|         u_ie1_1_e_52                                                                 |                prim_subreg__parameterized4_131 |          0 |          0 |       0 |    0 |      1 |      0 |      0 |    0 |          0 |
|         u_ie1_1_e_53                                                                 |                prim_subreg__parameterized4_132 |          2 |          2 |       0 |    0 |      1 |      0 |      0 |    0 |          0 |
|         u_ie1_1_e_54                                                                 |                prim_subreg__parameterized4_133 |          0 |          0 |       0 |    0 |      1 |      0 |      0 |    0 |          0 |
|         u_ie1_1_e_55                                                                 |                prim_subreg__parameterized4_134 |          3 |          3 |       0 |    0 |      1 |      0 |      0 |    0 |          0 |
|         u_ie1_1_e_56                                                                 |                prim_subreg__parameterized4_135 |          0 |          0 |       0 |    0 |      1 |      0 |      0 |    0 |          0 |
|         u_ie1_1_e_57                                                                 |                prim_subreg__parameterized4_136 |          4 |          4 |       0 |    0 |      1 |      0 |      0 |    0 |          0 |
|         u_ip_0_p_0                                                                   |                    prim_subreg__parameterized2 |          0 |          0 |       0 |    0 |      1 |      0 |      0 |    0 |          0 |
|         u_ip_0_p_1                                                                   |                prim_subreg__parameterized2_137 |          0 |          0 |       0 |    0 |      1 |      0 |      0 |    0 |          0 |
|         u_ip_0_p_10                                                                  |                prim_subreg__parameterized2_138 |          0 |          0 |       0 |    0 |      1 |      0 |      0 |    0 |          0 |
|         u_ip_0_p_11                                                                  |                prim_subreg__parameterized2_139 |          0 |          0 |       0 |    0 |      1 |      0 |      0 |    0 |          0 |
|         u_ip_0_p_12                                                                  |                prim_subreg__parameterized2_140 |          0 |          0 |       0 |    0 |      1 |      0 |      0 |    0 |          0 |
|         u_ip_0_p_13                                                                  |                prim_subreg__parameterized2_141 |          0 |          0 |       0 |    0 |      1 |      0 |      0 |    0 |          0 |
|         u_ip_0_p_14                                                                  |                prim_subreg__parameterized2_142 |          0 |          0 |       0 |    0 |      1 |      0 |      0 |    0 |          0 |
|         u_ip_0_p_15                                                                  |                prim_subreg__parameterized2_143 |          0 |          0 |       0 |    0 |      1 |      0 |      0 |    0 |          0 |
|         u_ip_0_p_16                                                                  |                prim_subreg__parameterized2_144 |          0 |          0 |       0 |    0 |      1 |      0 |      0 |    0 |          0 |
|         u_ip_0_p_17                                                                  |                prim_subreg__parameterized2_145 |          0 |          0 |       0 |    0 |      1 |      0 |      0 |    0 |          0 |
|         u_ip_0_p_18                                                                  |                prim_subreg__parameterized2_146 |          0 |          0 |       0 |    0 |      1 |      0 |      0 |    0 |          0 |
|         u_ip_0_p_19                                                                  |                prim_subreg__parameterized2_147 |          0 |          0 |       0 |    0 |      1 |      0 |      0 |    0 |          0 |
|         u_ip_0_p_2                                                                   |                prim_subreg__parameterized2_148 |          0 |          0 |       0 |    0 |      1 |      0 |      0 |    0 |          0 |
|         u_ip_0_p_20                                                                  |                prim_subreg__parameterized2_149 |          0 |          0 |       0 |    0 |      1 |      0 |      0 |    0 |          0 |
|         u_ip_0_p_21                                                                  |                prim_subreg__parameterized2_150 |          0 |          0 |       0 |    0 |      1 |      0 |      0 |    0 |          0 |
|         u_ip_0_p_22                                                                  |                prim_subreg__parameterized2_151 |          0 |          0 |       0 |    0 |      1 |      0 |      0 |    0 |          0 |
|         u_ip_0_p_23                                                                  |                prim_subreg__parameterized2_152 |          0 |          0 |       0 |    0 |      1 |      0 |      0 |    0 |          0 |
|         u_ip_0_p_24                                                                  |                prim_subreg__parameterized2_153 |          0 |          0 |       0 |    0 |      1 |      0 |      0 |    0 |          0 |
|         u_ip_0_p_25                                                                  |                prim_subreg__parameterized2_154 |          0 |          0 |       0 |    0 |      1 |      0 |      0 |    0 |          0 |
|         u_ip_0_p_26                                                                  |                prim_subreg__parameterized2_155 |          0 |          0 |       0 |    0 |      1 |      0 |      0 |    0 |          0 |
|         u_ip_0_p_27                                                                  |                prim_subreg__parameterized2_156 |          0 |          0 |       0 |    0 |      1 |      0 |      0 |    0 |          0 |
|         u_ip_0_p_28                                                                  |                prim_subreg__parameterized2_157 |          0 |          0 |       0 |    0 |      1 |      0 |      0 |    0 |          0 |
|         u_ip_0_p_29                                                                  |                prim_subreg__parameterized2_158 |          0 |          0 |       0 |    0 |      1 |      0 |      0 |    0 |          0 |
|         u_ip_0_p_3                                                                   |                prim_subreg__parameterized2_159 |          0 |          0 |       0 |    0 |      1 |      0 |      0 |    0 |          0 |
|         u_ip_0_p_30                                                                  |                prim_subreg__parameterized2_160 |          0 |          0 |       0 |    0 |      1 |      0 |      0 |    0 |          0 |
|         u_ip_0_p_31                                                                  |                prim_subreg__parameterized2_161 |          0 |          0 |       0 |    0 |      1 |      0 |      0 |    0 |          0 |
|         u_ip_0_p_4                                                                   |                prim_subreg__parameterized2_162 |          0 |          0 |       0 |    0 |      1 |      0 |      0 |    0 |          0 |
|         u_ip_0_p_5                                                                   |                prim_subreg__parameterized2_163 |          0 |          0 |       0 |    0 |      1 |      0 |      0 |    0 |          0 |
|         u_ip_0_p_6                                                                   |                prim_subreg__parameterized2_164 |          0 |          0 |       0 |    0 |      1 |      0 |      0 |    0 |          0 |
|         u_ip_0_p_7                                                                   |                prim_subreg__parameterized2_165 |          0 |          0 |       0 |    0 |      1 |      0 |      0 |    0 |          0 |
|         u_ip_0_p_8                                                                   |                prim_subreg__parameterized2_166 |          0 |          0 |       0 |    0 |      1 |      0 |      0 |    0 |          0 |
|         u_ip_0_p_9                                                                   |                prim_subreg__parameterized2_167 |          0 |          0 |       0 |    0 |      1 |      0 |      0 |    0 |          0 |
|         u_ip_1_p_32                                                                  |                prim_subreg__parameterized2_168 |          0 |          0 |       0 |    0 |      1 |      0 |      0 |    0 |          0 |
|         u_ip_1_p_33                                                                  |                prim_subreg__parameterized2_169 |          0 |          0 |       0 |    0 |      1 |      0 |      0 |    0 |          0 |
|         u_ip_1_p_34                                                                  |                prim_subreg__parameterized2_170 |          0 |          0 |       0 |    0 |      1 |      0 |      0 |    0 |          0 |
|         u_ip_1_p_35                                                                  |                prim_subreg__parameterized2_171 |          0 |          0 |       0 |    0 |      1 |      0 |      0 |    0 |          0 |
|         u_ip_1_p_36                                                                  |                prim_subreg__parameterized2_172 |          0 |          0 |       0 |    0 |      1 |      0 |      0 |    0 |          0 |
|         u_ip_1_p_37                                                                  |                prim_subreg__parameterized2_173 |          0 |          0 |       0 |    0 |      1 |      0 |      0 |    0 |          0 |
|         u_ip_1_p_38                                                                  |                prim_subreg__parameterized2_174 |          0 |          0 |       0 |    0 |      1 |      0 |      0 |    0 |          0 |
|         u_ip_1_p_39                                                                  |                prim_subreg__parameterized2_175 |          0 |          0 |       0 |    0 |      1 |      0 |      0 |    0 |          0 |
|         u_ip_1_p_40                                                                  |                prim_subreg__parameterized2_176 |          0 |          0 |       0 |    0 |      1 |      0 |      0 |    0 |          0 |
|         u_ip_1_p_41                                                                  |                prim_subreg__parameterized2_177 |          0 |          0 |       0 |    0 |      1 |      0 |      0 |    0 |          0 |
|         u_ip_1_p_42                                                                  |                prim_subreg__parameterized2_178 |          0 |          0 |       0 |    0 |      1 |      0 |      0 |    0 |          0 |
|         u_ip_1_p_43                                                                  |                prim_subreg__parameterized2_179 |          0 |          0 |       0 |    0 |      1 |      0 |      0 |    0 |          0 |
|         u_ip_1_p_44                                                                  |                prim_subreg__parameterized2_180 |          0 |          0 |       0 |    0 |      1 |      0 |      0 |    0 |          0 |
|         u_ip_1_p_45                                                                  |                prim_subreg__parameterized2_181 |          0 |          0 |       0 |    0 |      1 |      0 |      0 |    0 |          0 |
|         u_ip_1_p_46                                                                  |                prim_subreg__parameterized2_182 |          0 |          0 |       0 |    0 |      1 |      0 |      0 |    0 |          0 |
|         u_ip_1_p_47                                                                  |                prim_subreg__parameterized2_183 |          0 |          0 |       0 |    0 |      1 |      0 |      0 |    0 |          0 |
|         u_ip_1_p_48                                                                  |                prim_subreg__parameterized2_184 |          0 |          0 |       0 |    0 |      1 |      0 |      0 |    0 |          0 |
|         u_ip_1_p_49                                                                  |                prim_subreg__parameterized2_185 |          0 |          0 |       0 |    0 |      1 |      0 |      0 |    0 |          0 |
|         u_ip_1_p_50                                                                  |                prim_subreg__parameterized2_186 |          0 |          0 |       0 |    0 |      1 |      0 |      0 |    0 |          0 |
|         u_ip_1_p_51                                                                  |                prim_subreg__parameterized2_187 |          0 |          0 |       0 |    0 |      1 |      0 |      0 |    0 |          0 |
|         u_ip_1_p_52                                                                  |                prim_subreg__parameterized2_188 |          0 |          0 |       0 |    0 |      1 |      0 |      0 |    0 |          0 |
|         u_ip_1_p_53                                                                  |                prim_subreg__parameterized2_189 |          0 |          0 |       0 |    0 |      1 |      0 |      0 |    0 |          0 |
|         u_ip_1_p_54                                                                  |                prim_subreg__parameterized2_190 |          0 |          0 |       0 |    0 |      1 |      0 |      0 |    0 |          0 |
|         u_ip_1_p_55                                                                  |                prim_subreg__parameterized2_191 |          0 |          0 |       0 |    0 |      1 |      0 |      0 |    0 |          0 |
|         u_ip_1_p_56                                                                  |                prim_subreg__parameterized2_192 |          0 |          0 |       0 |    0 |      1 |      0 |      0 |    0 |          0 |
|         u_ip_1_p_57                                                                  |                prim_subreg__parameterized2_193 |          0 |          0 |       0 |    0 |      1 |      0 |      0 |    0 |          0 |
|         u_msip0                                                                      |                prim_subreg__parameterized4_194 |          0 |          0 |       0 |    0 |      1 |      0 |      0 |    0 |          0 |
|         u_prio0                                                                      |                    prim_subreg__parameterized5 |          0 |          0 |       0 |    0 |      3 |      0 |      0 |    0 |          0 |
|         u_prio1                                                                      |                prim_subreg__parameterized5_195 |          4 |          4 |       0 |    0 |      3 |      0 |      0 |    0 |          0 |
|         u_prio10                                                                     |                prim_subreg__parameterized5_196 |          0 |          0 |       0 |    0 |      3 |      0 |      0 |    0 |          0 |
|         u_prio11                                                                     |                prim_subreg__parameterized5_197 |         16 |         16 |       0 |    0 |      3 |      0 |      0 |    0 |          0 |
|         u_prio12                                                                     |                prim_subreg__parameterized5_198 |          0 |          0 |       0 |    0 |      3 |      0 |      0 |    0 |          0 |
|         u_prio13                                                                     |                prim_subreg__parameterized5_199 |          4 |          4 |       0 |    0 |      3 |      0 |      0 |    0 |          0 |
|         u_prio14                                                                     |                prim_subreg__parameterized5_200 |          0 |          0 |       0 |    0 |      3 |      0 |      0 |    0 |          0 |
|         u_prio15                                                                     |                prim_subreg__parameterized5_201 |         38 |         38 |       0 |    0 |      3 |      0 |      0 |    0 |          0 |
|         u_prio16                                                                     |                prim_subreg__parameterized5_202 |          3 |          3 |       0 |    0 |      3 |      0 |      0 |    0 |          0 |
|         u_prio17                                                                     |                prim_subreg__parameterized5_203 |          4 |          4 |       0 |    0 |      3 |      0 |      0 |    0 |          0 |
|         u_prio18                                                                     |                prim_subreg__parameterized5_204 |          0 |          0 |       0 |    0 |      3 |      0 |      0 |    0 |          0 |
|         u_prio19                                                                     |                prim_subreg__parameterized5_205 |         16 |         16 |       0 |    0 |      3 |      0 |      0 |    0 |          0 |
|         u_prio2                                                                      |                prim_subreg__parameterized5_206 |          0 |          0 |       0 |    0 |      3 |      0 |      0 |    0 |          0 |
|         u_prio20                                                                     |                prim_subreg__parameterized5_207 |          0 |          0 |       0 |    0 |      3 |      0 |      0 |    0 |          0 |
|         u_prio21                                                                     |                prim_subreg__parameterized5_208 |          4 |          4 |       0 |    0 |      3 |      0 |      0 |    0 |          0 |
|         u_prio22                                                                     |                prim_subreg__parameterized5_209 |          0 |          0 |       0 |    0 |      3 |      0 |      0 |    0 |          0 |
|         u_prio23                                                                     |                prim_subreg__parameterized5_210 |         28 |         28 |       0 |    0 |      3 |      0 |      0 |    0 |          0 |
|         u_prio24                                                                     |                prim_subreg__parameterized5_211 |          0 |          0 |       0 |    0 |      3 |      0 |      0 |    0 |          0 |
|         u_prio25                                                                     |                prim_subreg__parameterized5_212 |          7 |          7 |       0 |    0 |      3 |      0 |      0 |    0 |          0 |
|         u_prio26                                                                     |                prim_subreg__parameterized5_213 |          0 |          0 |       0 |    0 |      3 |      0 |      0 |    0 |          0 |
|         u_prio27                                                                     |                prim_subreg__parameterized5_214 |         16 |         16 |       0 |    0 |      3 |      0 |      0 |    0 |          0 |
|         u_prio28                                                                     |                prim_subreg__parameterized5_215 |          0 |          0 |       0 |    0 |      3 |      0 |      0 |    0 |          0 |
|         u_prio29                                                                     |                prim_subreg__parameterized5_216 |          4 |          4 |       0 |    0 |      3 |      0 |      0 |    0 |          0 |
|         u_prio3                                                                      |                prim_subreg__parameterized5_217 |         14 |         14 |       0 |    0 |      3 |      0 |      0 |    0 |          0 |
|         u_prio30                                                                     |                prim_subreg__parameterized5_218 |          0 |          0 |       0 |    0 |      3 |      0 |      0 |    0 |          0 |
|         u_prio31                                                                     |                prim_subreg__parameterized5_219 |         46 |         46 |       0 |    0 |      3 |      0 |      0 |    0 |          0 |
|         u_prio32                                                                     |                prim_subreg__parameterized5_220 |          0 |          0 |       0 |    0 |      3 |      0 |      0 |    0 |          0 |
|         u_prio33                                                                     |                prim_subreg__parameterized5_221 |          4 |          4 |       0 |    0 |      3 |      0 |      0 |    0 |          0 |
|         u_prio34                                                                     |                prim_subreg__parameterized5_222 |          3 |          3 |       0 |    0 |      3 |      0 |      0 |    0 |          0 |
|         u_prio35                                                                     |                prim_subreg__parameterized5_223 |         16 |         16 |       0 |    0 |      3 |      0 |      0 |    0 |          0 |
|         u_prio36                                                                     |                prim_subreg__parameterized5_224 |          0 |          0 |       0 |    0 |      3 |      0 |      0 |    0 |          0 |
|         u_prio37                                                                     |                prim_subreg__parameterized5_225 |          4 |          4 |       0 |    0 |      3 |      0 |      0 |    0 |          0 |
|         u_prio38                                                                     |                prim_subreg__parameterized5_226 |          0 |          0 |       0 |    0 |      3 |      0 |      0 |    0 |          0 |
|         u_prio39                                                                     |                prim_subreg__parameterized5_227 |         28 |         28 |       0 |    0 |      3 |      0 |      0 |    0 |          0 |
|         u_prio4                                                                      |                prim_subreg__parameterized5_228 |          0 |          0 |       0 |    0 |      3 |      0 |      0 |    0 |          0 |
|         u_prio40                                                                     |                prim_subreg__parameterized5_229 |          0 |          0 |       0 |    0 |      3 |      0 |      0 |    0 |          0 |
|         u_prio41                                                                     |                prim_subreg__parameterized5_230 |          4 |          4 |       0 |    0 |      3 |      0 |      0 |    0 |          0 |
|         u_prio42                                                                     |                prim_subreg__parameterized5_231 |          0 |          0 |       0 |    0 |      3 |      0 |      0 |    0 |          0 |
|         u_prio43                                                                     |                prim_subreg__parameterized5_232 |         21 |         21 |       0 |    0 |      3 |      0 |      0 |    0 |          0 |
|         u_prio44                                                                     |                prim_subreg__parameterized5_233 |          0 |          0 |       0 |    0 |      3 |      0 |      0 |    0 |          0 |
|         u_prio45                                                                     |                prim_subreg__parameterized5_234 |          4 |          4 |       0 |    0 |      3 |      0 |      0 |    0 |          0 |
|         u_prio46                                                                     |                prim_subreg__parameterized5_235 |          0 |          0 |       0 |    0 |      3 |      0 |      0 |    0 |          0 |
|         u_prio47                                                                     |                prim_subreg__parameterized5_236 |         68 |         68 |       0 |    0 |      3 |      0 |      0 |    0 |          0 |
|         u_prio48                                                                     |                prim_subreg__parameterized5_237 |          0 |          0 |       0 |    0 |      3 |      0 |      0 |    0 |          0 |
|         u_prio49                                                                     |                prim_subreg__parameterized5_238 |          4 |          4 |       0 |    0 |      3 |      0 |      0 |    0 |          0 |
|         u_prio5                                                                      |                prim_subreg__parameterized5_239 |          7 |          7 |       0 |    0 |      3 |      0 |      0 |    0 |          0 |
|         u_prio50                                                                     |                prim_subreg__parameterized5_240 |          0 |          0 |       0 |    0 |      3 |      0 |      0 |    0 |          0 |
|         u_prio51                                                                     |                prim_subreg__parameterized5_241 |         18 |         18 |       0 |    0 |      3 |      0 |      0 |    0 |          0 |
|         u_prio52                                                                     |                prim_subreg__parameterized5_242 |          3 |          3 |       0 |    0 |      3 |      0 |      0 |    0 |          0 |
|         u_prio53                                                                     |                prim_subreg__parameterized5_243 |          4 |          4 |       0 |    0 |      3 |      0 |      0 |    0 |          0 |
|         u_prio54                                                                     |                prim_subreg__parameterized5_244 |          0 |          0 |       0 |    0 |      3 |      0 |      0 |    0 |          0 |
|         u_prio55                                                                     |                prim_subreg__parameterized5_245 |         27 |         27 |       0 |    0 |      3 |      0 |      0 |    0 |          0 |
|         u_prio56                                                                     |                prim_subreg__parameterized5_246 |          0 |          0 |       0 |    0 |      3 |      0 |      0 |    0 |          0 |
|         u_prio57                                                                     |                prim_subreg__parameterized5_247 |         16 |         16 |       0 |    0 |      3 |      0 |      0 |    0 |          0 |
|         u_prio6                                                                      |                prim_subreg__parameterized5_248 |          0 |          0 |       0 |    0 |      3 |      0 |      0 |    0 |          0 |
|         u_prio7                                                                      |                prim_subreg__parameterized5_249 |         33 |         33 |       0 |    0 |      3 |      0 |      0 |    0 |          0 |
|         u_prio8                                                                      |                prim_subreg__parameterized5_250 |          0 |          0 |       0 |    0 |      3 |      0 |      0 |    0 |          0 |
|         u_prio9                                                                      |                prim_subreg__parameterized5_251 |          4 |          4 |       0 |    0 |      3 |      0 |      0 |    0 |          0 |
|         u_threshold0                                                                 |                prim_subreg__parameterized5_252 |          0 |          0 |       0 |    0 |      3 |      0 |      0 |    0 |          0 |
|         u_threshold1                                                                 |                prim_subreg__parameterized5_253 |          0 |          0 |       0 |    0 |      3 |      0 |      0 |    0 |          0 |
|     i_reg_atomics_cut                                                                |                                      axi_cut_3 |        410 |        410 |       0 |    0 |    824 |      0 |      0 |    0 |          0 |
|       i_reg_ar                                                                       |                 spill_register__parameterized6 |        133 |        133 |       0 |    0 |    128 |      0 |      0 |    0 |          0 |
|         spill_register_flushable_i                                                   |       spill_register_flushable__parameterized6 |        133 |        133 |       0 |    0 |    128 |      0 |      0 |    0 |          0 |
|       i_reg_aw                                                                       |                 spill_register__parameterized4 |        131 |        131 |       0 |    0 |    128 |      0 |      0 |    0 |          0 |
|         spill_register_flushable_i                                                   |       spill_register_flushable__parameterized4 |        131 |        131 |       0 |    0 |    128 |      0 |      0 |    0 |          0 |
|       i_reg_b                                                                        |                 spill_register__parameterized5 |          3 |          3 |       0 |    0 |     10 |      0 |      0 |    0 |          0 |
|         spill_register_flushable_i                                                   |       spill_register_flushable__parameterized5 |          3 |          3 |       0 |    0 |     10 |      0 |      0 |    0 |          0 |
|       i_reg_r                                                                        |                 spill_register__parameterized7 |         68 |         68 |       0 |    0 |    268 |      0 |      0 |    0 |          0 |
|         spill_register_flushable_i                                                   |       spill_register_flushable__parameterized7 |         68 |         68 |       0 |    0 |    268 |      0 |      0 |    0 |          0 |
|       i_reg_w                                                                        |              spill_register__parameterized2_19 |         75 |         75 |       0 |    0 |    290 |      0 |      0 |    0 |          0 |
|         spill_register_flushable_i                                                   |    spill_register_flushable__parameterized2_20 |         75 |         75 |       0 |    0 |    290 |      0 |      0 |    0 |          0 |
|     i_reg_demux_decode                                                               |                    addr_decode__parameterized2 |          0 |          0 |       0 |    0 |      0 |      0 |      0 |    0 |          0 |
|       i_addr_decode_dync                                                             |               addr_decode_dync__parameterized2 |          0 |          0 |       0 |    0 |      0 |      0 |      0 |    0 |          0 |
|     i_regs                                                                           |                               cheshire_reg_top |          0 |          0 |       0 |    0 |    512 |      0 |      0 |    0 |          0 |
|       u_scratch_0                                                                    |                                    prim_subreg |          0 |          0 |       0 |    0 |     32 |      0 |      0 |    0 |          0 |
|       u_scratch_1                                                                    |                                  prim_subreg_4 |          0 |          0 |       0 |    0 |     32 |      0 |      0 |    0 |          0 |
|       u_scratch_10                                                                   |                                  prim_subreg_5 |          0 |          0 |       0 |    0 |     32 |      0 |      0 |    0 |          0 |
|       u_scratch_11                                                                   |                                  prim_subreg_6 |          0 |          0 |       0 |    0 |     32 |      0 |      0 |    0 |          0 |
|       u_scratch_12                                                                   |                                  prim_subreg_7 |          0 |          0 |       0 |    0 |     32 |      0 |      0 |    0 |          0 |
|       u_scratch_13                                                                   |                                  prim_subreg_8 |          0 |          0 |       0 |    0 |     32 |      0 |      0 |    0 |          0 |
|       u_scratch_14                                                                   |                                  prim_subreg_9 |          0 |          0 |       0 |    0 |     32 |      0 |      0 |    0 |          0 |
|       u_scratch_15                                                                   |                                 prim_subreg_10 |          0 |          0 |       0 |    0 |     32 |      0 |      0 |    0 |          0 |
|       u_scratch_2                                                                    |                                 prim_subreg_11 |          0 |          0 |       0 |    0 |     32 |      0 |      0 |    0 |          0 |
|       u_scratch_3                                                                    |                                 prim_subreg_12 |          0 |          0 |       0 |    0 |     32 |      0 |      0 |    0 |          0 |
|       u_scratch_4                                                                    |                                 prim_subreg_13 |          0 |          0 |       0 |    0 |     32 |      0 |      0 |    0 |          0 |
|       u_scratch_5                                                                    |                                 prim_subreg_14 |          0 |          0 |       0 |    0 |     32 |      0 |      0 |    0 |          0 |
|       u_scratch_6                                                                    |                                 prim_subreg_15 |          0 |          0 |       0 |    0 |     32 |      0 |      0 |    0 |          0 |
|       u_scratch_7                                                                    |                                 prim_subreg_16 |          0 |          0 |       0 |    0 |     32 |      0 |      0 |    0 |          0 |
|       u_scratch_8                                                                    |                                 prim_subreg_17 |          0 |          0 |       0 |    0 |     32 |      0 |      0 |    0 |          0 |
|       u_scratch_9                                                                    |                                 prim_subreg_18 |          0 |          0 |       0 |    0 |     32 |      0 |      0 |    0 |          0 |
|   i_clkwiz                                                                           |                                         clkwiz |          0 |          0 |       0 |    0 |      0 |      0 |      0 |    0 |          0 |
|     inst                                                                             |                                 clkwiz_clk_wiz |          0 |          0 |       0 |    0 |      0 |      0 |      0 |    0 |          0 |
|   i_dram_wrapper                                                                     |                            dram_wrapper_xilinx |       4063 |       4063 |       0 |    0 |  13246 |      0 |      0 |    0 |          0 |
|     gen_cdc.i_axi_cdc_mig                                                            |                                        axi_cdc |       4063 |       4063 |       0 |    0 |  13246 |      0 |      0 |    0 |          0 |
|       i_axi_cdc_dst                                                                  |                                    axi_cdc_dst |       1570 |       1570 |       0 |    0 |   5034 |      0 |      0 |    0 |          0 |
|         i_cdc_fifo_gray_dst_ar                                                       |              cdc_fifo_gray_dst__parameterized3 |         48 |         48 |       0 |    0 |    120 |      0 |      0 |    0 |          0 |
|           (i_cdc_fifo_gray_dst_ar)                                                   |              cdc_fifo_gray_dst__parameterized3 |          4 |          4 |       0 |    0 |      6 |      0 |      0 |    0 |          0 |
|           gen_sync[0].i_sync                                                         |                                       sync__66 |          1 |          1 |       0 |    0 |      2 |      0 |      0 |    0 |          0 |
|           gen_sync[1].i_sync                                                         |                                       sync__67 |          1 |          1 |       0 |    0 |      2 |      0 |      0 |    0 |          0 |
|           gen_sync[2].i_sync                                                         |                                       sync__68 |          1 |          1 |       0 |    0 |      2 |      0 |      0 |    0 |          0 |
|           gen_sync[3].i_sync                                                         |                                       sync__69 |          1 |          1 |       0 |    0 |      2 |      0 |      0 |    0 |          0 |
|           gen_sync[4].i_sync                                                         |                                       sync__70 |          1 |          1 |       0 |    0 |      2 |      0 |      0 |    0 |          0 |
|           gen_sync[5].i_sync                                                         |                                       sync__71 |          1 |          1 |       0 |    0 |      2 |      0 |      0 |    0 |          0 |
|           i_spill_register                                                           |                 spill_register__parameterized3 |         39 |         39 |       0 |    0 |    102 |      0 |      0 |    0 |          0 |
|             spill_register_flushable_i                                               |       spill_register_flushable__parameterized3 |         39 |         39 |       0 |    0 |    102 |      0 |      0 |    0 |          0 |
|         i_cdc_fifo_gray_dst_aw                                                       |              cdc_fifo_gray_dst__parameterized1 |         45 |         45 |       0 |    0 |    120 |      0 |      0 |    0 |          0 |
|           (i_cdc_fifo_gray_dst_aw)                                                   |              cdc_fifo_gray_dst__parameterized1 |          4 |          4 |       0 |    0 |      6 |      0 |      0 |    0 |          0 |
|           gen_sync[0].i_sync                                                         |                                       sync__84 |          1 |          1 |       0 |    0 |      2 |      0 |      0 |    0 |          0 |
|           gen_sync[1].i_sync                                                         |                                       sync__85 |          1 |          1 |       0 |    0 |      2 |      0 |      0 |    0 |          0 |
|           gen_sync[2].i_sync                                                         |                                       sync__86 |          1 |          1 |       0 |    0 |      2 |      0 |      0 |    0 |          0 |
|           gen_sync[3].i_sync                                                         |                                       sync__87 |          1 |          1 |       0 |    0 |      2 |      0 |      0 |    0 |          0 |
|           gen_sync[4].i_sync                                                         |                                       sync__88 |          1 |          1 |       0 |    0 |      2 |      0 |      0 |    0 |          0 |
|           gen_sync[5].i_sync                                                         |                                       sync__89 |          1 |          1 |       0 |    0 |      2 |      0 |      0 |    0 |          0 |
|           i_spill_register                                                           |                 spill_register__parameterized1 |         38 |         38 |       0 |    0 |    102 |      0 |      0 |    0 |          0 |
|             spill_register_flushable_i                                               |       spill_register_flushable__parameterized1 |         38 |         38 |       0 |    0 |    102 |      0 |      0 |    0 |          0 |
|         i_cdc_fifo_gray_dst_w                                                        |              cdc_fifo_gray_dst__parameterized2 |        122 |        122 |       0 |    0 |    310 |      0 |      0 |    0 |          0 |
|           (i_cdc_fifo_gray_dst_w)                                                    |              cdc_fifo_gray_dst__parameterized2 |          4 |          4 |       0 |    0 |      6 |      0 |      0 |    0 |          0 |
|           gen_sync[0].i_sync                                                         |                                       sync__78 |          1 |          1 |       0 |    0 |      2 |      0 |      0 |    0 |          0 |
|           gen_sync[1].i_sync                                                         |                                       sync__79 |          1 |          1 |       0 |    0 |      2 |      0 |      0 |    0 |          0 |
|           gen_sync[2].i_sync                                                         |                                       sync__80 |          1 |          1 |       0 |    0 |      2 |      0 |      0 |    0 |          0 |
|           gen_sync[3].i_sync                                                         |                                       sync__81 |          1 |          1 |       0 |    0 |      2 |      0 |      0 |    0 |          0 |
|           gen_sync[4].i_sync                                                         |                                       sync__82 |          1 |          1 |       0 |    0 |      2 |      0 |      0 |    0 |          0 |
|           gen_sync[5].i_sync                                                         |                                       sync__83 |          1 |          1 |       0 |    0 |      2 |      0 |      0 |    0 |          0 |
|           i_spill_register                                                           |                 spill_register__parameterized2 |        114 |        114 |       0 |    0 |    292 |      0 |      0 |    0 |          0 |
|             spill_register_flushable_i                                               |       spill_register_flushable__parameterized2 |        114 |        114 |       0 |    0 |    292 |      0 |      0 |    0 |          0 |
|         i_cdc_fifo_gray_src_b                                                        |              cdc_fifo_gray_src__parameterized2 |         95 |         95 |       0 |    0 |    178 |      0 |      0 |    0 |          0 |
|           (i_cdc_fifo_gray_src_b)                                                    |              cdc_fifo_gray_src__parameterized2 |         91 |         91 |       0 |    0 |    166 |      0 |      0 |    0 |          0 |
|           gen_sync[0].i_sync                                                         |                                       sync__72 |          1 |          1 |       0 |    0 |      2 |      0 |      0 |    0 |          0 |
|           gen_sync[1].i_sync                                                         |                                       sync__73 |          1 |          1 |       0 |    0 |      2 |      0 |      0 |    0 |          0 |
|           gen_sync[2].i_sync                                                         |                                       sync__74 |          1 |          1 |       0 |    0 |      2 |      0 |      0 |    0 |          0 |
|           gen_sync[3].i_sync                                                         |                                       sync__75 |          1 |          1 |       0 |    0 |      2 |      0 |      0 |    0 |          0 |
|           gen_sync[4].i_sync                                                         |                                       sync__76 |          1 |          1 |       0 |    0 |      2 |      0 |      0 |    0 |          0 |
|           gen_sync[5].i_sync                                                         |                                       sync__77 |          1 |          1 |       0 |    0 |      2 |      0 |      0 |    0 |          0 |
|         i_cdc_fifo_gray_src_r                                                        |              cdc_fifo_gray_src__parameterized3 |       1260 |       1260 |       0 |    0 |   4306 |      0 |      0 |    0 |          0 |
|           (i_cdc_fifo_gray_src_r)                                                    |              cdc_fifo_gray_src__parameterized3 |       1257 |       1257 |       0 |    0 |   4294 |      0 |      0 |    0 |          0 |
|           gen_sync[0].i_sync                                                         |                                       sync__60 |          1 |          1 |       0 |    0 |      2 |      0 |      0 |    0 |          0 |
|           gen_sync[1].i_sync                                                         |                                       sync__61 |          1 |          1 |       0 |    0 |      2 |      0 |      0 |    0 |          0 |
|           gen_sync[2].i_sync                                                         |                                       sync__62 |          1 |          1 |       0 |    0 |      2 |      0 |      0 |    0 |          0 |
|           gen_sync[3].i_sync                                                         |                                       sync__63 |          1 |          1 |       0 |    0 |      2 |      0 |      0 |    0 |          0 |
|           gen_sync[4].i_sync                                                         |                                       sync__64 |          1 |          1 |       0 |    0 |      2 |      0 |      0 |    0 |          0 |
|           gen_sync[5].i_sync                                                         |                                       sync__65 |          1 |          1 |       0 |    0 |      2 |      0 |      0 |    0 |          0 |
|       i_axi_cdc_src                                                                  |                                    axi_cdc_src |       2501 |       2501 |       0 |    0 |   8212 |      0 |      0 |    0 |          0 |
|         i_cdc_fifo_gray_dst_b                                                        |                              cdc_fifo_gray_dst |         25 |         25 |       0 |    0 |     30 |      0 |      0 |    0 |          0 |
|           (i_cdc_fifo_gray_dst_b)                                                    |                              cdc_fifo_gray_dst |          6 |          6 |       0 |    0 |      6 |      0 |      0 |    0 |          0 |
|           gen_sync[0].i_sync                                                         |                                      sync__102 |          1 |          1 |       0 |    0 |      2 |      0 |      0 |    0 |          0 |
|           gen_sync[1].i_sync                                                         |                                      sync__103 |          1 |          1 |       0 |    0 |      2 |      0 |      0 |    0 |          0 |
|           gen_sync[2].i_sync                                                         |                                      sync__104 |          1 |          1 |       0 |    0 |      2 |      0 |      0 |    0 |          0 |
|           gen_sync[3].i_sync                                                         |                                      sync__105 |          1 |          1 |       0 |    0 |      2 |      0 |      0 |    0 |          0 |
|           gen_sync[4].i_sync                                                         |                                      sync__106 |          1 |          1 |       0 |    0 |      2 |      0 |      0 |    0 |          0 |
|           gen_sync[5].i_sync                                                         |                                      sync__107 |          1 |          1 |       0 |    0 |      2 |      0 |      0 |    0 |          0 |
|           i_spill_register                                                           |                                 spill_register |         15 |         15 |       0 |    0 |     12 |      0 |      0 |    0 |          0 |
|             spill_register_flushable_i                                               |                       spill_register_flushable |         15 |         15 |       0 |    0 |     12 |      0 |      0 |    0 |          0 |
|         i_cdc_fifo_gray_dst_r                                                        |              cdc_fifo_gray_dst__parameterized0 |        104 |        104 |       0 |    0 |    288 |      0 |      0 |    0 |          0 |
|           (i_cdc_fifo_gray_dst_r)                                                    |              cdc_fifo_gray_dst__parameterized0 |          4 |          4 |       0 |    0 |      6 |      0 |      0 |    0 |          0 |
|           gen_sync[0].i_sync                                                         |                                       sync__90 |          1 |          1 |       0 |    0 |      2 |      0 |      0 |    0 |          0 |
|           gen_sync[1].i_sync                                                         |                                       sync__91 |          1 |          1 |       0 |    0 |      2 |      0 |      0 |    0 |          0 |
|           gen_sync[2].i_sync                                                         |                                       sync__92 |          1 |          1 |       0 |    0 |      2 |      0 |      0 |    0 |          0 |
|           gen_sync[3].i_sync                                                         |                                       sync__93 |          1 |          1 |       0 |    0 |      2 |      0 |      0 |    0 |          0 |
|           gen_sync[4].i_sync                                                         |                                       sync__94 |          1 |          1 |       0 |    0 |      2 |      0 |      0 |    0 |          0 |
|           gen_sync[5].i_sync                                                         |                                       sync__95 |          1 |          1 |       0 |    0 |      2 |      0 |      0 |    0 |          0 |
|           i_spill_register                                                           |                 spill_register__parameterized0 |         97 |         97 |       0 |    0 |    270 |      0 |      0 |    0 |          0 |
|             spill_register_flushable_i                                               |       spill_register_flushable__parameterized0 |         97 |         97 |       0 |    0 |    270 |      0 |      0 |    0 |          0 |
|         i_cdc_fifo_gray_src_ar                                                       |              cdc_fifo_gray_src__parameterized1 |        505 |        505 |       0 |    0 |   1618 |      0 |      0 |    0 |          0 |
|           (i_cdc_fifo_gray_src_ar)                                                   |              cdc_fifo_gray_src__parameterized1 |        501 |        501 |       0 |    0 |   1606 |      0 |      0 |    0 |          0 |
|           gen_sync[0].i_sync                                                         |                                       sync__96 |          1 |          1 |       0 |    0 |      2 |      0 |      0 |    0 |          0 |
|           gen_sync[1].i_sync                                                         |                                       sync__97 |          1 |          1 |       0 |    0 |      2 |      0 |      0 |    0 |          0 |
|           gen_sync[2].i_sync                                                         |                                       sync__98 |          1 |          1 |       0 |    0 |      2 |      0 |      0 |    0 |          0 |
|           gen_sync[3].i_sync                                                         |                                       sync__99 |          1 |          1 |       0 |    0 |      2 |      0 |      0 |    0 |          0 |
|           gen_sync[4].i_sync                                                         |                                      sync__100 |          1 |          1 |       0 |    0 |      2 |      0 |      0 |    0 |          0 |
|           gen_sync[5].i_sync                                                         |                                      sync__101 |          1 |          1 |       0 |    0 |      2 |      0 |      0 |    0 |          0 |
|         i_cdc_fifo_gray_src_aw                                                       |                              cdc_fifo_gray_src |        506 |        506 |       0 |    0 |   1618 |      0 |      0 |    0 |          0 |
|           (i_cdc_fifo_gray_src_aw)                                                   |                              cdc_fifo_gray_src |        502 |        502 |       0 |    0 |   1606 |      0 |      0 |    0 |          0 |
|           gen_sync[0].i_sync                                                         |                                      sync__114 |          1 |          1 |       0 |    0 |      2 |      0 |      0 |    0 |          0 |
|           gen_sync[1].i_sync                                                         |                                      sync__115 |          1 |          1 |       0 |    0 |      2 |      0 |      0 |    0 |          0 |
|           gen_sync[2].i_sync                                                         |                                      sync__116 |          1 |          1 |       0 |    0 |      2 |      0 |      0 |    0 |          0 |
|           gen_sync[3].i_sync                                                         |                                      sync__117 |          1 |          1 |       0 |    0 |      2 |      0 |      0 |    0 |          0 |
|           gen_sync[4].i_sync                                                         |                                      sync__118 |          1 |          1 |       0 |    0 |      2 |      0 |      0 |    0 |          0 |
|           gen_sync[5].i_sync                                                         |                                           sync |          1 |          1 |       0 |    0 |      2 |      0 |      0 |    0 |          0 |
|         i_cdc_fifo_gray_src_w                                                        |              cdc_fifo_gray_src__parameterized0 |       1361 |       1361 |       0 |    0 |   4658 |      0 |      0 |    0 |          0 |
|           (i_cdc_fifo_gray_src_w)                                                    |              cdc_fifo_gray_src__parameterized0 |       1356 |       1356 |       0 |    0 |   4646 |      0 |      0 |    0 |          0 |
|           gen_sync[0].i_sync                                                         |                                      sync__108 |          1 |          1 |       0 |    0 |      2 |      0 |      0 |    0 |          0 |
|           gen_sync[1].i_sync                                                         |                                      sync__109 |          1 |          1 |       0 |    0 |      2 |      0 |      0 |    0 |          0 |
|           gen_sync[2].i_sync                                                         |                                      sync__110 |          1 |          1 |       0 |    0 |      2 |      0 |      0 |    0 |          0 |
|           gen_sync[3].i_sync                                                         |                                      sync__111 |          1 |          1 |       0 |    0 |      2 |      0 |      0 |    0 |          0 |
|           gen_sync[4].i_sync                                                         |                                      sync__112 |          1 |          1 |       0 |    0 |      2 |      0 |      0 |    0 |          0 |
|           gen_sync[5].i_sync                                                         |                                      sync__113 |          1 |          1 |       0 |    0 |      2 |      0 |      0 |    0 |          0 |
|   i_rstgen                                                                           |                                         rstgen |          0 |          0 |       0 |    0 |      4 |      0 |      0 |    0 |          0 |
|     i_rstgen_bypass                                                                  |                                  rstgen_bypass |          0 |          0 |       0 |    0 |      4 |      0 |      0 |    0 |          0 |
|       (i_rstgen_bypass)                                                              |                                  rstgen_bypass |          0 |          0 |       0 |    0 |      4 |      0 |      0 |    0 |          0 |
|       i_tc_clk_mux2_rst_n                                                            |                                  tc_clk_mux2_0 |          0 |          0 |       0 |    0 |      0 |      0 |      0 |    0 |          0 |
|       i_tc_clk_mux2_rst_no                                                           |                                  tc_clk_mux2_1 |          0 |          0 |       0 |    0 |      0 |      0 |      0 |    0 |          0 |
|   i_zynqmp                                                                           |                                         zynqmp |          0 |          0 |       0 |    0 |      0 |      0 |      0 |    0 |          0 |
|     inst                                                                             |  zynqmp_zynq_ultra_ps_e_v3_3_5_zynq_ultra_ps_e |          0 |          0 |       0 |    0 |      0 |      0 |      0 |    0 |          0 |
+--------------------------------------------------------------------------------------+------------------------------------------------+------------+------------+---------+------+--------+--------+--------+------+------------+
* Note: The sum of lower-level cells may be larger than their parent cells total, due to cross-hierarchy LUT combining


