Copyright 1986-2021 Xilinx, Inc. All Rights Reserved.
---------------------------------------------------------------------------------------------------------------------------------------------------------
| Tool Version : Vivado v.2021.1_AR76780 (lin64) Build 3247384 Thu Jun 10 19:36:07 MDT 2021
| Date         : Wed Sep  2 15:43:15 2026
| Host         : coroni running 64-bit Ubuntu 18.04.6 LTS
| Command      : report_utilization -file /home/smitropoulos/cheshire_soc/target/xilinx/build/zcu102.cheshire/reports.impl/utilization.rpt -hierarchical
| Design       : cheshire_top_xilinx
| Device       : xczu9egffvb1156-2
| Design State : Physopt postRoute
---------------------------------------------------------------------------------------------------------------------------------------------------------

Utilization Design Information

Table of Contents
-----------------
1. Utilization by Hierarchy

1. Utilization by Hierarchy
---------------------------

+--------------------------------------------------------------------------------------+------------------------------------------------+------------+------------+---------+------+-------+--------+--------+------+------------+
|                                       Instance                                       |                     Module                     | Total LUTs | Logic LUTs | LUTRAMs | SRLs |  FFs  | RAMB36 | RAMB18 | URAM | DSP Blocks |
+--------------------------------------------------------------------------------------+------------------------------------------------+------------+------------+---------+------+-------+--------+--------+------+------------+
| cheshire_top_xilinx                                                                  |                                          (top) |     143020 |     143020 |       0 |    0 | 81449 |    336 |      8 |    0 |        130 |
|   (cheshire_top_xilinx)                                                              |                                          (top) |        106 |        106 |       0 |    0 |    21 |      0 |      0 |    0 |          0 |
|   i_cheshire_soc                                                                     |                                   cheshire_soc |     127941 |     127941 |       0 |    0 | 64886 |    336 |      8 |    0 |        127 |
|     (i_cheshire_soc)                                                                 |                                   cheshire_soc |        901 |        901 |       0 |    0 |    33 |      0 |      0 |    0 |          0 |
|     gen_bootrom.i_reg_to_bootrom                                                     |                                     reg_to_mem |          1 |          1 |       0 |    0 |     1 |      0 |      0 |    0 |          0 |
|     gen_cva6_cores[0].gen_ara.i_ara                                                  |                                            ara |      74751 |      74751 |       0 |    0 | 25423 |     32 |      0 |    0 |        108 |
|       (gen_cva6_cores[0].gen_ara.i_ara)                                              |                                            ara |         10 |         10 |       0 |    0 |     1 |      0 |      0 |    0 |          0 |
|       gen_lanes[0].i_lane                                                            |                                           lane |      28460 |      28460 |       0 |    0 |  9669 |     16 |      0 |    0 |         52 |
|         (gen_lanes[0].i_lane)                                                        |                                           lane |          0 |          0 |       0 |    0 |    12 |      0 |      0 |    0 |          0 |
|         i_lane_sequencer                                                             |                            lane_sequencer_1132 |       1564 |       1564 |       0 |    0 |   923 |      0 |      0 |    0 |          0 |
|           (i_lane_sequencer)                                                         |                            lane_sequencer_1132 |        748 |        748 |       0 |    0 |   625 |      0 |      0 |    0 |          0 |
|           i_pe_req_register                                                          |                     fall_through_register_1259 |        787 |        787 |       0 |    0 |   254 |      0 |      0 |    0 |          0 |
|             i_fifo                                                                   |                  fifo_v3__parameterized11_1262 |        787 |        787 |       0 |    0 |   254 |      0 |      0 |    0 |          0 |
|           i_spill_register_vrgat_req                                                 |           spill_register__parameterized29_1260 |         31 |         31 |       0 |    0 |    44 |      0 |      0 |    0 |          0 |
|             spill_register_flushable_i                                               | spill_register_flushable__parameterized29_1261 |         31 |         31 |       0 |    0 |    44 |      0 |      0 |    0 |          0 |
|         i_mask_ready_spill_register                                                  |           spill_register__parameterized28_1133 |         22 |         22 |       0 |    0 |    18 |      0 |      0 |    0 |          0 |
|           spill_register_flushable_i                                                 | spill_register_flushable__parameterized28_1258 |         22 |         22 |       0 |    0 |    18 |      0 |      0 |    0 |          0 |
|         i_operand_queues                                                             |                      operand_queues_stage_1134 |       3267 |       3267 |       0 |    0 |  3056 |      0 |      0 |    0 |          0 |
|           (i_operand_queues)                                                         |                      operand_queues_stage_1134 |          2 |          2 |       0 |    0 |     1 |      0 |      0 |    0 |          0 |
|           i_operand_queue_alu_a                                                      |                             operand_queue_1232 |        531 |        531 |       0 |    0 |   444 |      0 |      0 |    0 |          0 |
|             (i_operand_queue_alu_a)                                                  |                             operand_queue_1232 |          9 |          9 |       0 |    0 |    19 |      0 |      0 |    0 |          0 |
|             i_cmd_buffer                                                             |                  fifo_v3__parameterized12_1256 |        225 |        225 |       0 |    0 |    95 |      0 |      0 |    0 |          0 |
|             i_input_buffer                                                           |                  fifo_v3__parameterized13_1257 |        299 |        299 |       0 |    0 |   330 |      0 |      0 |    0 |          0 |
|           i_operand_queue_alu_b                                                      |             operand_queue__parameterized0_1233 |        619 |        619 |       0 |    0 |   444 |      0 |      0 |    0 |          0 |
|             (i_operand_queue_alu_b)                                                  |             operand_queue__parameterized0_1233 |         16 |         16 |       0 |    0 |    19 |      0 |      0 |    0 |          0 |
|             i_cmd_buffer                                                             |                  fifo_v3__parameterized12_1254 |        290 |        290 |       0 |    0 |    95 |      0 |      0 |    0 |          0 |
|             i_input_buffer                                                           |                  fifo_v3__parameterized13_1255 |        317 |        317 |       0 |    0 |   330 |      0 |      0 |    0 |          0 |
|           i_operand_queue_mask_b                                                     |             operand_queue__parameterized5_1234 |        430 |        430 |       0 |    0 |   281 |      0 |      0 |    0 |          0 |
|             (i_operand_queue_mask_b)                                                 |             operand_queue__parameterized5_1234 |          9 |          9 |       0 |    0 |    18 |      0 |      0 |    0 |          0 |
|             i_cmd_buffer                                                             |                  fifo_v3__parameterized16_1252 |        171 |        171 |       0 |    0 |    64 |      0 |      0 |    0 |          0 |
|             i_input_buffer                                                           |                  fifo_v3__parameterized17_1253 |        252 |        252 |       0 |    0 |   199 |      0 |      0 |    0 |          0 |
|           i_operand_queue_mask_m                                                     |             operand_queue__parameterized6_1235 |          7 |          7 |       0 |    0 |    68 |      0 |      0 |    0 |          0 |
|             (i_operand_queue_mask_m)                                                 |             operand_queue__parameterized6_1235 |          3 |          3 |       0 |    0 |     2 |      0 |      0 |    0 |          0 |
|             i_input_buffer                                                           |                  fifo_v3__parameterized19_1251 |          4 |          4 |       0 |    0 |    66 |      0 |      0 |    0 |          0 |
|           i_operand_queue_mfpu_a                                                     |             operand_queue__parameterized1_1236 |        413 |        413 |       0 |    0 |   446 |      0 |      0 |    0 |          0 |
|             (i_operand_queue_mfpu_a)                                                 |             operand_queue__parameterized1_1236 |          8 |          8 |       0 |    0 |    17 |      0 |      0 |    0 |          0 |
|             i_cmd_buffer                                                             |                  fifo_v3__parameterized12_1249 |        216 |        216 |       0 |    0 |    99 |      0 |      0 |    0 |          0 |
|             i_input_buffer                                                           |                  fifo_v3__parameterized13_1250 |        200 |        200 |       0 |    0 |   330 |      0 |      0 |    0 |          0 |
|           i_operand_queue_mfpu_b                                                     |             operand_queue__parameterized2_1237 |        465 |        465 |       0 |    0 |   446 |      0 |      0 |    0 |          0 |
|             (i_operand_queue_mfpu_b)                                                 |             operand_queue__parameterized2_1237 |         13 |         13 |       0 |    0 |    17 |      0 |      0 |    0 |          0 |
|             i_cmd_buffer                                                             |                  fifo_v3__parameterized12_1247 |        246 |        246 |       0 |    0 |    99 |      0 |      0 |    0 |          0 |
|             i_input_buffer                                                           |                  fifo_v3__parameterized13_1248 |        215 |        215 |       0 |    0 |   330 |      0 |      0 |    0 |          0 |
|           i_operand_queue_mfpu_c                                                     |             operand_queue__parameterized2_1238 |        474 |        474 |       0 |    0 |   446 |      0 |      0 |    0 |          0 |
|             (i_operand_queue_mfpu_c)                                                 |             operand_queue__parameterized2_1238 |          8 |          8 |       0 |    0 |    17 |      0 |      0 |    0 |          0 |
|             i_cmd_buffer                                                             |                  fifo_v3__parameterized12_1245 |        259 |        259 |       0 |    0 |    99 |      0 |      0 |    0 |          0 |
|             i_input_buffer                                                           |                  fifo_v3__parameterized13_1246 |        213 |        213 |       0 |    0 |   330 |      0 |      0 |    0 |          0 |
|           i_operand_queue_slide_addrgen_a                                            |             operand_queue__parameterized4_1239 |        139 |        139 |       0 |    0 |   229 |      0 |      0 |    0 |          0 |
|             (i_operand_queue_slide_addrgen_a)                                        |             operand_queue__parameterized4_1239 |          3 |          3 |       0 |    0 |    14 |      0 |      0 |    0 |          0 |
|             i_cmd_buffer                                                             |                  fifo_v3__parameterized12_1243 |         75 |         75 |       0 |    0 |    83 |      0 |      0 |    0 |          0 |
|             i_input_buffer                                                           |                  fifo_v3__parameterized15_1244 |         62 |         62 |       0 |    0 |   132 |      0 |      0 |    0 |          0 |
|           i_operand_queue_st_mask_a                                                  |             operand_queue__parameterized3_1240 |        187 |        187 |       0 |    0 |   251 |      0 |      0 |    0 |          0 |
|             (i_operand_queue_st_mask_a)                                              |             operand_queue__parameterized3_1240 |          3 |          3 |       0 |    0 |    14 |      0 |      0 |    0 |          0 |
|             i_cmd_buffer                                                             |                  fifo_v3__parameterized14_1241 |         85 |         85 |       0 |    0 |   105 |      0 |      0 |    0 |          0 |
|             i_input_buffer                                                           |                  fifo_v3__parameterized15_1242 |        100 |        100 |       0 |    0 |   132 |      0 |      0 |    0 |          0 |
|         i_operand_requester                                                          |                         operand_requester_1135 |       3640 |       3640 |       0 |    0 |   736 |      0 |      0 |    0 |          0 |
|           (i_operand_requester)                                                      |                         operand_requester_1135 |       1866 |       1866 |       0 |    0 |   433 |      0 |      0 |    0 |          0 |
|           gen_vrf_arbiters[0].i_hp_vrf_arbiter                                       |               rr_arb_tree__parameterized9_1213 |         37 |         37 |       0 |    0 |     3 |      0 |      0 |    0 |          0 |
|           gen_vrf_arbiters[0].i_lp_vrf_arbiter                                       |               rr_arb_tree__parameterized9_1214 |        112 |        112 |       0 |    0 |     3 |      0 |      0 |    0 |          0 |
|           gen_vrf_arbiters[1].i_hp_vrf_arbiter                                       |               rr_arb_tree__parameterized9_1215 |         37 |         37 |       0 |    0 |     3 |      0 |      0 |    0 |          0 |
|           gen_vrf_arbiters[1].i_lp_vrf_arbiter                                       |               rr_arb_tree__parameterized9_1216 |        112 |        112 |       0 |    0 |     3 |      0 |      0 |    0 |          0 |
|           gen_vrf_arbiters[2].i_hp_vrf_arbiter                                       |               rr_arb_tree__parameterized9_1217 |         42 |         42 |       0 |    0 |     3 |      0 |      0 |    0 |          0 |
|           gen_vrf_arbiters[2].i_lp_vrf_arbiter                                       |               rr_arb_tree__parameterized9_1218 |        111 |        111 |       0 |    0 |     3 |      0 |      0 |    0 |          0 |
|           gen_vrf_arbiters[3].i_hp_vrf_arbiter                                       |               rr_arb_tree__parameterized9_1219 |         41 |         41 |       0 |    0 |     3 |      0 |      0 |    0 |          0 |
|           gen_vrf_arbiters[3].i_lp_vrf_arbiter                                       |               rr_arb_tree__parameterized9_1220 |        113 |        113 |       0 |    0 |     3 |      0 |      0 |    0 |          0 |
|           gen_vrf_arbiters[4].i_hp_vrf_arbiter                                       |               rr_arb_tree__parameterized9_1221 |         37 |         37 |       0 |    0 |     3 |      0 |      0 |    0 |          0 |
|           gen_vrf_arbiters[4].i_lp_vrf_arbiter                                       |               rr_arb_tree__parameterized9_1222 |        143 |        143 |       0 |    0 |     3 |      0 |      0 |    0 |          0 |
|           gen_vrf_arbiters[5].i_hp_vrf_arbiter                                       |               rr_arb_tree__parameterized9_1223 |         41 |         41 |       0 |    0 |     3 |      0 |      0 |    0 |          0 |
|           gen_vrf_arbiters[5].i_lp_vrf_arbiter                                       |               rr_arb_tree__parameterized9_1224 |        113 |        113 |       0 |    0 |     3 |      0 |      0 |    0 |          0 |
|           gen_vrf_arbiters[6].i_hp_vrf_arbiter                                       |               rr_arb_tree__parameterized9_1225 |         43 |         43 |       0 |    0 |     3 |      0 |      0 |    0 |          0 |
|           gen_vrf_arbiters[6].i_lp_vrf_arbiter                                       |               rr_arb_tree__parameterized9_1226 |        115 |        115 |       0 |    0 |     3 |      0 |      0 |    0 |          0 |
|           gen_vrf_arbiters[7].i_hp_vrf_arbiter                                       |               rr_arb_tree__parameterized9_1227 |        165 |        165 |       0 |    0 |     3 |      0 |      0 |    0 |          0 |
|           gen_vrf_arbiters[7].i_lp_vrf_arbiter                                       |               rr_arb_tree__parameterized9_1228 |        114 |        114 |       0 |    0 |     3 |      0 |      0 |    0 |          0 |
|           i_ldu_stream_register                                                      |           stream_register__parameterized0_1229 |         13 |         13 |       0 |    0 |    85 |      0 |      0 |    0 |          0 |
|           i_masku_stream_register                                                    |           stream_register__parameterized0_1230 |        414 |        414 |       0 |    0 |    85 |      0 |      0 |    0 |          0 |
|           i_sldu_stream_register                                                     |           stream_register__parameterized0_1231 |         20 |         20 |       0 |    0 |    85 |      0 |      0 |    0 |          0 |
|         i_sldu_addrgen_arbiter                                                       |                  fifo_v3__parameterized20_1136 |        129 |        129 |       0 |    0 |    26 |      0 |      0 |    0 |          0 |
|         i_vfus                                                                       |                          vector_fus_stage_1137 |      17707 |      17707 |       0 |    0 |  4831 |      0 |      0 |    0 |         52 |
|           i_valu                                                                     |                                      valu_1165 |       6896 |       6896 |       0 |    0 |  1033 |      0 |      0 |    0 |          0 |
|             (i_valu)                                                                 |                                      valu_1165 |       1359 |       1359 |       0 |    0 |   773 |      0 |      0 |    0 |          0 |
|             i_alu_reduction_spill_register                                           |           spill_register__parameterized31_1209 |       5262 |       5262 |       0 |    0 |   130 |      0 |      0 |    0 |          0 |
|               spill_register_flushable_i                                             | spill_register_flushable__parameterized31_1212 |       5262 |       5262 |       0 |    0 |   130 |      0 |      0 |    0 |          0 |
|             i_mask_operand_register                                                  |           spill_register__parameterized31_1210 |        299 |        299 |       0 |    0 |   130 |      0 |      0 |    0 |          0 |
|               spill_register_flushable_i                                             | spill_register_flushable__parameterized31_1211 |        299 |        299 |       0 |    0 |   130 |      0 |      0 |    0 |          0 |
|           i_vmfpu                                                                    |                                     vmfpu_1166 |      10812 |      10812 |       0 |    0 |  3798 |      0 |      0 |    0 |         52 |
|             (i_vmfpu)                                                                |                                     vmfpu_1166 |        806 |        806 |       0 |    0 |  1288 |      0 |      0 |    0 |          0 |
|             fpu_gen.i_fpnew_bulk                                                     |                                 fpnew_top_1167 |       5862 |       5862 |       0 |    0 |  1183 |      0 |      0 |    0 |          4 |
|               gen_operation_groups[0].i_opgroup_block                                |                       fpnew_opgroup_block_1190 |       3284 |       3284 |       0 |    0 |   658 |      0 |      0 |    0 |          4 |
|                 gen_parallel_slices[2].active_format.i_fmt_slice                     |                   fpnew_opgroup_fmt_slice_1204 |       3284 |       3284 |       0 |    0 |   658 |      0 |      0 |    0 |          4 |
|                   gen_num_lanes[0].active_lane.lane_instance.i_fma                   |                                 fpnew_fma_1205 |       1023 |       1023 |       0 |    0 |   184 |      0 |      0 |    0 |          1 |
|                   gen_num_lanes[1].active_lane.lane_instance.i_fma                   |                                 fpnew_fma_1206 |        772 |        772 |       0 |    0 |   158 |      0 |      0 |    0 |          1 |
|                   gen_num_lanes[2].active_lane.lane_instance.i_fma                   |                                 fpnew_fma_1207 |        729 |        729 |       0 |    0 |   158 |      0 |      0 |    0 |          1 |
|                   gen_num_lanes[3].active_lane.lane_instance.i_fma                   |                                 fpnew_fma_1208 |        814 |        814 |       0 |    0 |   158 |      0 |      0 |    0 |          1 |
|               gen_operation_groups[2].i_opgroup_block                                |       fpnew_opgroup_block__parameterized1_1191 |        474 |        474 |       0 |    0 |   180 |      0 |      0 |    0 |          0 |
|                 gen_parallel_slices[2].active_format.i_fmt_slice                     |   fpnew_opgroup_fmt_slice__parameterized0_1199 |        474 |        474 |       0 |    0 |   180 |      0 |      0 |    0 |          0 |
|                   gen_num_lanes[0].active_lane.lane_instance.i_noncomp               |                             fpnew_noncomp_1200 |        141 |        141 |       0 |    0 |    51 |      0 |      0 |    0 |          0 |
|                   gen_num_lanes[1].active_lane.lane_instance.i_noncomp               |                             fpnew_noncomp_1201 |        111 |        111 |       0 |    0 |    43 |      0 |      0 |    0 |          0 |
|                   gen_num_lanes[2].active_lane.lane_instance.i_noncomp               |                             fpnew_noncomp_1202 |        125 |        125 |       0 |    0 |    43 |      0 |      0 |    0 |          0 |
|                   gen_num_lanes[3].active_lane.lane_instance.i_noncomp               |                             fpnew_noncomp_1203 |        100 |        100 |       0 |    0 |    43 |      0 |      0 |    0 |          0 |
|               gen_operation_groups[3].i_opgroup_block                                |       fpnew_opgroup_block__parameterized2_1192 |       2137 |       2137 |       0 |    0 |   343 |      0 |      0 |    0 |          0 |
|                 gen_merged_slice.i_multifmt_slice                                    |              fpnew_opgroup_multifmt_slice_1194 |       2137 |       2137 |       0 |    0 |   343 |      0 |      0 |    0 |          0 |
|                   gen_num_lanes[0].active_lane.lane_instance.i_fpnew_cast_multi      |                          fpnew_cast_multi_1195 |       1106 |       1106 |       0 |    0 |   103 |      0 |      0 |    0 |          0 |
|                   gen_num_lanes[1].active_lane.lane_instance.i_fpnew_cast_multi      |                          fpnew_cast_multi_1196 |        387 |        387 |       0 |    0 |    80 |      0 |      0 |    0 |          0 |
|                   gen_num_lanes[2].active_lane.lane_instance.i_fpnew_cast_multi      |                          fpnew_cast_multi_1197 |        327 |        327 |       0 |    0 |    80 |      0 |      0 |    0 |          0 |
|                   gen_num_lanes[3].active_lane.lane_instance.i_fpnew_cast_multi      |                          fpnew_cast_multi_1198 |        329 |        329 |       0 |    0 |    80 |      0 |      0 |    0 |          0 |
|               i_arbiter                                                              |              rr_arb_tree__parameterized13_1193 |         24 |         24 |       0 |    0 |     2 |      0 |      0 |    0 |          0 |
|             genblk1[0].i_simd_mul_gating_op_a                                        |                      power_gating_generic_1168 |         32 |         32 |       0 |    0 |     0 |      0 |      0 |    0 |          0 |
|             genblk1[0].i_simd_mul_gating_op_b                                        |                      power_gating_generic_1169 |         32 |         32 |       0 |    0 |     0 |      0 |      0 |    0 |          0 |
|             genblk1[0].i_simd_mul_gating_op_c                                        |                      power_gating_generic_1170 |         15 |         15 |       0 |    0 |     0 |      0 |      0 |    0 |          0 |
|             genblk1[1].i_simd_mul_gating_op_a                                        |                      power_gating_generic_1171 |         32 |         32 |       0 |    0 |     0 |      0 |      0 |    0 |          0 |
|             genblk1[1].i_simd_mul_gating_op_b                                        |                      power_gating_generic_1172 |         32 |         32 |       0 |    0 |     0 |      0 |      0 |    0 |          0 |
|             genblk1[1].i_simd_mul_gating_op_c                                        |                      power_gating_generic_1173 |         32 |         32 |       0 |    0 |     0 |      0 |      0 |    0 |          0 |
|             genblk1[2].i_simd_mul_gating_op_a                                        |                      power_gating_generic_1174 |         32 |         32 |       0 |    0 |     0 |      0 |      0 |    0 |          0 |
|             genblk1[2].i_simd_mul_gating_op_b                                        |                      power_gating_generic_1175 |         32 |         32 |       0 |    0 |     0 |      0 |      0 |    0 |          0 |
|             genblk1[2].i_simd_mul_gating_op_c                                        |                      power_gating_generic_1176 |         32 |         32 |       0 |    0 |     0 |      0 |      0 |    0 |          0 |
|             genblk1[3].i_simd_mul_gating_op_a                                        |                      power_gating_generic_1177 |         32 |         32 |       0 |    0 |     0 |      0 |      0 |    0 |          0 |
|             genblk1[3].i_simd_mul_gating_op_b                                        |                      power_gating_generic_1178 |         32 |         32 |       0 |    0 |     0 |      0 |      0 |    0 |          0 |
|             genblk1[3].i_simd_mul_gating_op_c                                        |                      power_gating_generic_1179 |         32 |         32 |       0 |    0 |     0 |      0 |      0 |    0 |          0 |
|             i_mask_operand_register                                                  |           spill_register__parameterized31_1180 |        119 |        119 |       0 |    0 |   130 |      0 |      0 |    0 |          0 |
|               spill_register_flushable_i                                             | spill_register_flushable__parameterized31_1189 |        119 |        119 |       0 |    0 |   130 |      0 |      0 |    0 |          0 |
|             i_mfpu_reduction_spill_register                                          |           spill_register__parameterized31_1181 |        476 |        476 |       0 |    0 |   130 |      0 |      0 |    0 |          0 |
|               spill_register_flushable_i                                             | spill_register_flushable__parameterized31_1188 |        476 |        476 |       0 |    0 |   130 |      0 |      0 |    0 |          0 |
|             i_simd_div                                                               |                                  simd_div_1182 |       1536 |       1536 |       0 |    0 |   439 |      0 |      0 |    0 |          0 |
|               (i_simd_div)                                                           |                                  simd_div_1182 |        571 |        571 |       0 |    0 |   232 |      0 |      0 |    0 |          0 |
|               i_serdiv                                                               |                                    serdiv_1187 |        970 |        970 |       0 |    0 |   207 |      0 |      0 |    0 |          0 |
|             i_simd_mul_ew16                                                          |                  simd_mul__parameterized1_1183 |        254 |        254 |       0 |    0 |   209 |      0 |      0 |    0 |          8 |
|             i_simd_mul_ew32                                                          |                  simd_mul__parameterized0_1184 |        612 |        612 |       0 |    0 |   209 |      0 |      0 |    0 |          8 |
|             i_simd_mul_ew64                                                          |                                  simd_mul_1185 |        561 |        561 |       0 |    0 |   210 |      0 |      0 |    0 |         16 |
|             i_simd_mul_ew8                                                           |                  simd_mul__parameterized2_1186 |        316 |        316 |       0 |    0 |     0 |      0 |      0 |    0 |         16 |
|         i_vrf                                                                        |                            vector_regfile_1138 |       2256 |       2256 |       0 |    0 |    67 |     16 |      0 |    0 |          0 |
|           (i_vrf)                                                                    |                            vector_regfile_1138 |         55 |         55 |       0 |    0 |    40 |      0 |      0 |    0 |          0 |
|           gen_banks[0].data_sram                                                     |                   tc_sram__parameterized1_1139 |         34 |         34 |       0 |    0 |     0 |      2 |      0 |    0 |          0 |
|             (gen_banks[0].data_sram)                                                 |                   tc_sram__parameterized1_1139 |          4 |          4 |       0 |    0 |     0 |      0 |      0 |    0 |          0 |
|             gen_1_ports.i_xpm_memory_spram                                           |          xpm_memory_spram__parameterized1_1164 |         30 |         30 |       0 |    0 |     0 |      2 |      0 |    0 |          0 |
|               xpm_memory_base_inst                                                   |             xpm_memory_base__parameterized1__1 |         30 |         30 |       0 |    0 |     0 |      2 |      0 |    0 |          0 |
|           gen_banks[1].data_sram                                                     |                   tc_sram__parameterized1_1140 |         34 |         34 |       0 |    0 |     0 |      2 |      0 |    0 |          0 |
|             (gen_banks[1].data_sram)                                                 |                   tc_sram__parameterized1_1140 |          4 |          4 |       0 |    0 |     0 |      0 |      0 |    0 |          0 |
|             gen_1_ports.i_xpm_memory_spram                                           |          xpm_memory_spram__parameterized1_1163 |         30 |         30 |       0 |    0 |     0 |      2 |      0 |    0 |          0 |
|               xpm_memory_base_inst                                                   |             xpm_memory_base__parameterized1__2 |         30 |         30 |       0 |    0 |     0 |      2 |      0 |    0 |          0 |
|           gen_banks[2].data_sram                                                     |                   tc_sram__parameterized1_1141 |         34 |         34 |       0 |    0 |     0 |      2 |      0 |    0 |          0 |
|             (gen_banks[2].data_sram)                                                 |                   tc_sram__parameterized1_1141 |          4 |          4 |       0 |    0 |     0 |      0 |      0 |    0 |          0 |
|             gen_1_ports.i_xpm_memory_spram                                           |          xpm_memory_spram__parameterized1_1162 |         30 |         30 |       0 |    0 |     0 |      2 |      0 |    0 |          0 |
|               xpm_memory_base_inst                                                   |             xpm_memory_base__parameterized1__3 |         30 |         30 |       0 |    0 |     0 |      2 |      0 |    0 |          0 |
|           gen_banks[3].data_sram                                                     |                   tc_sram__parameterized1_1142 |         34 |         34 |       0 |    0 |     0 |      2 |      0 |    0 |          0 |
|             (gen_banks[3].data_sram)                                                 |                   tc_sram__parameterized1_1142 |          4 |          4 |       0 |    0 |     0 |      0 |      0 |    0 |          0 |
|             gen_1_ports.i_xpm_memory_spram                                           |          xpm_memory_spram__parameterized1_1161 |         30 |         30 |       0 |    0 |     0 |      2 |      0 |    0 |          0 |
|               xpm_memory_base_inst                                                   |             xpm_memory_base__parameterized1__4 |         30 |         30 |       0 |    0 |     0 |      2 |      0 |    0 |          0 |
|           gen_banks[4].data_sram                                                     |                   tc_sram__parameterized1_1143 |         34 |         34 |       0 |    0 |     0 |      2 |      0 |    0 |          0 |
|             (gen_banks[4].data_sram)                                                 |                   tc_sram__parameterized1_1143 |          4 |          4 |       0 |    0 |     0 |      0 |      0 |    0 |          0 |
|             gen_1_ports.i_xpm_memory_spram                                           |          xpm_memory_spram__parameterized1_1160 |         30 |         30 |       0 |    0 |     0 |      2 |      0 |    0 |          0 |
|               xpm_memory_base_inst                                                   |             xpm_memory_base__parameterized1__5 |         30 |         30 |       0 |    0 |     0 |      2 |      0 |    0 |          0 |
|           gen_banks[5].data_sram                                                     |                   tc_sram__parameterized1_1144 |         34 |         34 |       0 |    0 |     0 |      2 |      0 |    0 |          0 |
|             (gen_banks[5].data_sram)                                                 |                   tc_sram__parameterized1_1144 |          4 |          4 |       0 |    0 |     0 |      0 |      0 |    0 |          0 |
|             gen_1_ports.i_xpm_memory_spram                                           |          xpm_memory_spram__parameterized1_1159 |         30 |         30 |       0 |    0 |     0 |      2 |      0 |    0 |          0 |
|               xpm_memory_base_inst                                                   |             xpm_memory_base__parameterized1__6 |         30 |         30 |       0 |    0 |     0 |      2 |      0 |    0 |          0 |
|           gen_banks[6].data_sram                                                     |                   tc_sram__parameterized1_1145 |         34 |         34 |       0 |    0 |     0 |      2 |      0 |    0 |          0 |
|             (gen_banks[6].data_sram)                                                 |                   tc_sram__parameterized1_1145 |          4 |          4 |       0 |    0 |     0 |      0 |      0 |    0 |          0 |
|             gen_1_ports.i_xpm_memory_spram                                           |          xpm_memory_spram__parameterized1_1158 |         30 |         30 |       0 |    0 |     0 |      2 |      0 |    0 |          0 |
|               xpm_memory_base_inst                                                   |             xpm_memory_base__parameterized1__7 |         30 |         30 |       0 |    0 |     0 |      2 |      0 |    0 |          0 |
|           gen_banks[7].data_sram                                                     |                   tc_sram__parameterized1_1146 |         34 |         34 |       0 |    0 |     0 |      2 |      0 |    0 |          0 |
|             (gen_banks[7].data_sram)                                                 |                   tc_sram__parameterized1_1146 |          4 |          4 |       0 |    0 |     0 |      0 |      0 |    0 |          0 |
|             gen_1_ports.i_xpm_memory_spram                                           |          xpm_memory_spram__parameterized1_1157 |         30 |         30 |       0 |    0 |     0 |      2 |      0 |    0 |          0 |
|               xpm_memory_base_inst                                                   |                xpm_memory_base__parameterized1 |         30 |         30 |       0 |    0 |     0 |      2 |      0 |    0 |          0 |
|           i_vrf_mux                                                                  |               stream_xbar__parameterized1_1147 |       1935 |       1935 |       0 |    0 |    27 |      0 |      0 |    0 |          0 |
|             gen_outs[0].i_rr_arb_tree                                                |              rr_arb_tree__parameterized11_1148 |        217 |        217 |       0 |    0 |     3 |      0 |      0 |    0 |          0 |
|             gen_outs[1].i_rr_arb_tree                                                |              rr_arb_tree__parameterized11_1149 |        217 |        217 |       0 |    0 |     3 |      0 |      0 |    0 |          0 |
|             gen_outs[2].i_rr_arb_tree                                                |              rr_arb_tree__parameterized11_1150 |        217 |        217 |       0 |    0 |     3 |      0 |      0 |    0 |          0 |
|             gen_outs[3].i_rr_arb_tree                                                |              rr_arb_tree__parameterized11_1151 |        217 |        217 |       0 |    0 |     3 |      0 |      0 |    0 |          0 |
|             gen_outs[4].i_rr_arb_tree                                                |              rr_arb_tree__parameterized11_1152 |        217 |        217 |       0 |    0 |     3 |      0 |      0 |    0 |          0 |
|             gen_outs[5].i_rr_arb_tree                                                |              rr_arb_tree__parameterized11_1153 |        213 |        213 |       0 |    0 |     3 |      0 |      0 |    0 |          0 |
|             gen_outs[6].i_rr_arb_tree                                                |              rr_arb_tree__parameterized11_1154 |        218 |        218 |       0 |    0 |     3 |      0 |      0 |    0 |          0 |
|             gen_outs[7].i_rr_arb_tree                                                |              rr_arb_tree__parameterized11_1155 |        213 |        213 |       0 |    0 |     3 |      0 |      0 |    0 |          0 |
|             gen_outs[8].i_rr_arb_tree                                                |              rr_arb_tree__parameterized11_1156 |        214 |        214 |       0 |    0 |     3 |      0 |      0 |    0 |          0 |
|       gen_lanes[1].i_lane                                                            |                                      lane_1005 |      28124 |      28124 |       0 |    0 |  9661 |     16 |      0 |    0 |         52 |
|         (gen_lanes[1].i_lane)                                                        |                                      lane_1005 |          0 |          0 |       0 |    0 |    12 |      0 |      0 |    0 |          0 |
|         i_lane_sequencer                                                             |                                 lane_sequencer |       1567 |       1567 |       0 |    0 |   922 |      0 |      0 |    0 |          0 |
|           (i_lane_sequencer)                                                         |                                 lane_sequencer |        728 |        728 |       0 |    0 |   623 |      0 |      0 |    0 |          0 |
|           i_pe_req_register                                                          |                          fall_through_register |        809 |        809 |       0 |    0 |   255 |      0 |      0 |    0 |          0 |
|             i_fifo                                                                   |                       fifo_v3__parameterized11 |        809 |        809 |       0 |    0 |   255 |      0 |      0 |    0 |          0 |
|           i_spill_register_vrgat_req                                                 |                spill_register__parameterized29 |         32 |         32 |       0 |    0 |    44 |      0 |      0 |    0 |          0 |
|             spill_register_flushable_i                                               |      spill_register_flushable__parameterized29 |         32 |         32 |       0 |    0 |    44 |      0 |      0 |    0 |          0 |
|         i_mask_ready_spill_register                                                  |           spill_register__parameterized28_1052 |         22 |         22 |       0 |    0 |    18 |      0 |      0 |    0 |          0 |
|           spill_register_flushable_i                                                 | spill_register_flushable__parameterized28_1131 |         22 |         22 |       0 |    0 |    18 |      0 |      0 |    0 |          0 |
|         i_operand_queues                                                             |                           operand_queues_stage |       3530 |       3530 |       0 |    0 |  3056 |      0 |      0 |    0 |          0 |
|           (i_operand_queues)                                                         |                           operand_queues_stage |          0 |          0 |       0 |    0 |     1 |      0 |      0 |    0 |          0 |
|           i_operand_queue_alu_a                                                      |                                  operand_queue |        510 |        510 |       0 |    0 |   444 |      0 |      0 |    0 |          0 |
|             (i_operand_queue_alu_a)                                                  |                                  operand_queue |          9 |          9 |       0 |    0 |    19 |      0 |      0 |    0 |          0 |
|             i_cmd_buffer                                                             |                  fifo_v3__parameterized12_1129 |        211 |        211 |       0 |    0 |    95 |      0 |      0 |    0 |          0 |
|             i_input_buffer                                                           |                  fifo_v3__parameterized13_1130 |        291 |        291 |       0 |    0 |   330 |      0 |      0 |    0 |          0 |
|           i_operand_queue_alu_b                                                      |                  operand_queue__parameterized0 |        592 |        592 |       0 |    0 |   444 |      0 |      0 |    0 |          0 |
|             (i_operand_queue_alu_b)                                                  |                  operand_queue__parameterized0 |         14 |         14 |       0 |    0 |    19 |      0 |      0 |    0 |          0 |
|             i_cmd_buffer                                                             |                  fifo_v3__parameterized12_1127 |        260 |        260 |       0 |    0 |    95 |      0 |      0 |    0 |          0 |
|             i_input_buffer                                                           |                  fifo_v3__parameterized13_1128 |        322 |        322 |       0 |    0 |   330 |      0 |      0 |    0 |          0 |
|           i_operand_queue_mask_b                                                     |                  operand_queue__parameterized5 |        435 |        435 |       0 |    0 |   281 |      0 |      0 |    0 |          0 |
|             (i_operand_queue_mask_b)                                                 |                  operand_queue__parameterized5 |          9 |          9 |       0 |    0 |    18 |      0 |      0 |    0 |          0 |
|             i_cmd_buffer                                                             |                       fifo_v3__parameterized16 |        180 |        180 |       0 |    0 |    64 |      0 |      0 |    0 |          0 |
|             i_input_buffer                                                           |                       fifo_v3__parameterized17 |        248 |        248 |       0 |    0 |   199 |      0 |      0 |    0 |          0 |
|           i_operand_queue_mask_m                                                     |                  operand_queue__parameterized6 |          7 |          7 |       0 |    0 |    68 |      0 |      0 |    0 |          0 |
|             (i_operand_queue_mask_m)                                                 |                  operand_queue__parameterized6 |          3 |          3 |       0 |    0 |     2 |      0 |      0 |    0 |          0 |
|             i_input_buffer                                                           |                       fifo_v3__parameterized19 |          4 |          4 |       0 |    0 |    66 |      0 |      0 |    0 |          0 |
|           i_operand_queue_mfpu_a                                                     |                  operand_queue__parameterized1 |        427 |        427 |       0 |    0 |   446 |      0 |      0 |    0 |          0 |
|             (i_operand_queue_mfpu_a)                                                 |                  operand_queue__parameterized1 |          8 |          8 |       0 |    0 |    17 |      0 |      0 |    0 |          0 |
|             i_cmd_buffer                                                             |                  fifo_v3__parameterized12_1125 |        224 |        224 |       0 |    0 |    99 |      0 |      0 |    0 |          0 |
|             i_input_buffer                                                           |                  fifo_v3__parameterized13_1126 |        199 |        199 |       0 |    0 |   330 |      0 |      0 |    0 |          0 |
|           i_operand_queue_mfpu_b                                                     |                  operand_queue__parameterized2 |        513 |        513 |       0 |    0 |   446 |      0 |      0 |    0 |          0 |
|             (i_operand_queue_mfpu_b)                                                 |                  operand_queue__parameterized2 |         14 |         14 |       0 |    0 |    17 |      0 |      0 |    0 |          0 |
|             i_cmd_buffer                                                             |                  fifo_v3__parameterized12_1123 |        272 |        272 |       0 |    0 |    99 |      0 |      0 |    0 |          0 |
|             i_input_buffer                                                           |                  fifo_v3__parameterized13_1124 |        242 |        242 |       0 |    0 |   330 |      0 |      0 |    0 |          0 |
|           i_operand_queue_mfpu_c                                                     |             operand_queue__parameterized2_1120 |        530 |        530 |       0 |    0 |   446 |      0 |      0 |    0 |          0 |
|             (i_operand_queue_mfpu_c)                                                 |             operand_queue__parameterized2_1120 |          8 |          8 |       0 |    0 |    17 |      0 |      0 |    0 |          0 |
|             i_cmd_buffer                                                             |                  fifo_v3__parameterized12_1122 |        289 |        289 |       0 |    0 |    99 |      0 |      0 |    0 |          0 |
|             i_input_buffer                                                           |                       fifo_v3__parameterized13 |        243 |        243 |       0 |    0 |   330 |      0 |      0 |    0 |          0 |
|           i_operand_queue_slide_addrgen_a                                            |                  operand_queue__parameterized4 |        138 |        138 |       0 |    0 |   229 |      0 |      0 |    0 |          0 |
|             (i_operand_queue_slide_addrgen_a)                                        |                  operand_queue__parameterized4 |          3 |          3 |       0 |    0 |    14 |      0 |      0 |    0 |          0 |
|             i_cmd_buffer                                                             |                       fifo_v3__parameterized12 |         74 |         74 |       0 |    0 |    83 |      0 |      0 |    0 |          0 |
|             i_input_buffer                                                           |                  fifo_v3__parameterized15_1121 |         62 |         62 |       0 |    0 |   132 |      0 |      0 |    0 |          0 |
|           i_operand_queue_st_mask_a                                                  |                  operand_queue__parameterized3 |        380 |        380 |       0 |    0 |   251 |      0 |      0 |    0 |          0 |
|             (i_operand_queue_st_mask_a)                                              |                  operand_queue__parameterized3 |          3 |          3 |       0 |    0 |    14 |      0 |      0 |    0 |          0 |
|             i_cmd_buffer                                                             |                       fifo_v3__parameterized14 |         86 |         86 |       0 |    0 |   105 |      0 |      0 |    0 |          0 |
|             i_input_buffer                                                           |                       fifo_v3__parameterized15 |        292 |        292 |       0 |    0 |   132 |      0 |      0 |    0 |          0 |
|         i_operand_requester                                                          |                              operand_requester |       3608 |       3608 |       0 |    0 |   736 |      0 |      0 |    0 |          0 |
|           (i_operand_requester)                                                      |                              operand_requester |       1857 |       1857 |       0 |    0 |   433 |      0 |      0 |    0 |          0 |
|           gen_vrf_arbiters[0].i_hp_vrf_arbiter                                       |                    rr_arb_tree__parameterized9 |         40 |         40 |       0 |    0 |     3 |      0 |      0 |    0 |          0 |
|           gen_vrf_arbiters[0].i_lp_vrf_arbiter                                       |               rr_arb_tree__parameterized9_1103 |        112 |        112 |       0 |    0 |     3 |      0 |      0 |    0 |          0 |
|           gen_vrf_arbiters[1].i_hp_vrf_arbiter                                       |               rr_arb_tree__parameterized9_1104 |         37 |         37 |       0 |    0 |     3 |      0 |      0 |    0 |          0 |
|           gen_vrf_arbiters[1].i_lp_vrf_arbiter                                       |               rr_arb_tree__parameterized9_1105 |        111 |        111 |       0 |    0 |     3 |      0 |      0 |    0 |          0 |
|           gen_vrf_arbiters[2].i_hp_vrf_arbiter                                       |               rr_arb_tree__parameterized9_1106 |         40 |         40 |       0 |    0 |     3 |      0 |      0 |    0 |          0 |
|           gen_vrf_arbiters[2].i_lp_vrf_arbiter                                       |               rr_arb_tree__parameterized9_1107 |        111 |        111 |       0 |    0 |     3 |      0 |      0 |    0 |          0 |
|           gen_vrf_arbiters[3].i_hp_vrf_arbiter                                       |               rr_arb_tree__parameterized9_1108 |         40 |         40 |       0 |    0 |     3 |      0 |      0 |    0 |          0 |
|           gen_vrf_arbiters[3].i_lp_vrf_arbiter                                       |               rr_arb_tree__parameterized9_1109 |        112 |        112 |       0 |    0 |     3 |      0 |      0 |    0 |          0 |
|           gen_vrf_arbiters[4].i_hp_vrf_arbiter                                       |               rr_arb_tree__parameterized9_1110 |         37 |         37 |       0 |    0 |     3 |      0 |      0 |    0 |          0 |
|           gen_vrf_arbiters[4].i_lp_vrf_arbiter                                       |               rr_arb_tree__parameterized9_1111 |        143 |        143 |       0 |    0 |     3 |      0 |      0 |    0 |          0 |
|           gen_vrf_arbiters[5].i_hp_vrf_arbiter                                       |               rr_arb_tree__parameterized9_1112 |         37 |         37 |       0 |    0 |     3 |      0 |      0 |    0 |          0 |
|           gen_vrf_arbiters[5].i_lp_vrf_arbiter                                       |               rr_arb_tree__parameterized9_1113 |        113 |        113 |       0 |    0 |     3 |      0 |      0 |    0 |          0 |
|           gen_vrf_arbiters[6].i_hp_vrf_arbiter                                       |               rr_arb_tree__parameterized9_1114 |         41 |         41 |       0 |    0 |     3 |      0 |      0 |    0 |          0 |
|           gen_vrf_arbiters[6].i_lp_vrf_arbiter                                       |               rr_arb_tree__parameterized9_1115 |        114 |        114 |       0 |    0 |     3 |      0 |      0 |    0 |          0 |
|           gen_vrf_arbiters[7].i_hp_vrf_arbiter                                       |               rr_arb_tree__parameterized9_1116 |        162 |        162 |       0 |    0 |     3 |      0 |      0 |    0 |          0 |
|           gen_vrf_arbiters[7].i_lp_vrf_arbiter                                       |               rr_arb_tree__parameterized9_1117 |        116 |        116 |       0 |    0 |     3 |      0 |      0 |    0 |          0 |
|           i_ldu_stream_register                                                      |                stream_register__parameterized0 |         13 |         13 |       0 |    0 |    85 |      0 |      0 |    0 |          0 |
|           i_masku_stream_register                                                    |           stream_register__parameterized0_1118 |        409 |        409 |       0 |    0 |    85 |      0 |      0 |    0 |          0 |
|           i_sldu_stream_register                                                     |           stream_register__parameterized0_1119 |         20 |         20 |       0 |    0 |    85 |      0 |      0 |    0 |          0 |
|         i_sldu_addrgen_arbiter                                                       |                       fifo_v3__parameterized20 |        143 |        143 |       0 |    0 |    26 |      0 |      0 |    0 |          0 |
|         i_vfus                                                                       |                               vector_fus_stage |      17132 |      17132 |       0 |    0 |  4824 |      0 |      0 |    0 |         52 |
|           i_valu                                                                     |                                           valu |       6656 |       6656 |       0 |    0 |  1030 |      0 |      0 |    0 |          0 |
|             (i_valu)                                                                 |                                           valu |       1278 |       1278 |       0 |    0 |   770 |      0 |      0 |    0 |          0 |
|             i_alu_reduction_spill_register                                           |           spill_register__parameterized31_1099 |       5102 |       5102 |       0 |    0 |   130 |      0 |      0 |    0 |          0 |
|               spill_register_flushable_i                                             | spill_register_flushable__parameterized31_1102 |       5102 |       5102 |       0 |    0 |   130 |      0 |      0 |    0 |          0 |
|             i_mask_operand_register                                                  |           spill_register__parameterized31_1100 |        303 |        303 |       0 |    0 |   130 |      0 |      0 |    0 |          0 |
|               spill_register_flushable_i                                             | spill_register_flushable__parameterized31_1101 |        303 |        303 |       0 |    0 |   130 |      0 |      0 |    0 |          0 |
|           i_vmfpu                                                                    |                                          vmfpu |      10477 |      10477 |       0 |    0 |  3794 |      0 |      0 |    0 |         52 |
|             (i_vmfpu)                                                                |                                          vmfpu |        785 |        785 |       0 |    0 |  1284 |      0 |      0 |    0 |          0 |
|             fpu_gen.i_fpnew_bulk                                                     |                                      fpnew_top |       5719 |       5719 |       0 |    0 |  1183 |      0 |      0 |    0 |          4 |
|               gen_operation_groups[0].i_opgroup_block                                |                            fpnew_opgroup_block |       3429 |       3429 |       0 |    0 |   658 |      0 |      0 |    0 |          4 |
|                 gen_parallel_slices[2].active_format.i_fmt_slice                     |                        fpnew_opgroup_fmt_slice |       3429 |       3429 |       0 |    0 |   658 |      0 |      0 |    0 |          4 |
|                   gen_num_lanes[0].active_lane.lane_instance.i_fma                   |                                      fpnew_fma |       1098 |       1098 |       0 |    0 |   184 |      0 |      0 |    0 |          1 |
|                   gen_num_lanes[1].active_lane.lane_instance.i_fma                   |                                 fpnew_fma_1096 |        794 |        794 |       0 |    0 |   158 |      0 |      0 |    0 |          1 |
|                   gen_num_lanes[2].active_lane.lane_instance.i_fma                   |                                 fpnew_fma_1097 |        771 |        771 |       0 |    0 |   158 |      0 |      0 |    0 |          1 |
|                   gen_num_lanes[3].active_lane.lane_instance.i_fma                   |                                 fpnew_fma_1098 |        833 |        833 |       0 |    0 |   158 |      0 |      0 |    0 |          1 |
|               gen_operation_groups[2].i_opgroup_block                                |            fpnew_opgroup_block__parameterized1 |        486 |        486 |       0 |    0 |   180 |      0 |      0 |    0 |          0 |
|                 gen_parallel_slices[2].active_format.i_fmt_slice                     |        fpnew_opgroup_fmt_slice__parameterized0 |        486 |        486 |       0 |    0 |   180 |      0 |      0 |    0 |          0 |
|                   gen_num_lanes[0].active_lane.lane_instance.i_noncomp               |                                  fpnew_noncomp |        141 |        141 |       0 |    0 |    51 |      0 |      0 |    0 |          0 |
|                   gen_num_lanes[1].active_lane.lane_instance.i_noncomp               |                             fpnew_noncomp_1093 |        122 |        122 |       0 |    0 |    43 |      0 |      0 |    0 |          0 |
|                   gen_num_lanes[2].active_lane.lane_instance.i_noncomp               |                             fpnew_noncomp_1094 |        124 |        124 |       0 |    0 |    43 |      0 |      0 |    0 |          0 |
|                   gen_num_lanes[3].active_lane.lane_instance.i_noncomp               |                             fpnew_noncomp_1095 |        102 |        102 |       0 |    0 |    43 |      0 |      0 |    0 |          0 |
|               gen_operation_groups[3].i_opgroup_block                                |            fpnew_opgroup_block__parameterized2 |       1849 |       1849 |       0 |    0 |   343 |      0 |      0 |    0 |          0 |
|                 gen_merged_slice.i_multifmt_slice                                    |                   fpnew_opgroup_multifmt_slice |       1849 |       1849 |       0 |    0 |   343 |      0 |      0 |    0 |          0 |
|                   gen_num_lanes[0].active_lane.lane_instance.i_fpnew_cast_multi      |                               fpnew_cast_multi |        834 |        834 |       0 |    0 |   103 |      0 |      0 |    0 |          0 |
|                   gen_num_lanes[1].active_lane.lane_instance.i_fpnew_cast_multi      |                          fpnew_cast_multi_1090 |        383 |        383 |       0 |    0 |    80 |      0 |      0 |    0 |          0 |
|                   gen_num_lanes[2].active_lane.lane_instance.i_fpnew_cast_multi      |                          fpnew_cast_multi_1091 |        314 |        314 |       0 |    0 |    80 |      0 |      0 |    0 |          0 |
|                   gen_num_lanes[3].active_lane.lane_instance.i_fpnew_cast_multi      |                          fpnew_cast_multi_1092 |        336 |        336 |       0 |    0 |    80 |      0 |      0 |    0 |          0 |
|               i_arbiter                                                              |                   rr_arb_tree__parameterized13 |         20 |         20 |       0 |    0 |     2 |      0 |      0 |    0 |          0 |
|             genblk1[0].i_simd_mul_gating_op_a                                        |                           power_gating_generic |         32 |         32 |       0 |    0 |     0 |      0 |      0 |    0 |          0 |
|             genblk1[0].i_simd_mul_gating_op_b                                        |                      power_gating_generic_1075 |         32 |         32 |       0 |    0 |     0 |      0 |      0 |    0 |          0 |
|             genblk1[0].i_simd_mul_gating_op_c                                        |                      power_gating_generic_1076 |         15 |         15 |       0 |    0 |     0 |      0 |      0 |    0 |          0 |
|             genblk1[1].i_simd_mul_gating_op_a                                        |                      power_gating_generic_1077 |         32 |         32 |       0 |    0 |     0 |      0 |      0 |    0 |          0 |
|             genblk1[1].i_simd_mul_gating_op_b                                        |                      power_gating_generic_1078 |         32 |         32 |       0 |    0 |     0 |      0 |      0 |    0 |          0 |
|             genblk1[1].i_simd_mul_gating_op_c                                        |                      power_gating_generic_1079 |         32 |         32 |       0 |    0 |     0 |      0 |      0 |    0 |          0 |
|             genblk1[2].i_simd_mul_gating_op_a                                        |                      power_gating_generic_1080 |         32 |         32 |       0 |    0 |     0 |      0 |      0 |    0 |          0 |
|             genblk1[2].i_simd_mul_gating_op_b                                        |                      power_gating_generic_1081 |         32 |         32 |       0 |    0 |     0 |      0 |      0 |    0 |          0 |
|             genblk1[2].i_simd_mul_gating_op_c                                        |                      power_gating_generic_1082 |         32 |         32 |       0 |    0 |     0 |      0 |      0 |    0 |          0 |
|             genblk1[3].i_simd_mul_gating_op_a                                        |                      power_gating_generic_1083 |         32 |         32 |       0 |    0 |     0 |      0 |      0 |    0 |          0 |
|             genblk1[3].i_simd_mul_gating_op_b                                        |                      power_gating_generic_1084 |         32 |         32 |       0 |    0 |     0 |      0 |      0 |    0 |          0 |
|             genblk1[3].i_simd_mul_gating_op_c                                        |                      power_gating_generic_1085 |         32 |         32 |       0 |    0 |     0 |      0 |      0 |    0 |          0 |
|             i_mask_operand_register                                                  |           spill_register__parameterized31_1086 |        146 |        146 |       0 |    0 |   130 |      0 |      0 |    0 |          0 |
|               spill_register_flushable_i                                             | spill_register_flushable__parameterized31_1089 |        146 |        146 |       0 |    0 |   130 |      0 |      0 |    0 |          0 |
|             i_mfpu_reduction_spill_register                                          |           spill_register__parameterized31_1087 |        383 |        383 |       0 |    0 |   130 |      0 |      0 |    0 |          0 |
|               spill_register_flushable_i                                             | spill_register_flushable__parameterized31_1088 |        383 |        383 |       0 |    0 |   130 |      0 |      0 |    0 |          0 |
|             i_simd_div                                                               |                                       simd_div |       1513 |       1513 |       0 |    0 |   439 |      0 |      0 |    0 |          0 |
|               (i_simd_div)                                                           |                                       simd_div |        565 |        565 |       0 |    0 |   232 |      0 |      0 |    0 |          0 |
|               i_serdiv                                                               |                                         serdiv |        952 |        952 |       0 |    0 |   207 |      0 |      0 |    0 |          0 |
|             i_simd_mul_ew16                                                          |                       simd_mul__parameterized1 |        254 |        254 |       0 |    0 |   209 |      0 |      0 |    0 |          8 |
|             i_simd_mul_ew32                                                          |                       simd_mul__parameterized0 |        612 |        612 |       0 |    0 |   209 |      0 |      0 |    0 |          8 |
|             i_simd_mul_ew64                                                          |                                       simd_mul |        524 |        524 |       0 |    0 |   210 |      0 |      0 |    0 |         16 |
|             i_simd_mul_ew8                                                           |                       simd_mul__parameterized2 |        302 |        302 |       0 |    0 |     0 |      0 |      0 |    0 |         16 |
|         i_vrf                                                                        |                                 vector_regfile |       2254 |       2254 |       0 |    0 |    67 |     16 |      0 |    0 |          0 |
|           (i_vrf)                                                                    |                                 vector_regfile |         54 |         54 |       0 |    0 |    40 |      0 |      0 |    0 |          0 |
|           gen_banks[0].data_sram                                                     |                        tc_sram__parameterized1 |         34 |         34 |       0 |    0 |     0 |      2 |      0 |    0 |          0 |
|             (gen_banks[0].data_sram)                                                 |                        tc_sram__parameterized1 |          4 |          4 |       0 |    0 |     0 |      0 |      0 |    0 |          0 |
|             gen_1_ports.i_xpm_memory_spram                                           |          xpm_memory_spram__parameterized1_1074 |         30 |         30 |       0 |    0 |     0 |      2 |      0 |    0 |          0 |
|               xpm_memory_base_inst                                                   |            xpm_memory_base__parameterized1__15 |         30 |         30 |       0 |    0 |     0 |      2 |      0 |    0 |          0 |
|           gen_banks[1].data_sram                                                     |                   tc_sram__parameterized1_1053 |         34 |         34 |       0 |    0 |     0 |      2 |      0 |    0 |          0 |
|             (gen_banks[1].data_sram)                                                 |                   tc_sram__parameterized1_1053 |          4 |          4 |       0 |    0 |     0 |      0 |      0 |    0 |          0 |
|             gen_1_ports.i_xpm_memory_spram                                           |          xpm_memory_spram__parameterized1_1073 |         30 |         30 |       0 |    0 |     0 |      2 |      0 |    0 |          0 |
|               xpm_memory_base_inst                                                   |            xpm_memory_base__parameterized1__14 |         30 |         30 |       0 |    0 |     0 |      2 |      0 |    0 |          0 |
|           gen_banks[2].data_sram                                                     |                   tc_sram__parameterized1_1054 |         34 |         34 |       0 |    0 |     0 |      2 |      0 |    0 |          0 |
|             (gen_banks[2].data_sram)                                                 |                   tc_sram__parameterized1_1054 |          4 |          4 |       0 |    0 |     0 |      0 |      0 |    0 |          0 |
|             gen_1_ports.i_xpm_memory_spram                                           |          xpm_memory_spram__parameterized1_1072 |         30 |         30 |       0 |    0 |     0 |      2 |      0 |    0 |          0 |
|               xpm_memory_base_inst                                                   |            xpm_memory_base__parameterized1__13 |         30 |         30 |       0 |    0 |     0 |      2 |      0 |    0 |          0 |
|           gen_banks[3].data_sram                                                     |                   tc_sram__parameterized1_1055 |         34 |         34 |       0 |    0 |     0 |      2 |      0 |    0 |          0 |
|             (gen_banks[3].data_sram)                                                 |                   tc_sram__parameterized1_1055 |          4 |          4 |       0 |    0 |     0 |      0 |      0 |    0 |          0 |
|             gen_1_ports.i_xpm_memory_spram                                           |          xpm_memory_spram__parameterized1_1071 |         30 |         30 |       0 |    0 |     0 |      2 |      0 |    0 |          0 |
|               xpm_memory_base_inst                                                   |            xpm_memory_base__parameterized1__12 |         30 |         30 |       0 |    0 |     0 |      2 |      0 |    0 |          0 |
|           gen_banks[4].data_sram                                                     |                   tc_sram__parameterized1_1056 |         34 |         34 |       0 |    0 |     0 |      2 |      0 |    0 |          0 |
|             (gen_banks[4].data_sram)                                                 |                   tc_sram__parameterized1_1056 |          4 |          4 |       0 |    0 |     0 |      0 |      0 |    0 |          0 |
|             gen_1_ports.i_xpm_memory_spram                                           |          xpm_memory_spram__parameterized1_1070 |         30 |         30 |       0 |    0 |     0 |      2 |      0 |    0 |          0 |
|               xpm_memory_base_inst                                                   |            xpm_memory_base__parameterized1__11 |         30 |         30 |       0 |    0 |     0 |      2 |      0 |    0 |          0 |
|           gen_banks[5].data_sram                                                     |                   tc_sram__parameterized1_1057 |         34 |         34 |       0 |    0 |     0 |      2 |      0 |    0 |          0 |
|             (gen_banks[5].data_sram)                                                 |                   tc_sram__parameterized1_1057 |          4 |          4 |       0 |    0 |     0 |      0 |      0 |    0 |          0 |
|             gen_1_ports.i_xpm_memory_spram                                           |          xpm_memory_spram__parameterized1_1069 |         30 |         30 |       0 |    0 |     0 |      2 |      0 |    0 |          0 |
|               xpm_memory_base_inst                                                   |            xpm_memory_base__parameterized1__10 |         30 |         30 |       0 |    0 |     0 |      2 |      0 |    0 |          0 |
|           gen_banks[6].data_sram                                                     |                   tc_sram__parameterized1_1058 |         34 |         34 |       0 |    0 |     0 |      2 |      0 |    0 |          0 |
|             (gen_banks[6].data_sram)                                                 |                   tc_sram__parameterized1_1058 |          4 |          4 |       0 |    0 |     0 |      0 |      0 |    0 |          0 |
|             gen_1_ports.i_xpm_memory_spram                                           |          xpm_memory_spram__parameterized1_1068 |         30 |         30 |       0 |    0 |     0 |      2 |      0 |    0 |          0 |
|               xpm_memory_base_inst                                                   |             xpm_memory_base__parameterized1__9 |         30 |         30 |       0 |    0 |     0 |      2 |      0 |    0 |          0 |
|           gen_banks[7].data_sram                                                     |                   tc_sram__parameterized1_1059 |         34 |         34 |       0 |    0 |     0 |      2 |      0 |    0 |          0 |
|             (gen_banks[7].data_sram)                                                 |                   tc_sram__parameterized1_1059 |          4 |          4 |       0 |    0 |     0 |      0 |      0 |    0 |          0 |
|             gen_1_ports.i_xpm_memory_spram                                           |               xpm_memory_spram__parameterized1 |         30 |         30 |       0 |    0 |     0 |      2 |      0 |    0 |          0 |
|               xpm_memory_base_inst                                                   |             xpm_memory_base__parameterized1__8 |         30 |         30 |       0 |    0 |     0 |      2 |      0 |    0 |          0 |
|           i_vrf_mux                                                                  |                    stream_xbar__parameterized1 |       1933 |       1933 |       0 |    0 |    27 |      0 |      0 |    0 |          0 |
|             gen_outs[0].i_rr_arb_tree                                                |                   rr_arb_tree__parameterized11 |        217 |        217 |       0 |    0 |     3 |      0 |      0 |    0 |          0 |
|             gen_outs[1].i_rr_arb_tree                                                |              rr_arb_tree__parameterized11_1060 |        217 |        217 |       0 |    0 |     3 |      0 |      0 |    0 |          0 |
|             gen_outs[2].i_rr_arb_tree                                                |              rr_arb_tree__parameterized11_1061 |        217 |        217 |       0 |    0 |     3 |      0 |      0 |    0 |          0 |
|             gen_outs[3].i_rr_arb_tree                                                |              rr_arb_tree__parameterized11_1062 |        217 |        217 |       0 |    0 |     3 |      0 |      0 |    0 |          0 |
|             gen_outs[4].i_rr_arb_tree                                                |              rr_arb_tree__parameterized11_1063 |        217 |        217 |       0 |    0 |     3 |      0 |      0 |    0 |          0 |
|             gen_outs[5].i_rr_arb_tree                                                |              rr_arb_tree__parameterized11_1064 |        213 |        213 |       0 |    0 |     3 |      0 |      0 |    0 |          0 |
|             gen_outs[6].i_rr_arb_tree                                                |              rr_arb_tree__parameterized11_1065 |        217 |        217 |       0 |    0 |     3 |      0 |      0 |    0 |          0 |
|             gen_outs[7].i_rr_arb_tree                                                |              rr_arb_tree__parameterized11_1066 |        213 |        213 |       0 |    0 |     3 |      0 |      0 |    0 |          0 |
|             gen_outs[8].i_rr_arb_tree                                                |              rr_arb_tree__parameterized11_1067 |        213 |        213 |       0 |    0 |     3 |      0 |      0 |    0 |          0 |
|       i_dispatcher                                                                   |                                 ara_dispatcher |       1379 |       1379 |       0 |    0 |   596 |      0 |      0 |    0 |          0 |
|         (i_dispatcher)                                                               |                                 ara_dispatcher |        747 |        747 |       0 |    0 |   430 |      0 |      0 |    0 |          0 |
|         i_segment_sequencer                                                          |                              segment_sequencer |        640 |        640 |       0 |    0 |   166 |      0 |      0 |    0 |          0 |
|           (i_segment_sequencer)                                                      |                              segment_sequencer |        276 |        276 |       0 |    0 |   151 |      0 |      0 |    0 |          0 |
|           gen_segment_support.i_segment_cnt                                          |                   counter__parameterized4_1050 |        310 |        310 |       0 |    0 |     3 |      0 |      0 |    0 |          0 |
|             i_counter                                                                |             delta_counter__parameterized4_1051 |        310 |        310 |       0 |    0 |     3 |      0 |      0 |    0 |          0 |
|           gen_segment_support.i_vstart_cnt                                           |                        counter__parameterized6 |         58 |         58 |       0 |    0 |    12 |      0 |      0 |    0 |          0 |
|             i_counter                                                                |                  delta_counter__parameterized6 |         58 |         58 |       0 |    0 |    12 |      0 |      0 |    0 |          0 |
|       i_masku                                                                        |                                          masku |       5502 |       5502 |       0 |    0 |  1381 |      0 |      0 |    0 |          0 |
|         (i_masku)                                                                    |                                          masku |        576 |        576 |       0 |    0 |   733 |      0 |      0 |    0 |          0 |
|         i_fifo_vrgat_idx                                                             |                       fifo_v3__parameterized23 |        848 |        848 |       0 |    0 |    25 |      0 |      0 |    0 |          0 |
|         i_fifo_vrgat_req                                                             |                       fifo_v3__parameterized24 |        372 |        372 |       0 |    0 |    70 |      0 |      0 |    0 |          0 |
|         i_in_m_ready_cnt                                                             |             delta_counter__parameterized3_1038 |          6 |          6 |       0 |    0 |     7 |      0 |      0 |    0 |          0 |
|         i_in_ready_cnt                                                               |             delta_counter__parameterized3_1039 |        178 |        178 |       0 |    0 |     7 |      0 |      0 |    0 |          0 |
|         i_iteration_cnt                                                              |             delta_counter__parameterized3_1040 |         12 |         12 |       0 |    0 |     7 |      0 |      0 |    0 |          0 |
|         i_masku_operands                                                             |                                 masku_operands |       2264 |       2264 |       0 |    0 |   520 |      0 |      0 |    0 |          0 |
|           gen_masku_operands_spill_regs[0].i_spill_register_m                        |           spill_register__parameterized31_1042 |        754 |        754 |       0 |    0 |   130 |      0 |      0 |    0 |          0 |
|             spill_register_flushable_i                                               | spill_register_flushable__parameterized31_1049 |        754 |        754 |       0 |    0 |   130 |      0 |      0 |    0 |          0 |
|           gen_masku_operands_spill_regs[0].i_spill_register_vd                       |           spill_register__parameterized31_1043 |        576 |        576 |       0 |    0 |   130 |      0 |      0 |    0 |          0 |
|             spill_register_flushable_i                                               | spill_register_flushable__parameterized31_1048 |        576 |        576 |       0 |    0 |   130 |      0 |      0 |    0 |          0 |
|           gen_masku_operands_spill_regs[1].i_spill_register_m                        |           spill_register__parameterized31_1044 |        484 |        484 |       0 |    0 |   130 |      0 |      0 |    0 |          0 |
|             spill_register_flushable_i                                               | spill_register_flushable__parameterized31_1047 |        484 |        484 |       0 |    0 |   130 |      0 |      0 |    0 |          0 |
|           gen_masku_operands_spill_regs[1].i_spill_register_vd                       |           spill_register__parameterized31_1045 |        478 |        478 |       0 |    0 |   130 |      0 |      0 |    0 |          0 |
|             spill_register_flushable_i                                               | spill_register_flushable__parameterized31_1046 |        478 |        478 |       0 |    0 |   130 |      0 |      0 |    0 |          0 |
|         i_out_valid_cnt                                                              |             delta_counter__parameterized3_1041 |       1392 |       1392 |       0 |    0 |    12 |      0 |      0 |    0 |          0 |
|         i_popcount                                                                   |                       popcount__parameterized1 |          4 |          4 |       0 |    0 |     0 |      0 |      0 |    0 |          0 |
|       i_sequencer                                                                    |                                  ara_sequencer |       1510 |       1510 |       0 |    0 |   658 |      0 |      0 |    0 |          0 |
|         (i_sequencer)                                                                |                                  ara_sequencer |       1490 |       1490 |       0 |    0 |   640 |      0 |      0 |    0 |          0 |
|         gen_seq_fu_cnt[0].i_insn_queue_cnt                                           |                   counter__parameterized4_1026 |          4 |          4 |       0 |    0 |     3 |      0 |      0 |    0 |          0 |
|           i_counter                                                                  |             delta_counter__parameterized4_1037 |          4 |          4 |       0 |    0 |     3 |      0 |      0 |    0 |          0 |
|         gen_seq_fu_cnt[1].i_insn_queue_cnt                                           |                   counter__parameterized4_1027 |          3 |          3 |       0 |    0 |     3 |      0 |      0 |    0 |          0 |
|           i_counter                                                                  |             delta_counter__parameterized4_1036 |          3 |          3 |       0 |    0 |     3 |      0 |      0 |    0 |          0 |
|         gen_seq_fu_cnt[2].i_insn_queue_cnt                                           |                   counter__parameterized4_1028 |          3 |          3 |       0 |    0 |     3 |      0 |      0 |    0 |          0 |
|           i_counter                                                                  |             delta_counter__parameterized4_1035 |          3 |          3 |       0 |    0 |     3 |      0 |      0 |    0 |          0 |
|         gen_seq_fu_cnt[3].i_insn_queue_cnt                                           |                   counter__parameterized4_1029 |          2 |          2 |       0 |    0 |     3 |      0 |      0 |    0 |          0 |
|           i_counter                                                                  |             delta_counter__parameterized4_1034 |          2 |          2 |       0 |    0 |     3 |      0 |      0 |    0 |          0 |
|         gen_seq_fu_cnt[4].i_insn_queue_cnt                                           |                   counter__parameterized4_1030 |          4 |          4 |       0 |    0 |     3 |      0 |      0 |    0 |          0 |
|           i_counter                                                                  |             delta_counter__parameterized4_1033 |          4 |          4 |       0 |    0 |     3 |      0 |      0 |    0 |          0 |
|         gen_seq_fu_cnt[5].i_insn_queue_cnt                                           |                   counter__parameterized4_1031 |          4 |          4 |       0 |    0 |     3 |      0 |      0 |    0 |          0 |
|           i_counter                                                                  |             delta_counter__parameterized4_1032 |          4 |          4 |       0 |    0 |     3 |      0 |      0 |    0 |          0 |
|       i_sldu                                                                         |                                           sldu |       3702 |       3702 |       0 |    0 |  1099 |      0 |      0 |    0 |          0 |
|         (i_sldu)                                                                     |                                           sldu |        759 |        759 |       0 |    0 |   793 |      0 |      0 |    0 |          0 |
|         genblk1[0].i_sldu_spill_register                                             |                spill_register__parameterized31 |        853 |        853 |       0 |    0 |   130 |      0 |      0 |    0 |          0 |
|           spill_register_flushable_i                                                 | spill_register_flushable__parameterized31_1025 |        853 |        853 |       0 |    0 |   130 |      0 |      0 |    0 |          0 |
|         genblk1[1].i_sldu_spill_register                                             |           spill_register__parameterized31_1021 |        708 |        708 |       0 |    0 |   130 |      0 |      0 |    0 |          0 |
|           spill_register_flushable_i                                                 |      spill_register_flushable__parameterized31 |        708 |        708 |       0 |    0 |   130 |      0 |      0 |    0 |          0 |
|         genblk2[0].i_mask_operand_register                                           |                spill_register__parameterized28 |        214 |        214 |       0 |    0 |    18 |      0 |      0 |    0 |          0 |
|           spill_register_flushable_i                                                 | spill_register_flushable__parameterized28_1024 |        214 |        214 |       0 |    0 |    18 |      0 |      0 |    0 |          0 |
|         genblk2[1].i_mask_operand_register                                           |           spill_register__parameterized28_1022 |         77 |         77 |       0 |    0 |    18 |      0 |      0 |    0 |          0 |
|           spill_register_flushable_i                                                 | spill_register_flushable__parameterized28_1023 |         77 |         77 |       0 |    0 |    18 |      0 |      0 |    0 |          0 |
|         i_p2_stride_gen                                                              |                                  p2_stride_gen |       1201 |       1201 |       0 |    0 |    10 |      0 |      0 |    0 |          0 |
|       i_vlsu                                                                         |                                           vlsu |       6128 |       6128 |       0 |    0 |  2358 |      0 |      0 |    0 |          4 |
|         (i_vlsu)                                                                     |                                           vlsu |          0 |          0 |       0 |    0 |     1 |      0 |      0 |    0 |          0 |
|         i_addrgen                                                                    |                                        addrgen |       1921 |       1921 |       0 |    0 |   811 |      0 |      0 |    0 |          3 |
|           (i_addrgen)                                                                |                                        addrgen |       1087 |       1087 |       0 |    0 |   582 |      0 |      0 |    0 |          3 |
|           i_addrgen_idx_op_spill_reg                                                 |      spill_register_flushable__parameterized36 |        618 |        618 |       0 |    0 |    98 |      0 |      0 |    0 |          0 |
|           i_addrgen_req_queue                                                        |                       fifo_v3__parameterized21 |        225 |        225 |       0 |    0 |   131 |      0 |      0 |    0 |          0 |
|         i_axi_cut                                                                    |                        axi_cut__parameterized0 |       1001 |       1001 |       0 |    0 |   524 |      0 |      0 |    0 |          0 |
|           i_reg_ar                                                                   |           spill_register__parameterized34_1011 |        306 |        306 |       0 |    0 |   123 |      0 |      0 |    0 |          0 |
|             spill_register_flushable_i                                               | spill_register_flushable__parameterized34_1020 |        306 |        306 |       0 |    0 |   123 |      0 |      0 |    0 |          0 |
|           i_reg_aw                                                                   |           spill_register__parameterized32_1012 |        302 |        302 |       0 |    0 |   122 |      0 |      0 |    0 |          0 |
|             spill_register_flushable_i                                               | spill_register_flushable__parameterized32_1019 |        302 |        302 |       0 |    0 |   122 |      0 |      0 |    0 |          0 |
|           i_reg_b                                                                    |           spill_register__parameterized33_1013 |          1 |          1 |       0 |    0 |     1 |      0 |      0 |    0 |          0 |
|             spill_register_flushable_i                                               | spill_register_flushable__parameterized33_1018 |          1 |          1 |       0 |    0 |     1 |      0 |      0 |    0 |          0 |
|           i_reg_r                                                                    |           spill_register__parameterized35_1014 |        140 |        140 |       0 |    0 |   130 |      0 |      0 |    0 |          0 |
|             spill_register_flushable_i                                               | spill_register_flushable__parameterized35_1017 |        140 |        140 |       0 |    0 |   130 |      0 |      0 |    0 |          0 |
|           i_reg_w                                                                    |           spill_register__parameterized11_1015 |        252 |        252 |       0 |    0 |   148 |      0 |      0 |    0 |          0 |
|             spill_register_flushable_i                                               | spill_register_flushable__parameterized11_1016 |        252 |        252 |       0 |    0 |   148 |      0 |      0 |    0 |          0 |
|         i_vldu                                                                       |                                           vldu |       2675 |       2675 |       0 |    0 |   649 |      0 |      0 |    0 |          0 |
|           (i_vldu)                                                                   |                                           vldu |       2260 |       2260 |       0 |    0 |   613 |      0 |      0 |    0 |          0 |
|           genblk1[0].i_vldu_mask_register                                            | spill_register_flushable__parameterized28_1009 |         10 |         10 |       0 |    0 |    18 |      0 |      0 |    0 |          0 |
|           genblk1[1].i_vldu_mask_register                                            | spill_register_flushable__parameterized28_1010 |        413 |        413 |       0 |    0 |    18 |      0 |      0 |    0 |          0 |
|         i_vstu                                                                       |                                           vstu |        613 |        613 |       0 |    0 |   373 |      0 |      0 |    0 |          1 |
|           (i_vstu)                                                                   |                                           vstu |        372 |        372 |       0 |    0 |   205 |      0 |      0 |    0 |          1 |
|           gen_regs[0].i_register                                                     |          fall_through_register__parameterized0 |         43 |         43 |       0 |    0 |    66 |      0 |      0 |    0 |          0 |
|             i_fifo                                                                   |                  fifo_v3__parameterized22_1008 |         43 |         43 |       0 |    0 |    66 |      0 |      0 |    0 |          0 |
|           gen_regs[1].i_register                                                     |     fall_through_register__parameterized0_1006 |        141 |        141 |       0 |    0 |    66 |      0 |      0 |    0 |          0 |
|             i_fifo                                                                   |                       fifo_v3__parameterized22 |        141 |        141 |       0 |    0 |    66 |      0 |      0 |    0 |          0 |
|           genblk2[0].i_vstu_mask_register                                            |      spill_register_flushable__parameterized28 |         11 |         11 |       0 |    0 |    18 |      0 |      0 |    0 |          0 |
|           genblk2[1].i_vstu_mask_register                                            | spill_register_flushable__parameterized28_1007 |         48 |         48 |       0 |    0 |    18 |      0 |      0 |    0 |          0 |
|     gen_cva6_cores[0].gen_ara.i_ara_axi_inval_filter                                 |                               axi_inval_filter |        156 |        156 |       0 |    0 |   160 |      0 |      0 |    0 |          0 |
|       (gen_cva6_cores[0].gen_ara.i_ara_axi_inval_filter)                             |                               axi_inval_filter |         33 |         33 |       0 |    0 |    49 |      0 |      0 |    0 |          0 |
|       i_aw_fifo                                                                      |                       fifo_v3__parameterized25 |        123 |        123 |       0 |    0 |   111 |      0 |      0 |    0 |          0 |
|     gen_cva6_cores[0].i_axi_id_serialize                                             |                               axi_id_serialize |        798 |        798 |       0 |    0 |   612 |      0 |      0 |    0 |          0 |
|       gen_serializers[0].i_axi_serializer                                            |                                 axi_serializer |         15 |         15 |       0 |    0 |    22 |      0 |      0 |    0 |          0 |
|         i_rd_id_fifo                                                                 |                  fifo_v3__parameterized26_1003 |          8 |          8 |       0 |    0 |    11 |      0 |      0 |    0 |          0 |
|         i_wr_id_fifo                                                                 |                  fifo_v3__parameterized26_1004 |          7 |          7 |       0 |    0 |    11 |      0 |      0 |    0 |          0 |
|       gen_serializers[1].i_axi_serializer                                            |                             axi_serializer_981 |         15 |         15 |       0 |    0 |    22 |      0 |      0 |    0 |          0 |
|         i_rd_id_fifo                                                                 |                  fifo_v3__parameterized26_1001 |          8 |          8 |       0 |    0 |    11 |      0 |      0 |    0 |          0 |
|         i_wr_id_fifo                                                                 |                  fifo_v3__parameterized26_1002 |          7 |          7 |       0 |    0 |    11 |      0 |      0 |    0 |          0 |
|       gen_serializers[2].i_axi_serializer                                            |                             axi_serializer_982 |         15 |         15 |       0 |    0 |    22 |      0 |      0 |    0 |          0 |
|         i_rd_id_fifo                                                                 |                   fifo_v3__parameterized26_999 |          8 |          8 |       0 |    0 |    11 |      0 |      0 |    0 |          0 |
|         i_wr_id_fifo                                                                 |                  fifo_v3__parameterized26_1000 |          7 |          7 |       0 |    0 |    11 |      0 |      0 |    0 |          0 |
|       gen_serializers[3].i_axi_serializer                                            |                             axi_serializer_983 |         16 |         16 |       0 |    0 |    22 |      0 |      0 |    0 |          0 |
|         i_rd_id_fifo                                                                 |                       fifo_v3__parameterized26 |          9 |          9 |       0 |    0 |    11 |      0 |      0 |    0 |          0 |
|         i_wr_id_fifo                                                                 |                   fifo_v3__parameterized26_998 |          7 |          7 |       0 |    0 |    11 |      0 |      0 |    0 |          0 |
|       i_axi_demux                                                                    |                      axi_demux__parameterized1 |        144 |        144 |       0 |    0 |   268 |      0 |      0 |    0 |          0 |
|         i_ar_sel_spill_reg                                                           |                spill_register__parameterized37 |          5 |          5 |       0 |    0 |     6 |      0 |      0 |    0 |          0 |
|           spill_register_flushable_i                                                 |  spill_register_flushable__parameterized38_997 |          5 |          5 |       0 |    0 |     6 |      0 |      0 |    0 |          0 |
|         i_ar_spill_reg                                                               |            spill_register__parameterized13_984 |         30 |         30 |       0 |    0 |   110 |      0 |      0 |    0 |          0 |
|           spill_register_flushable_i                                                 |  spill_register_flushable__parameterized13_996 |         30 |         30 |       0 |    0 |   110 |      0 |      0 |    0 |          0 |
|         i_aw_select_spill_reg                                                        |            spill_register__parameterized37_985 |          7 |          7 |       0 |    0 |     6 |      0 |      0 |    0 |          0 |
|           spill_register_flushable_i                                                 |      spill_register_flushable__parameterized38 |          7 |          7 |       0 |    0 |     6 |      0 |      0 |    0 |          0 |
|         i_aw_spill_reg                                                               |            spill_register__parameterized10_986 |         31 |         31 |       0 |    0 |   108 |      0 |      0 |    0 |          0 |
|           spill_register_flushable_i                                                 |  spill_register_flushable__parameterized10_995 |         31 |         31 |       0 |    0 |   108 |      0 |      0 |    0 |          0 |
|         i_demux_simple                                                               |               axi_demux_simple__parameterized1 |         72 |         72 |       0 |    0 |    38 |      0 |      0 |    0 |          0 |
|           (i_demux_simple)                                                           |               axi_demux_simple__parameterized1 |          0 |          0 |       0 |    0 |     4 |      0 |      0 |    0 |          0 |
|           gen_ar_id_counter.i_ar_id_counter                                          |          axi_demux_id_counters__parameterized1 |         30 |         30 |       0 |    0 |    12 |      0 |      0 |    0 |          0 |
|             (gen_ar_id_counter.i_ar_id_counter)                                      |          axi_demux_id_counters__parameterized1 |          0 |          0 |       0 |    0 |     4 |      0 |      0 |    0 |          0 |
|             gen_counters[0].i_in_flight_cnt                                          |              delta_counter__parameterized4_993 |         26 |         26 |       0 |    0 |     4 |      0 |      0 |    0 |          0 |
|             gen_counters[1].i_in_flight_cnt                                          |              delta_counter__parameterized4_994 |          5 |          5 |       0 |    0 |     4 |      0 |      0 |    0 |          0 |
|           gen_aw_id_counter.i_aw_id_counter                                          |      axi_demux_id_counters__parameterized1_987 |         13 |         13 |       0 |    0 |    12 |      0 |      0 |    0 |          0 |
|             (gen_aw_id_counter.i_aw_id_counter)                                      |      axi_demux_id_counters__parameterized1_987 |          0 |          0 |       0 |    0 |     4 |      0 |      0 |    0 |          0 |
|             gen_counters[0].i_in_flight_cnt                                          |              delta_counter__parameterized4_991 |          4 |          4 |       0 |    0 |     4 |      0 |      0 |    0 |          0 |
|             gen_counters[1].i_in_flight_cnt                                          |              delta_counter__parameterized4_992 |          9 |          9 |       0 |    0 |     4 |      0 |      0 |    0 |          0 |
|           i_b_mux                                                                    |                   rr_arb_tree__parameterized23 |         20 |         20 |       0 |    0 |     7 |      0 |      0 |    0 |          0 |
|           i_counter_open_w                                                           |                    counter__parameterized4_988 |          9 |          9 |       0 |    0 |     3 |      0 |      0 |    0 |          0 |
|             i_counter                                                                |              delta_counter__parameterized4_990 |          9 |          9 |       0 |    0 |     3 |      0 |      0 |    0 |          0 |
|       i_axi_mux                                                                      |                        axi_mux__parameterized0 |        593 |        593 |       0 |    0 |   256 |      0 |      0 |    0 |          0 |
|         (i_axi_mux)                                                                  |                        axi_mux__parameterized0 |          0 |          0 |       0 |    0 |     1 |      0 |      0 |    0 |          0 |
|         gen_mux.i_ar_arbiter                                                         |                   rr_arb_tree__parameterized25 |          0 |          0 |       0 |    0 |     7 |      0 |      0 |    0 |          0 |
|         gen_mux.i_ar_spill_reg                                                       |                spill_register__parameterized40 |        354 |        354 |       0 |    0 |   116 |      0 |      0 |    0 |          0 |
|           spill_register_flushable_i                                                 |      spill_register_flushable__parameterized41 |        354 |        354 |       0 |    0 |   116 |      0 |      0 |    0 |          0 |
|         gen_mux.i_aw_arbiter                                                         |                   rr_arb_tree__parameterized24 |         14 |         14 |       0 |    0 |     7 |      0 |      0 |    0 |          0 |
|         gen_mux.i_aw_spill_reg                                                       |                spill_register__parameterized38 |        208 |        208 |       0 |    0 |   110 |      0 |      0 |    0 |          0 |
|           spill_register_flushable_i                                                 |      spill_register_flushable__parameterized39 |        208 |        208 |       0 |    0 |   110 |      0 |      0 |    0 |          0 |
|         gen_mux.i_w_fifo                                                             |                       fifo_v3__parameterized27 |         18 |         18 |       0 |    0 |    15 |      0 |      0 |    0 |          0 |
|     gen_cva6_cores[0].i_core_cva6                                                    |                                           cva6 |      34682 |      34682 |       0 |    0 | 21445 |     32 |      0 |    0 |         19 |
|       csr_regfile_i                                                                  |                                    csr_regfile |        596 |        596 |       0 |    0 |  1281 |      0 |      0 |    0 |          0 |
|       ex_stage_i                                                                     |                                       ex_stage |      11484 |      11484 |       0 |    0 |  6513 |      0 |      0 |    0 |         19 |
|         (ex_stage_i)                                                                 |                                       ex_stage |          0 |          0 |       0 |    0 |    81 |      0 |      0 |    0 |          0 |
|         alu_i                                                                        |                                            alu |         14 |         14 |       0 |    0 |     0 |      0 |      0 |    0 |          0 |
|         branch_unit_i                                                                |                                    branch_unit |         21 |         21 |       0 |    0 |     0 |      0 |      0 |    0 |          0 |
|         csr_buffer_i                                                                 |                                     csr_buffer |        997 |        997 |       0 |    0 |    20 |      0 |      0 |    0 |          0 |
|         fpu_gen.fpu_i                                                                |                                       fpu_wrap |       4062 |       4062 |       0 |    0 |  1070 |      0 |      0 |    0 |          3 |
|           (fpu_gen.fpu_i)                                                            |                                       fpu_wrap |       1346 |       1346 |       0 |    0 |   117 |      0 |      0 |    0 |          0 |
|           fpu_gen.i_fpnew_bulk                                                       |                      fpnew_top__parameterized0 |       2911 |       2911 |       0 |    0 |   953 |      0 |      0 |    0 |          3 |
|             gen_operation_groups[0].i_opgroup_block                                  |            fpnew_opgroup_block__parameterized3 |        922 |        922 |       0 |    0 |   318 |      0 |      0 |    0 |          3 |
|               gen_parallel_slices[0].active_format.i_fmt_slice                       |        fpnew_opgroup_fmt_slice__parameterized1 |        704 |        704 |       0 |    0 |   238 |      0 |      0 |    0 |          2 |
|                 gen_num_lanes[0].active_lane.lane_instance.i_fma                     |                      fpnew_fma__parameterized0 |        704 |        704 |       0 |    0 |   238 |      0 |      0 |    0 |          2 |
|               gen_parallel_slices[2].active_format.i_fmt_slice                       |        fpnew_opgroup_fmt_slice__parameterized2 |        217 |        217 |       0 |    0 |    79 |      0 |      0 |    0 |          1 |
|                 gen_num_lanes[0].active_lane.lane_instance.i_fma                     |                      fpnew_fma__parameterized1 |        217 |        217 |       0 |    0 |    79 |      0 |      0 |    0 |          1 |
|               i_arbiter                                                              |               rr_arb_tree__parameterized21_980 |          1 |          1 |       0 |    0 |     1 |      0 |      0 |    0 |          0 |
|             gen_operation_groups[1].i_opgroup_block                                  |            fpnew_opgroup_block__parameterized4 |       1266 |       1266 |       0 |    0 |   373 |      0 |      0 |    0 |          0 |
|               gen_merged_slice.i_multifmt_slice                                      |   fpnew_opgroup_multifmt_slice__parameterized0 |       1266 |       1266 |       0 |    0 |   373 |      0 |      0 |    0 |          0 |
|                 gen_num_lanes[0].active_lane.lane_instance.i_fpnew_divsqrt_multi     |                            fpnew_divsqrt_multi |       1266 |       1266 |       0 |    0 |   373 |      0 |      0 |    0 |          0 |
|                   (gen_num_lanes[0].active_lane.lane_instance.i_fpnew_divsqrt_multi) |                            fpnew_divsqrt_multi |         54 |         54 |       0 |    0 |   133 |      0 |      0 |    0 |          0 |
|                   i_divsqrt_lei                                                      |                               div_sqrt_top_mvp |       1212 |       1212 |       0 |    0 |   240 |      0 |      0 |    0 |          0 |
|                     nrbd_nrsc_U0                                                     |                                  nrbd_nrsc_mvp |        905 |        905 |       0 |    0 |   144 |      0 |      0 |    0 |          0 |
|                       control_U0                                                     |                                    control_mvp |        905 |        905 |       0 |    0 |   144 |      0 |      0 |    0 |          0 |
|                     preprocess_U0                                                    |                                 preprocess_mvp |        315 |        315 |       0 |    0 |    96 |      0 |      0 |    0 |          0 |
|             gen_operation_groups[2].i_opgroup_block                                  |            fpnew_opgroup_block__parameterized5 |        210 |        210 |       0 |    0 |   125 |      0 |      0 |    0 |          0 |
|               gen_parallel_slices[0].active_format.i_fmt_slice                       |        fpnew_opgroup_fmt_slice__parameterized3 |        133 |        133 |       0 |    0 |    77 |      0 |      0 |    0 |          0 |
|                 gen_num_lanes[0].active_lane.lane_instance.i_noncomp                 |                  fpnew_noncomp__parameterized0 |        133 |        133 |       0 |    0 |    77 |      0 |      0 |    0 |          0 |
|               gen_parallel_slices[2].active_format.i_fmt_slice                       |        fpnew_opgroup_fmt_slice__parameterized4 |         75 |         75 |       0 |    0 |    47 |      0 |      0 |    0 |          0 |
|                 gen_num_lanes[0].active_lane.lane_instance.i_noncomp                 |                  fpnew_noncomp__parameterized1 |         75 |         75 |       0 |    0 |    47 |      0 |      0 |    0 |          0 |
|               i_arbiter                                                              |                   rr_arb_tree__parameterized21 |          3 |          3 |       0 |    0 |     1 |      0 |      0 |    0 |          0 |
|             gen_operation_groups[3].i_opgroup_block                                  |            fpnew_opgroup_block__parameterized6 |        493 |        493 |       0 |    0 |   135 |      0 |      0 |    0 |          0 |
|               gen_merged_slice.i_multifmt_slice                                      |   fpnew_opgroup_multifmt_slice__parameterized1 |        493 |        493 |       0 |    0 |   135 |      0 |      0 |    0 |          0 |
|                 gen_num_lanes[0].active_lane.lane_instance.i_fpnew_cast_multi        |               fpnew_cast_multi__parameterized0 |        493 |        493 |       0 |    0 |   135 |      0 |      0 |    0 |          0 |
|             i_arbiter                                                                |                   rr_arb_tree__parameterized22 |         20 |         20 |       0 |    0 |     2 |      0 |      0 |    0 |          0 |
|         i_mult                                                                       |                                           mult |        603 |        603 |       0 |    0 |   324 |      0 |      0 |    0 |         16 |
|           (i_mult)                                                                   |                                           mult |          0 |          0 |       0 |    0 |     1 |      0 |      0 |    0 |          0 |
|           i_div                                                                      |                         serdiv__parameterized0 |        317 |        317 |       0 |    0 |   209 |      0 |      0 |    0 |          0 |
|           i_multiplier                                                               |                                     multiplier |        286 |        286 |       0 |    0 |   114 |      0 |      0 |    0 |         16 |
|         lsu_i                                                                        |                                load_store_unit |       5797 |       5797 |       0 |    0 |  5018 |      0 |      0 |    0 |          0 |
|           (lsu_i)                                                                    |                                load_store_unit |          0 |          0 |       0 |    0 |     5 |      0 |      0 |    0 |          0 |
|           gen_mmu.i_cva6_mmu                                                         |                                       cva6_mmu |       2830 |       2830 |       0 |    0 |  3426 |      0 |      0 |    0 |          0 |
|             (gen_mmu.i_cva6_mmu)                                                     |                                       cva6_mmu |        110 |        110 |       0 |    0 |   116 |      0 |      0 |    0 |          0 |
|             i_dtlb                                                                   |                                       cva6_tlb |       1096 |       1096 |       0 |    0 |  1535 |      0 |      0 |    0 |          0 |
|             i_itlb                                                                   |                                   cva6_tlb_979 |       1252 |       1252 |       0 |    0 |  1503 |      0 |      0 |    0 |          0 |
|             i_ptw                                                                    |                                       cva6_ptw |        325 |        325 |       0 |    0 |   204 |      0 |      0 |    0 |          0 |
|             i_shared_tlb                                                             |                                cva6_shared_tlb |         48 |         48 |       0 |    0 |    68 |      0 |      0 |    0 |          0 |
|           i_load_unit                                                                |                                      load_unit |        111 |        111 |       0 |    0 |    37 |      0 |      0 |    0 |          0 |
|           i_pipe_reg_load                                                            |                      shift_reg__parameterized1 |       1172 |       1172 |       0 |    0 |   141 |      0 |      0 |    0 |          0 |
|             i_shift_reg_gated                                                        |                shift_reg_gated__parameterized1 |       1172 |       1172 |       0 |    0 |   141 |      0 |      0 |    0 |          0 |
|           i_store_unit                                                               |                                     store_unit |        722 |        722 |       0 |    0 |  1099 |      0 |      0 |    0 |          0 |
|             (i_store_unit)                                                           |                                     store_unit |        287 |        287 |       0 |    0 |    77 |      0 |      0 |    0 |          0 |
|             store_buffer_i                                                           |                                   store_buffer |        436 |        436 |       0 |    0 |  1022 |      0 |      0 |    0 |          0 |
|           lsu_bypass_i                                                               |                                     lsu_bypass |        978 |        978 |       0 |    0 |   310 |      0 |      0 |    0 |          0 |
|       gen_accelerator.i_acc_dispatcher                                               |                                 acc_dispatcher |       2138 |       2138 |       0 |    0 |   884 |      0 |      0 |    0 |          0 |
|         (gen_accelerator.i_acc_dispatcher)                                           |                                 acc_dispatcher |          1 |          1 |       0 |    0 |    18 |      0 |      0 |    0 |          0 |
|         i_acc_disp_loads                                                             |                    counter__parameterized4_971 |          2 |          2 |       0 |    0 |     3 |      0 |      0 |    0 |          0 |
|           i_counter                                                                  |              delta_counter__parameterized4_978 |          2 |          2 |       0 |    0 |     3 |      0 |      0 |    0 |          0 |
|         i_acc_disp_stores                                                            |                    counter__parameterized4_972 |          2 |          2 |       0 |    0 |     3 |      0 |      0 |    0 |          0 |
|           i_counter                                                                  |              delta_counter__parameterized4_977 |          2 |          2 |       0 |    0 |     3 |      0 |      0 |    0 |          0 |
|         i_acc_insn_queue                                                             |                   cva6_fifo_v3__parameterized3 |        300 |        300 |       0 |    0 |   520 |      0 |      0 |    0 |          0 |
|         i_acc_spec_loads                                                             |                    counter__parameterized4_973 |          2 |          2 |       0 |    0 |     3 |      0 |      0 |    0 |          0 |
|           i_counter                                                                  |              delta_counter__parameterized4_976 |          2 |          2 |       0 |    0 |     3 |      0 |      0 |    0 |          0 |
|         i_acc_spec_stores                                                            |                    counter__parameterized4_974 |          5 |          5 |       0 |    0 |     3 |      0 |      0 |    0 |          0 |
|           i_counter                                                                  |              delta_counter__parameterized4_975 |          5 |          5 |       0 |    0 |     3 |      0 |      0 |    0 |          0 |
|         i_accelerator_req_register                                                   |                spill_register__parameterized36 |       1826 |       1826 |       0 |    0 |   334 |      0 |      0 |    0 |          0 |
|           spill_register_flushable_i                                                 |      spill_register_flushable__parameterized37 |       1826 |       1826 |       0 |    0 |   334 |      0 |      0 |    0 |          0 |
|       gen_cache_wt.i_cache_subsystem                                                 |                             wt_cache_subsystem |       4817 |       4817 |       0 |    0 |  2479 |     32 |      0 |    0 |          0 |
|         i_adapter                                                                    |                                 wt_axi_adapter |        267 |        267 |       0 |    0 |   777 |      0 |      0 |    0 |          0 |
|           (i_adapter)                                                                |                                 wt_axi_adapter |        102 |        102 |       0 |    0 |   399 |      0 |      0 |    0 |          0 |
|           i_axi_shim                                                                 |                                       axi_shim |          4 |          4 |       0 |    0 |     2 |      0 |      0 |    0 |          0 |
|           i_b_fifo                                                                   |                   cva6_fifo_v3__parameterized2 |          7 |          7 |       0 |    0 |     3 |      0 |      0 |    0 |          0 |
|           i_dcache_data_fifo                                                         |                   cva6_fifo_v3__parameterized1 |         79 |         79 |       0 |    0 |   240 |      0 |      0 |    0 |          0 |
|           i_icache_data_fifo                                                         |                   cva6_fifo_v3__parameterized0 |         49 |         49 |       0 |    0 |    96 |      0 |      0 |    0 |          0 |
|           i_rd_dcache_id                                                             |                               cva6_fifo_v3_968 |          8 |          8 |       0 |    0 |    15 |      0 |      0 |    0 |          0 |
|           i_rd_icache_id                                                             |                               cva6_fifo_v3_969 |          3 |          3 |       0 |    0 |     3 |      0 |      0 |    0 |          0 |
|           i_rr_arb_tree                                                              |                   rr_arb_tree__parameterized18 |          4 |          4 |       0 |    0 |     4 |      0 |      0 |    0 |          0 |
|           i_wr_dcache_id                                                             |                               cva6_fifo_v3_970 |         12 |         12 |       0 |    0 |    15 |      0 |      0 |    0 |          0 |
|         i_cva6_icache                                                                |                                    cva6_icache |        356 |        356 |       0 |    0 |   136 |     12 |      0 |    0 |          0 |
|           (i_cva6_icache)                                                            |                                    cva6_icache |         47 |         47 |       0 |    0 |   128 |      0 |      0 |    0 |          0 |
|           gen_sram[0].data_sram                                                      |                     sram_cache__parameterized0 |         33 |         33 |       0 |    0 |     0 |      2 |      0 |    0 |          0 |
|             data_sram                                                                |                       sram__parameterized0_963 |         33 |         33 |       0 |    0 |     0 |      2 |      0 |    0 |          0 |
|               gen_cut[0].i_tc_sram_wrapper                                           |                            tc_sram_wrapper_964 |          0 |          0 |       0 |    0 |     0 |      1 |      0 |    0 |          0 |
|                 i_ram                                                                |                            SyncSpRamBeNx64_967 |          0 |          0 |       0 |    0 |     0 |      1 |      0 |    0 |          0 |
|               gen_cut[1].i_tc_sram_wrapper                                           |                            tc_sram_wrapper_965 |         33 |         33 |       0 |    0 |     0 |      1 |      0 |    0 |          0 |
|                 i_ram                                                                |                            SyncSpRamBeNx64_966 |         33 |         33 |       0 |    0 |     0 |      1 |      0 |    0 |          0 |
|           gen_sram[0].tag_sram                                                       |                                     sram_cache |         58 |         58 |       0 |    0 |     0 |      1 |      0 |    0 |          0 |
|             data_sram                                                                |                                       sram_960 |         58 |         58 |       0 |    0 |     0 |      1 |      0 |    0 |          0 |
|               gen_cut[0].i_tc_sram_wrapper                                           |                            tc_sram_wrapper_961 |         58 |         58 |       0 |    0 |     0 |      1 |      0 |    0 |          0 |
|                 i_ram                                                                |                            SyncSpRamBeNx64_962 |         58 |         58 |       0 |    0 |     0 |      1 |      0 |    0 |          0 |
|           gen_sram[1].data_sram                                                      |                 sram_cache__parameterized0_931 |         33 |         33 |       0 |    0 |     0 |      2 |      0 |    0 |          0 |
|             data_sram                                                                |                       sram__parameterized0_955 |         33 |         33 |       0 |    0 |     0 |      2 |      0 |    0 |          0 |
|               gen_cut[0].i_tc_sram_wrapper                                           |                            tc_sram_wrapper_956 |          0 |          0 |       0 |    0 |     0 |      1 |      0 |    0 |          0 |
|                 i_ram                                                                |                            SyncSpRamBeNx64_959 |          0 |          0 |       0 |    0 |     0 |      1 |      0 |    0 |          0 |
|               gen_cut[1].i_tc_sram_wrapper                                           |                            tc_sram_wrapper_957 |         33 |         33 |       0 |    0 |     0 |      1 |      0 |    0 |          0 |
|                 i_ram                                                                |                            SyncSpRamBeNx64_958 |         33 |         33 |       0 |    0 |     0 |      1 |      0 |    0 |          0 |
|           gen_sram[1].tag_sram                                                       |                                 sram_cache_932 |         18 |         18 |       0 |    0 |     0 |      1 |      0 |    0 |          0 |
|             data_sram                                                                |                                       sram_952 |         18 |         18 |       0 |    0 |     0 |      1 |      0 |    0 |          0 |
|               gen_cut[0].i_tc_sram_wrapper                                           |                            tc_sram_wrapper_953 |         18 |         18 |       0 |    0 |     0 |      1 |      0 |    0 |          0 |
|                 i_ram                                                                |                            SyncSpRamBeNx64_954 |         18 |         18 |       0 |    0 |     0 |      1 |      0 |    0 |          0 |
|           gen_sram[2].data_sram                                                      |                 sram_cache__parameterized0_933 |         33 |         33 |       0 |    0 |     0 |      2 |      0 |    0 |          0 |
|             data_sram                                                                |                       sram__parameterized0_947 |         33 |         33 |       0 |    0 |     0 |      2 |      0 |    0 |          0 |
|               gen_cut[0].i_tc_sram_wrapper                                           |                            tc_sram_wrapper_948 |          0 |          0 |       0 |    0 |     0 |      1 |      0 |    0 |          0 |
|                 i_ram                                                                |                            SyncSpRamBeNx64_951 |          0 |          0 |       0 |    0 |     0 |      1 |      0 |    0 |          0 |
|               gen_cut[1].i_tc_sram_wrapper                                           |                            tc_sram_wrapper_949 |         33 |         33 |       0 |    0 |     0 |      1 |      0 |    0 |          0 |
|                 i_ram                                                                |                            SyncSpRamBeNx64_950 |         33 |         33 |       0 |    0 |     0 |      1 |      0 |    0 |          0 |
|           gen_sram[2].tag_sram                                                       |                                 sram_cache_934 |         19 |         19 |       0 |    0 |     0 |      1 |      0 |    0 |          0 |
|             data_sram                                                                |                                       sram_944 |         19 |         19 |       0 |    0 |     0 |      1 |      0 |    0 |          0 |
|               gen_cut[0].i_tc_sram_wrapper                                           |                            tc_sram_wrapper_945 |         19 |         19 |       0 |    0 |     0 |      1 |      0 |    0 |          0 |
|                 i_ram                                                                |                            SyncSpRamBeNx64_946 |         19 |         19 |       0 |    0 |     0 |      1 |      0 |    0 |          0 |
|           gen_sram[3].data_sram                                                      |                 sram_cache__parameterized0_935 |         72 |         72 |       0 |    0 |     0 |      2 |      0 |    0 |          0 |
|             data_sram                                                                |                           sram__parameterized0 |         72 |         72 |       0 |    0 |     0 |      2 |      0 |    0 |          0 |
|               gen_cut[0].i_tc_sram_wrapper                                           |                            tc_sram_wrapper_940 |          0 |          0 |       0 |    0 |     0 |      1 |      0 |    0 |          0 |
|                 i_ram                                                                |                            SyncSpRamBeNx64_943 |          0 |          0 |       0 |    0 |     0 |      1 |      0 |    0 |          0 |
|               gen_cut[1].i_tc_sram_wrapper                                           |                            tc_sram_wrapper_941 |         72 |         72 |       0 |    0 |     0 |      1 |      0 |    0 |          0 |
|                 i_ram                                                                |                            SyncSpRamBeNx64_942 |         72 |         72 |       0 |    0 |     0 |      1 |      0 |    0 |          0 |
|           gen_sram[3].tag_sram                                                       |                                 sram_cache_936 |         38 |         38 |       0 |    0 |     0 |      1 |      0 |    0 |          0 |
|             data_sram                                                                |                                           sram |         38 |         38 |       0 |    0 |     0 |      1 |      0 |    0 |          0 |
|               gen_cut[0].i_tc_sram_wrapper                                           |                            tc_sram_wrapper_938 |         38 |         38 |       0 |    0 |     0 |      1 |      0 |    0 |          0 |
|                 i_ram                                                                |                            SyncSpRamBeNx64_939 |         38 |         38 |       0 |    0 |     0 |      1 |      0 |    0 |          0 |
|           i_lfsr                                                                     |                                       lfsr_937 |          7 |          7 |       0 |    0 |     8 |      0 |      0 |    0 |          0 |
|         i_wt_dcache                                                                  |                                      wt_dcache |       4195 |       4195 |       0 |    0 |  1566 |     20 |      0 |    0 |          0 |
|           gen_rd_ports[0].i_wt_dcache_ctrl                                           |                                 wt_dcache_ctrl |        174 |        174 |       0 |    0 |    63 |      0 |      0 |    0 |          0 |
|           gen_rd_ports[1].i_wt_dcache_ctrl                                           |                 wt_dcache_ctrl__parameterized0 |        140 |        140 |       0 |    0 |    68 |      0 |      0 |    0 |          0 |
|           gen_rd_ports[2].i_wt_dcache_ctrl                                           |                             wt_dcache_ctrl_880 |          8 |          8 |       0 |    0 |     9 |      0 |      0 |    0 |          0 |
|           i_wt_dcache_mem                                                            |                                  wt_dcache_mem |        539 |        539 |       0 |    0 |    15 |     20 |      0 |    0 |          0 |
|             (i_wt_dcache_mem)                                                        |                                  wt_dcache_mem |        199 |        199 |       0 |    0 |    13 |      0 |      0 |    0 |          0 |
|             gen_data_banks[0].i_data_sram                                            |                     sram_cache__parameterized1 |          0 |          0 |       0 |    0 |     0 |      4 |      0 |    0 |          0 |
|               data_sram                                                              |                       sram__parameterized1_922 |          0 |          0 |       0 |    0 |     0 |      4 |      0 |    0 |          0 |
|                 gen_cut[0].i_tc_sram_wrapper                                         |                            tc_sram_wrapper_923 |          0 |          0 |       0 |    0 |     0 |      1 |      0 |    0 |          0 |
|                   i_ram                                                              |                            SyncSpRamBeNx64_930 |          0 |          0 |       0 |    0 |     0 |      1 |      0 |    0 |          0 |
|                 gen_cut[1].i_tc_sram_wrapper                                         |                            tc_sram_wrapper_924 |          0 |          0 |       0 |    0 |     0 |      1 |      0 |    0 |          0 |
|                   i_ram                                                              |                            SyncSpRamBeNx64_929 |          0 |          0 |       0 |    0 |     0 |      1 |      0 |    0 |          0 |
|                 gen_cut[2].i_tc_sram_wrapper                                         |                            tc_sram_wrapper_925 |          0 |          0 |       0 |    0 |     0 |      1 |      0 |    0 |          0 |
|                   i_ram                                                              |                            SyncSpRamBeNx64_928 |          0 |          0 |       0 |    0 |     0 |      1 |      0 |    0 |          0 |
|                 gen_cut[3].i_tc_sram_wrapper                                         |                            tc_sram_wrapper_926 |          0 |          0 |       0 |    0 |     0 |      1 |      0 |    0 |          0 |
|                   i_ram                                                              |                            SyncSpRamBeNx64_927 |          0 |          0 |       0 |    0 |     0 |      1 |      0 |    0 |          0 |
|             gen_data_banks[1].i_data_sram                                            |                 sram_cache__parameterized1_881 |          0 |          0 |       0 |    0 |     0 |      4 |      0 |    0 |          0 |
|               data_sram                                                              |                       sram__parameterized1_913 |          0 |          0 |       0 |    0 |     0 |      4 |      0 |    0 |          0 |
|                 gen_cut[0].i_tc_sram_wrapper                                         |                            tc_sram_wrapper_914 |          0 |          0 |       0 |    0 |     0 |      1 |      0 |    0 |          0 |
|                   i_ram                                                              |                            SyncSpRamBeNx64_921 |          0 |          0 |       0 |    0 |     0 |      1 |      0 |    0 |          0 |
|                 gen_cut[1].i_tc_sram_wrapper                                         |                            tc_sram_wrapper_915 |          0 |          0 |       0 |    0 |     0 |      1 |      0 |    0 |          0 |
|                   i_ram                                                              |                            SyncSpRamBeNx64_920 |          0 |          0 |       0 |    0 |     0 |      1 |      0 |    0 |          0 |
|                 gen_cut[2].i_tc_sram_wrapper                                         |                            tc_sram_wrapper_916 |          0 |          0 |       0 |    0 |     0 |      1 |      0 |    0 |          0 |
|                   i_ram                                                              |                            SyncSpRamBeNx64_919 |          0 |          0 |       0 |    0 |     0 |      1 |      0 |    0 |          0 |
|                 gen_cut[3].i_tc_sram_wrapper                                         |                            tc_sram_wrapper_917 |          0 |          0 |       0 |    0 |     0 |      1 |      0 |    0 |          0 |
|                   i_ram                                                              |                            SyncSpRamBeNx64_918 |          0 |          0 |       0 |    0 |     0 |      1 |      0 |    0 |          0 |
|             gen_data_banks[2].i_data_sram                                            |                 sram_cache__parameterized1_882 |          0 |          0 |       0 |    0 |     0 |      4 |      0 |    0 |          0 |
|               data_sram                                                              |                       sram__parameterized1_904 |          0 |          0 |       0 |    0 |     0 |      4 |      0 |    0 |          0 |
|                 gen_cut[0].i_tc_sram_wrapper                                         |                            tc_sram_wrapper_905 |          0 |          0 |       0 |    0 |     0 |      1 |      0 |    0 |          0 |
|                   i_ram                                                              |                            SyncSpRamBeNx64_912 |          0 |          0 |       0 |    0 |     0 |      1 |      0 |    0 |          0 |
|                 gen_cut[1].i_tc_sram_wrapper                                         |                            tc_sram_wrapper_906 |          0 |          0 |       0 |    0 |     0 |      1 |      0 |    0 |          0 |
|                   i_ram                                                              |                            SyncSpRamBeNx64_911 |          0 |          0 |       0 |    0 |     0 |      1 |      0 |    0 |          0 |
|                 gen_cut[2].i_tc_sram_wrapper                                         |                            tc_sram_wrapper_907 |          0 |          0 |       0 |    0 |     0 |      1 |      0 |    0 |          0 |
|                   i_ram                                                              |                            SyncSpRamBeNx64_910 |          0 |          0 |       0 |    0 |     0 |      1 |      0 |    0 |          0 |
|                 gen_cut[3].i_tc_sram_wrapper                                         |                            tc_sram_wrapper_908 |          0 |          0 |       0 |    0 |     0 |      1 |      0 |    0 |          0 |
|                   i_ram                                                              |                            SyncSpRamBeNx64_909 |          0 |          0 |       0 |    0 |     0 |      1 |      0 |    0 |          0 |
|             gen_data_banks[3].i_data_sram                                            |                 sram_cache__parameterized1_883 |        256 |        256 |       0 |    0 |     0 |      4 |      0 |    0 |          0 |
|               data_sram                                                              |                           sram__parameterized1 |        256 |        256 |       0 |    0 |     0 |      4 |      0 |    0 |          0 |
|                 gen_cut[0].i_tc_sram_wrapper                                         |                            tc_sram_wrapper_896 |         64 |         64 |       0 |    0 |     0 |      1 |      0 |    0 |          0 |
|                   i_ram                                                              |                            SyncSpRamBeNx64_903 |         64 |         64 |       0 |    0 |     0 |      1 |      0 |    0 |          0 |
|                 gen_cut[1].i_tc_sram_wrapper                                         |                            tc_sram_wrapper_897 |         64 |         64 |       0 |    0 |     0 |      1 |      0 |    0 |          0 |
|                   i_ram                                                              |                            SyncSpRamBeNx64_902 |         64 |         64 |       0 |    0 |     0 |      1 |      0 |    0 |          0 |
|                 gen_cut[2].i_tc_sram_wrapper                                         |                            tc_sram_wrapper_898 |         64 |         64 |       0 |    0 |     0 |      1 |      0 |    0 |          0 |
|                   i_ram                                                              |                            SyncSpRamBeNx64_901 |         64 |         64 |       0 |    0 |     0 |      1 |      0 |    0 |          0 |
|                 gen_cut[3].i_tc_sram_wrapper                                         |                            tc_sram_wrapper_899 |         64 |         64 |       0 |    0 |     0 |      1 |      0 |    0 |          0 |
|                   i_ram                                                              |                            SyncSpRamBeNx64_900 |         64 |         64 |       0 |    0 |     0 |      1 |      0 |    0 |          0 |
|             gen_tag_srams[0].i_tag_sram                                              |                     sram_cache__parameterized2 |         19 |         19 |       0 |    0 |     0 |      1 |      0 |    0 |          0 |
|               data_sram                                                              |                       sram__parameterized2_893 |         19 |         19 |       0 |    0 |     0 |      1 |      0 |    0 |          0 |
|                 gen_cut[0].i_tc_sram_wrapper                                         |                            tc_sram_wrapper_894 |         19 |         19 |       0 |    0 |     0 |      1 |      0 |    0 |          0 |
|                   i_ram                                                              |                            SyncSpRamBeNx64_895 |         19 |         19 |       0 |    0 |     0 |      1 |      0 |    0 |          0 |
|             gen_tag_srams[1].i_tag_sram                                              |                 sram_cache__parameterized2_884 |         16 |         16 |       0 |    0 |     0 |      1 |      0 |    0 |          0 |
|               data_sram                                                              |                       sram__parameterized2_890 |         16 |         16 |       0 |    0 |     0 |      1 |      0 |    0 |          0 |
|                 gen_cut[0].i_tc_sram_wrapper                                         |                            tc_sram_wrapper_891 |         16 |         16 |       0 |    0 |     0 |      1 |      0 |    0 |          0 |
|                   i_ram                                                              |                            SyncSpRamBeNx64_892 |         16 |         16 |       0 |    0 |     0 |      1 |      0 |    0 |          0 |
|             gen_tag_srams[2].i_tag_sram                                              |                 sram_cache__parameterized2_885 |         16 |         16 |       0 |    0 |     0 |      1 |      0 |    0 |          0 |
|               data_sram                                                              |                       sram__parameterized2_887 |         16 |         16 |       0 |    0 |     0 |      1 |      0 |    0 |          0 |
|                 gen_cut[0].i_tc_sram_wrapper                                         |                            tc_sram_wrapper_888 |         16 |         16 |       0 |    0 |     0 |      1 |      0 |    0 |          0 |
|                   i_ram                                                              |                            SyncSpRamBeNx64_889 |         16 |         16 |       0 |    0 |     0 |      1 |      0 |    0 |          0 |
|             gen_tag_srams[3].i_tag_sram                                              |                 sram_cache__parameterized2_886 |         16 |         16 |       0 |    0 |     0 |      1 |      0 |    0 |          0 |
|               data_sram                                                              |                           sram__parameterized2 |         16 |         16 |       0 |    0 |     0 |      1 |      0 |    0 |          0 |
|                 gen_cut[0].i_tc_sram_wrapper                                         |                                tc_sram_wrapper |         16 |         16 |       0 |    0 |     0 |      1 |      0 |    0 |          0 |
|                   i_ram                                                              |                                SyncSpRamBeNx64 |         16 |         16 |       0 |    0 |     0 |      1 |      0 |    0 |          0 |
|             i_rr_arb_tree                                                            |                   rr_arb_tree__parameterized17 |         18 |         18 |       0 |    0 |     2 |      0 |      0 |    0 |          0 |
|           i_wt_dcache_missunit                                                       |                             wt_dcache_missunit |        801 |        801 |       0 |    0 |    89 |      0 |      0 |    0 |          0 |
|             (i_wt_dcache_missunit)                                                   |                             wt_dcache_missunit |        786 |        786 |       0 |    0 |    81 |      0 |      0 |    0 |          0 |
|             i_lfsr_inv                                                               |                                           lfsr |         16 |         16 |       0 |    0 |     8 |      0 |      0 |    0 |          0 |
|           i_wt_dcache_wbuffer                                                        |                              wt_dcache_wbuffer |       2540 |       2540 |       0 |    0 |  1322 |      0 |      0 |    0 |          0 |
|             (i_wt_dcache_wbuffer)                                                    |                              wt_dcache_wbuffer |       1138 |       1138 |       0 |    0 |  1285 |      0 |      0 |    0 |          0 |
|             i_clean_rr                                                               |                   rr_arb_tree__parameterized16 |        220 |        220 |       0 |    0 |     3 |      0 |      0 |    0 |          0 |
|             i_dirty_rr                                                               |                   rr_arb_tree__parameterized15 |        814 |        814 |       0 |    0 |    12 |      0 |      0 |    0 |          0 |
|             i_rtrn_id_fifo                                                           |                                   cva6_fifo_v3 |        366 |        366 |       0 |    0 |    15 |      0 |      0 |    0 |          0 |
|             i_tx_id_rr                                                               |                   rr_arb_tree__parameterized14 |         13 |         13 |       0 |    0 |     7 |      0 |      0 |    0 |          0 |
|       gen_perf_counter.perf_counters_i                                               |                                  perf_counters |        179 |        179 |       0 |    0 |   414 |      0 |      0 |    0 |          0 |
|       i_frontend                                                                     |                                       frontend |       2474 |       2474 |       0 |    0 |  3949 |      0 |      0 |    0 |          0 |
|         (i_frontend)                                                                 |                                       frontend |          8 |          8 |       0 |    0 |   250 |      0 |      0 |    0 |          0 |
|         bht_gen.i_bht                                                                |                                            bht |        169 |        169 |       0 |    0 |   384 |      0 |      0 |    0 |          0 |
|         btb_gen.i_btb                                                                |                                            btb |        585 |        585 |       0 |    0 |  2080 |      0 |      0 |    0 |          0 |
|         i_instr_queue                                                                |                                    instr_queue |        910 |        910 |       0 |    0 |  1022 |      0 |      0 |    0 |          0 |
|           (i_instr_queue)                                                            |                                    instr_queue |          1 |          1 |       0 |    0 |    68 |      0 |      0 |    0 |          0 |
|           gen_instr_fifo[0].i_fifo_instr_data                                        |                   cva6_fifo_v3__parameterized4 |        712 |        712 |       0 |    0 |   411 |      0 |      0 |    0 |          0 |
|           gen_instr_fifo[1].i_fifo_instr_data                                        |               cva6_fifo_v3__parameterized4_879 |        150 |        150 |       0 |    0 |   411 |      0 |      0 |    0 |          0 |
|           i_fifo_address                                                             |                   cva6_fifo_v3__parameterized5 |         50 |         50 |       0 |    0 |   132 |      0 |      0 |    0 |          0 |
|         i_instr_realign                                                              |                                  instr_realign |        774 |        774 |       0 |    0 |    83 |      0 |      0 |    0 |          0 |
|         ras_gen.i_ras                                                                |                                            ras |         33 |         33 |       0 |    0 |   130 |      0 |      0 |    0 |          0 |
|       id_stage_i                                                                     |                                       id_stage |        698 |        698 |       0 |    0 |   306 |      0 |      0 |    0 |          0 |
|       issue_stage_i                                                                  |                                    issue_stage |      12403 |      12403 |       0 |    0 |  5619 |      0 |      0 |    0 |          0 |
|         i_issue_read_operands                                                        |                            issue_read_operands |       4292 |       4292 |       0 |    0 |  3331 |      0 |      0 |    0 |          0 |
|           (i_issue_read_operands)                                                    |                            issue_read_operands |       2372 |       2372 |       0 |    0 |   323 |      0 |      0 |    0 |          0 |
|           float_regfile_gen.gen_asic_fp_regfile.i_ariane_fp_regfile                  |                 ariane_regfile__parameterized0 |        800 |        800 |       0 |    0 |  1024 |      0 |      0 |    0 |          0 |
|           gen_asic_regfile.i_ariane_regfile                                          |                                 ariane_regfile |       1120 |       1120 |       0 |    0 |  1984 |      0 |      0 |    0 |          0 |
|         i_scoreboard                                                                 |                                     scoreboard |       8112 |       8112 |       0 |    0 |  2288 |      0 |      0 |    0 |          0 |
|     gen_dma.i_dma                                                                    |                                  dma_core_wrap |       2962 |       2962 |       0 |    0 |  3773 |      0 |      0 |    0 |          0 |
|       gen_two_d.i_dma_2d_frontend                                                    |                         idma_reg64_2d_frontend |        242 |        242 |       0 |    0 |   515 |      0 |      0 |    0 |          0 |
|         i_dma_conf_regs                                                              |                 idma_reg64_2d_frontend_reg_top |         89 |         89 |       0 |    0 |   387 |      0 |      0 |    0 |          0 |
|           u_conf_deburst                                                             |                prim_subreg__parameterized4_871 |          1 |          1 |       0 |    0 |     1 |      0 |      0 |    0 |          0 |
|           u_conf_decouple                                                            |                prim_subreg__parameterized4_872 |          1 |          1 |       0 |    0 |     1 |      0 |      0 |    0 |          0 |
|           u_conf_serialize                                                           |                prim_subreg__parameterized4_873 |          1 |          1 |       0 |    0 |     1 |      0 |      0 |    0 |          0 |
|           u_dst_addr                                                                 |                    prim_subreg__parameterized3 |          0 |          0 |       0 |    0 |    64 |      0 |      0 |    0 |          0 |
|           u_num_bytes                                                                |                prim_subreg__parameterized3_874 |         22 |         22 |       0 |    0 |    64 |      0 |      0 |    0 |          0 |
|           u_num_repetitions                                                          |                prim_subreg__parameterized3_875 |         63 |         63 |       0 |    0 |    64 |      0 |      0 |    0 |          0 |
|           u_src_addr                                                                 |                prim_subreg__parameterized3_876 |          0 |          0 |       0 |    0 |    64 |      0 |      0 |    0 |          0 |
|           u_stride_dst                                                               |                prim_subreg__parameterized3_877 |          1 |          1 |       0 |    0 |    64 |      0 |      0 |    0 |          0 |
|           u_stride_src                                                               |                prim_subreg__parameterized3_878 |          0 |          0 |       0 |    0 |    64 |      0 |      0 |    0 |          0 |
|         i_idma_transfer_id_gen                                                       |                           idma_transfer_id_gen |        153 |        153 |       0 |    0 |   128 |      0 |      0 |    0 |          0 |
|       gen_two_d.i_idma_nd_midend                                                     |                                 idma_nd_midend |         94 |         94 |       0 |    0 |   148 |      0 |      0 |    0 |          0 |
|         (gen_two_d.i_idma_nd_midend)                                                 |                                 idma_nd_midend |         94 |         94 |       0 |    0 |   100 |      0 |      0 |    0 |          0 |
|         gen_dim_counters[2].i_num_rep_counter                                        |                                idma_nd_counter |          0 |          0 |       0 |    0 |    48 |      0 |      0 |    0 |          0 |
|       gen_two_d.i_stream_fifo_jobs_twod                                              |                    stream_fifo__parameterized2 |        516 |        516 |       0 |    0 |   589 |      0 |      0 |    0 |          0 |
|         fifo_i                                                                       |                       fifo_v3__parameterized31 |        516 |        516 |       0 |    0 |   589 |      0 |      0 |    0 |          0 |
|       i_axi_translate                                                                |                                     axi_to_reg |        756 |        756 |       0 |    0 |   623 |      0 |      0 |    0 |          0 |
|         i_axi_lite_to_reg                                                            |                                axi_lite_to_reg |        337 |        337 |       0 |    0 |   310 |      0 |      0 |    0 |          0 |
|           i_fifo_read                                                                |                       fifo_v3__parameterized34 |          7 |          7 |       0 |    0 |    18 |      0 |      0 |    0 |          0 |
|           i_fifo_read_resp                                                           |                       fifo_v3__parameterized35 |         69 |         69 |       0 |    0 |   132 |      0 |      0 |    0 |          0 |
|           i_fifo_write_req                                                           |                       fifo_v3__parameterized32 |        253 |        253 |       0 |    0 |   154 |      0 |      0 |    0 |          0 |
|           i_fifo_write_resp                                                          |                       fifo_v3__parameterized33 |          3 |          3 |       0 |    0 |     2 |      0 |      0 |    0 |          0 |
|           i_stream_arbiter                                                           |                                 stream_arbiter |          5 |          5 |       0 |    0 |     4 |      0 |      0 |    0 |          0 |
|             i_arb                                                                    |                       stream_arbiter_flushable |          5 |          5 |       0 |    0 |     4 |      0 |      0 |    0 |          0 |
|               gen_rr_arb.i_arbiter                                                   |                   rr_arb_tree__parameterized26 |          5 |          5 |       0 |    0 |     4 |      0 |      0 |    0 |          0 |
|         i_axi_to_axi_lite                                                            |                                axi_to_axi_lite |        419 |        419 |       0 |    0 |   313 |      0 |      0 |    0 |          0 |
|           i_axi_atop_filter                                                          |                axi_atop_filter__parameterized0 |         25 |         25 |       0 |    0 |    16 |      0 |      0 |    0 |          0 |
|           i_axi_burst_splitter                                                       |                             axi_burst_splitter |        360 |        360 |       0 |    0 |   273 |      0 |      0 |    0 |          0 |
|             (i_axi_burst_splitter)                                                   |                             axi_burst_splitter |          0 |          0 |       0 |    0 |     3 |      0 |      0 |    0 |          0 |
|             i_axi_burst_splitter_ar_chan                                             |     axi_burst_splitter_ax_chan__parameterized0 |         78 |         78 |       0 |    0 |    60 |      0 |      0 |    0 |          0 |
|               (i_axi_burst_splitter_ar_chan)                                         |     axi_burst_splitter_ax_chan__parameterized0 |         19 |         19 |       0 |    0 |    23 |      0 |      0 |    0 |          0 |
|               i_axi_burst_splitter_counters                                          |                axi_burst_splitter_counters_865 |         59 |         59 |       0 |    0 |    37 |      0 |      0 |    0 |          0 |
|                 gen_cnt[0].i_cnt                                                     |                    counter__parameterized8_866 |         17 |         17 |       0 |    0 |     9 |      0 |      0 |    0 |          0 |
|                   i_counter                                                          |              delta_counter__parameterized8_870 |         17 |         17 |       0 |    0 |     9 |      0 |      0 |    0 |          0 |
|                 gen_cnt[1].i_cnt                                                     |                    counter__parameterized8_867 |         11 |         11 |       0 |    0 |     9 |      0 |      0 |    0 |          0 |
|                   i_counter                                                          |              delta_counter__parameterized8_869 |         11 |         11 |       0 |    0 |     9 |      0 |      0 |    0 |          0 |
|                 i_idq                                                                |                                   id_queue_868 |         31 |         31 |       0 |    0 |    19 |      0 |      0 |    0 |          0 |
|             i_axi_burst_splitter_aw_chan                                             |                     axi_burst_splitter_ax_chan |        116 |        116 |       0 |    0 |    61 |      0 |      0 |    0 |          0 |
|               (i_axi_burst_splitter_aw_chan)                                         |                     axi_burst_splitter_ax_chan |         19 |         19 |       0 |    0 |    24 |      0 |      0 |    0 |          0 |
|               i_axi_burst_splitter_counters                                          |                    axi_burst_splitter_counters |         97 |         97 |       0 |    0 |    37 |      0 |      0 |    0 |          0 |
|                 gen_cnt[0].i_cnt                                                     |                        counter__parameterized8 |         21 |         21 |       0 |    0 |     9 |      0 |      0 |    0 |          0 |
|                   i_counter                                                          |              delta_counter__parameterized8_864 |         21 |         21 |       0 |    0 |     9 |      0 |      0 |    0 |          0 |
|                 gen_cnt[1].i_cnt                                                     |                    counter__parameterized8_863 |         12 |         12 |       0 |    0 |     9 |      0 |      0 |    0 |          0 |
|                   i_counter                                                          |                  delta_counter__parameterized8 |         12 |         12 |       0 |    0 |     9 |      0 |      0 |    0 |          0 |
|                 i_idq                                                                |                                       id_queue |         67 |         67 |       0 |    0 |    19 |      0 |      0 |    0 |          0 |
|             i_demux_supported_vs_unsupported                                         |                      axi_demux__parameterized2 |        115 |        115 |       0 |    0 |   108 |      0 |      0 |    0 |          0 |
|               i_demux_simple                                                         |               axi_demux_simple__parameterized2 |        115 |        115 |       0 |    0 |   108 |      0 |      0 |    0 |          0 |
|                 (i_demux_simple)                                                     |               axi_demux_simple__parameterized2 |          0 |          0 |       0 |    0 |     3 |      0 |      0 |    0 |          0 |
|                 gen_ar_id_counter.i_ar_id_counter                                    |          axi_demux_id_counters__parameterized2 |         37 |         37 |       0 |    0 |    48 |      0 |      0 |    0 |          0 |
|                   (gen_ar_id_counter.i_ar_id_counter)                                |          axi_demux_id_counters__parameterized2 |          5 |          5 |       0 |    0 |    16 |      0 |      0 |    0 |          0 |
|                   gen_counters[0].i_in_flight_cnt                                    |              delta_counter__parameterized7_847 |          2 |          2 |       0 |    0 |     2 |      0 |      0 |    0 |          0 |
|                   gen_counters[10].i_in_flight_cnt                                   |              delta_counter__parameterized7_848 |          3 |          3 |       0 |    0 |     2 |      0 |      0 |    0 |          0 |
|                   gen_counters[11].i_in_flight_cnt                                   |              delta_counter__parameterized7_849 |          2 |          2 |       0 |    0 |     2 |      0 |      0 |    0 |          0 |
|                   gen_counters[12].i_in_flight_cnt                                   |              delta_counter__parameterized7_850 |          3 |          3 |       0 |    0 |     2 |      0 |      0 |    0 |          0 |
|                   gen_counters[13].i_in_flight_cnt                                   |              delta_counter__parameterized7_851 |          1 |          1 |       0 |    0 |     2 |      0 |      0 |    0 |          0 |
|                   gen_counters[14].i_in_flight_cnt                                   |              delta_counter__parameterized7_852 |          1 |          1 |       0 |    0 |     2 |      0 |      0 |    0 |          0 |
|                   gen_counters[15].i_in_flight_cnt                                   |              delta_counter__parameterized7_853 |          7 |          7 |       0 |    0 |     2 |      0 |      0 |    0 |          0 |
|                   gen_counters[1].i_in_flight_cnt                                    |              delta_counter__parameterized7_854 |          0 |          0 |       0 |    0 |     2 |      0 |      0 |    0 |          0 |
|                   gen_counters[2].i_in_flight_cnt                                    |              delta_counter__parameterized7_855 |          2 |          2 |       0 |    0 |     2 |      0 |      0 |    0 |          0 |
|                   gen_counters[3].i_in_flight_cnt                                    |              delta_counter__parameterized7_856 |          4 |          4 |       0 |    0 |     2 |      0 |      0 |    0 |          0 |
|                   gen_counters[4].i_in_flight_cnt                                    |              delta_counter__parameterized7_857 |          2 |          2 |       0 |    0 |     2 |      0 |      0 |    0 |          0 |
|                   gen_counters[5].i_in_flight_cnt                                    |              delta_counter__parameterized7_858 |          0 |          0 |       0 |    0 |     2 |      0 |      0 |    0 |          0 |
|                   gen_counters[6].i_in_flight_cnt                                    |              delta_counter__parameterized7_859 |          2 |          2 |       0 |    0 |     2 |      0 |      0 |    0 |          0 |
|                   gen_counters[7].i_in_flight_cnt                                    |              delta_counter__parameterized7_860 |          2 |          2 |       0 |    0 |     2 |      0 |      0 |    0 |          0 |
|                   gen_counters[8].i_in_flight_cnt                                    |              delta_counter__parameterized7_861 |          2 |          2 |       0 |    0 |     2 |      0 |      0 |    0 |          0 |
|                   gen_counters[9].i_in_flight_cnt                                    |              delta_counter__parameterized7_862 |          0 |          0 |       0 |    0 |     2 |      0 |      0 |    0 |          0 |
|                 gen_aw_id_counter.i_aw_id_counter                                    |      axi_demux_id_counters__parameterized2_828 |         42 |         42 |       0 |    0 |    48 |      0 |      0 |    0 |          0 |
|                   (gen_aw_id_counter.i_aw_id_counter)                                |      axi_demux_id_counters__parameterized2_828 |          0 |          0 |       0 |    0 |    16 |      0 |      0 |    0 |          0 |
|                   gen_counters[0].i_in_flight_cnt                                    |              delta_counter__parameterized7_831 |          1 |          1 |       0 |    0 |     2 |      0 |      0 |    0 |          0 |
|                   gen_counters[10].i_in_flight_cnt                                   |              delta_counter__parameterized7_832 |          1 |          1 |       0 |    0 |     2 |      0 |      0 |    0 |          0 |
|                   gen_counters[11].i_in_flight_cnt                                   |              delta_counter__parameterized7_833 |          2 |          2 |       0 |    0 |     2 |      0 |      0 |    0 |          0 |
|                   gen_counters[12].i_in_flight_cnt                                   |              delta_counter__parameterized7_834 |          1 |          1 |       0 |    0 |     2 |      0 |      0 |    0 |          0 |
|                   gen_counters[13].i_in_flight_cnt                                   |              delta_counter__parameterized7_835 |          2 |          2 |       0 |    0 |     2 |      0 |      0 |    0 |          0 |
|                   gen_counters[14].i_in_flight_cnt                                   |              delta_counter__parameterized7_836 |          2 |          2 |       0 |    0 |     2 |      0 |      0 |    0 |          0 |
|                   gen_counters[15].i_in_flight_cnt                                   |              delta_counter__parameterized7_837 |          4 |          4 |       0 |    0 |     2 |      0 |      0 |    0 |          0 |
|                   gen_counters[1].i_in_flight_cnt                                    |              delta_counter__parameterized7_838 |          2 |          2 |       0 |    0 |     2 |      0 |      0 |    0 |          0 |
|                   gen_counters[2].i_in_flight_cnt                                    |              delta_counter__parameterized7_839 |          1 |          1 |       0 |    0 |     2 |      0 |      0 |    0 |          0 |
|                   gen_counters[3].i_in_flight_cnt                                    |              delta_counter__parameterized7_840 |         18 |         18 |       0 |    0 |     2 |      0 |      0 |    0 |          0 |
|                   gen_counters[4].i_in_flight_cnt                                    |              delta_counter__parameterized7_841 |          2 |          2 |       0 |    0 |     2 |      0 |      0 |    0 |          0 |
|                   gen_counters[5].i_in_flight_cnt                                    |              delta_counter__parameterized7_842 |          1 |          1 |       0 |    0 |     2 |      0 |      0 |    0 |          0 |
|                   gen_counters[6].i_in_flight_cnt                                    |              delta_counter__parameterized7_843 |          1 |          1 |       0 |    0 |     2 |      0 |      0 |    0 |          0 |
|                   gen_counters[7].i_in_flight_cnt                                    |              delta_counter__parameterized7_844 |          2 |          2 |       0 |    0 |     2 |      0 |      0 |    0 |          0 |
|                   gen_counters[8].i_in_flight_cnt                                    |              delta_counter__parameterized7_845 |          1 |          1 |       0 |    0 |     2 |      0 |      0 |    0 |          0 |
|                   gen_counters[9].i_in_flight_cnt                                    |              delta_counter__parameterized7_846 |          1 |          1 |       0 |    0 |     2 |      0 |      0 |    0 |          0 |
|                 i_b_mux                                                              |                rr_arb_tree__parameterized2_829 |          3 |          3 |       0 |    0 |     4 |      0 |      0 |    0 |          0 |
|                 i_counter_open_w                                                     |                        counter__parameterized7 |          1 |          1 |       0 |    0 |     1 |      0 |      0 |    0 |          0 |
|                   i_counter                                                          |                  delta_counter__parameterized7 |          1 |          1 |       0 |    0 |     1 |      0 |      0 |    0 |          0 |
|                 i_r_mux                                                              |                rr_arb_tree__parameterized2_830 |         34 |         34 |       0 |    0 |     4 |      0 |      0 |    0 |          0 |
|             i_err_slv                                                                |                    axi_err_slv__parameterized1 |         54 |         54 |       0 |    0 |    41 |      0 |      0 |    0 |          0 |
|               (i_err_slv)                                                            |                    axi_err_slv__parameterized1 |          0 |          0 |       0 |    0 |     1 |      0 |      0 |    0 |          0 |
|               i_b_fifo                                                               |                   fifo_v3__parameterized29_823 |         30 |         30 |       0 |    0 |    12 |      0 |      0 |    0 |          0 |
|               i_r_counter                                                            |                                    counter_824 |         13 |         13 |       0 |    0 |     8 |      0 |      0 |    0 |          0 |
|                 i_counter                                                            |                              delta_counter_827 |         13 |         13 |       0 |    0 |     8 |      0 |      0 |    0 |          0 |
|               i_r_fifo                                                               |                   fifo_v3__parameterized30_825 |          5 |          5 |       0 |    0 |    14 |      0 |      0 |    0 |          0 |
|               i_w_fifo                                                               |                   fifo_v3__parameterized28_826 |          6 |          6 |       0 |    0 |     6 |      0 |      0 |    0 |          0 |
|           i_axi_to_axi_lite_id_reflect                                               |                     axi_to_axi_lite_id_reflect |         36 |         36 |       0 |    0 |    24 |      0 |      0 |    0 |          0 |
|             i_ar_id_fifo                                                             |                   fifo_v3__parameterized29_821 |         28 |         28 |       0 |    0 |    12 |      0 |      0 |    0 |          0 |
|             i_aw_id_fifo                                                             |                   fifo_v3__parameterized29_822 |          8 |          8 |       0 |    0 |    12 |      0 |      0 |    0 |          0 |
|       i_idma_backend                                                                 |                                   idma_backend |       1356 |       1356 |       0 |    0 |  1898 |      0 |      0 |    0 |          0 |
|         gen_axi_transport_layer.i_idma_axi_transport_layer                           |                       idma_axi_transport_layer |        119 |        119 |       0 |    0 |   258 |      0 |      0 |    0 |          0 |
|           (gen_axi_transport_layer.i_idma_axi_transport_layer)                       |                       idma_axi_transport_layer |          6 |          6 |       0 |    0 |    10 |      0 |      0 |    0 |          0 |
|           i_idma_buffer                                                              |                                    idma_buffer |        114 |        114 |       0 |    0 |   248 |      0 |      0 |    0 |          0 |
|             gen_fifo_buffer[0].i_byte_buffer                                         |               idma_stream_fifo__parameterized1 |         13 |         13 |       0 |    0 |    31 |      0 |      0 |    0 |          0 |
|               gen_fifo.i_stream_fifo                                                 |                stream_fifo__parameterized5_819 |         13 |         13 |       0 |    0 |    31 |      0 |      0 |    0 |          0 |
|                 fifo_i                                                               |                   fifo_v3__parameterized38_820 |         13 |         13 |       0 |    0 |    31 |      0 |      0 |    0 |          0 |
|             gen_fifo_buffer[1].i_byte_buffer                                         |           idma_stream_fifo__parameterized1_800 |         13 |         13 |       0 |    0 |    31 |      0 |      0 |    0 |          0 |
|               gen_fifo.i_stream_fifo                                                 |                stream_fifo__parameterized5_817 |         13 |         13 |       0 |    0 |    31 |      0 |      0 |    0 |          0 |
|                 fifo_i                                                               |                   fifo_v3__parameterized38_818 |         13 |         13 |       0 |    0 |    31 |      0 |      0 |    0 |          0 |
|             gen_fifo_buffer[2].i_byte_buffer                                         |           idma_stream_fifo__parameterized1_801 |         15 |         15 |       0 |    0 |    31 |      0 |      0 |    0 |          0 |
|               gen_fifo.i_stream_fifo                                                 |                stream_fifo__parameterized5_815 |         15 |         15 |       0 |    0 |    31 |      0 |      0 |    0 |          0 |
|                 fifo_i                                                               |                   fifo_v3__parameterized38_816 |         15 |         15 |       0 |    0 |    31 |      0 |      0 |    0 |          0 |
|             gen_fifo_buffer[3].i_byte_buffer                                         |           idma_stream_fifo__parameterized1_802 |         17 |         17 |       0 |    0 |    31 |      0 |      0 |    0 |          0 |
|               gen_fifo.i_stream_fifo                                                 |                stream_fifo__parameterized5_813 |         17 |         17 |       0 |    0 |    31 |      0 |      0 |    0 |          0 |
|                 fifo_i                                                               |                   fifo_v3__parameterized38_814 |         17 |         17 |       0 |    0 |    31 |      0 |      0 |    0 |          0 |
|             gen_fifo_buffer[4].i_byte_buffer                                         |           idma_stream_fifo__parameterized1_803 |         13 |         13 |       0 |    0 |    31 |      0 |      0 |    0 |          0 |
|               gen_fifo.i_stream_fifo                                                 |                stream_fifo__parameterized5_811 |         13 |         13 |       0 |    0 |    31 |      0 |      0 |    0 |          0 |
|                 fifo_i                                                               |                   fifo_v3__parameterized38_812 |         13 |         13 |       0 |    0 |    31 |      0 |      0 |    0 |          0 |
|             gen_fifo_buffer[5].i_byte_buffer                                         |           idma_stream_fifo__parameterized1_804 |         13 |         13 |       0 |    0 |    31 |      0 |      0 |    0 |          0 |
|               gen_fifo.i_stream_fifo                                                 |                stream_fifo__parameterized5_809 |         13 |         13 |       0 |    0 |    31 |      0 |      0 |    0 |          0 |
|                 fifo_i                                                               |                   fifo_v3__parameterized38_810 |         13 |         13 |       0 |    0 |    31 |      0 |      0 |    0 |          0 |
|             gen_fifo_buffer[6].i_byte_buffer                                         |           idma_stream_fifo__parameterized1_805 |         14 |         14 |       0 |    0 |    31 |      0 |      0 |    0 |          0 |
|               gen_fifo.i_stream_fifo                                                 |                stream_fifo__parameterized5_807 |         14 |         14 |       0 |    0 |    31 |      0 |      0 |    0 |          0 |
|                 fifo_i                                                               |                   fifo_v3__parameterized38_808 |         14 |         14 |       0 |    0 |    31 |      0 |      0 |    0 |          0 |
|             gen_fifo_buffer[7].i_byte_buffer                                         |           idma_stream_fifo__parameterized1_806 |         16 |         16 |       0 |    0 |    31 |      0 |      0 |    0 |          0 |
|               gen_fifo.i_stream_fifo                                                 |                    stream_fifo__parameterized5 |         16 |         16 |       0 |    0 |    31 |      0 |      0 |    0 |          0 |
|                 fifo_i                                                               |                       fifo_v3__parameterized38 |         16 |         16 |       0 |    0 |    31 |      0 |      0 |    0 |          0 |
|         gen_hw_legalizer.i_idma_legalizer                                            |                                 idma_legalizer |        350 |        350 |       0 |    0 |   201 |      0 |      0 |    0 |          0 |
|         gen_last_flag_fifo.i_w_last                                                  |               idma_stream_fifo__parameterized0 |         62 |         62 |       0 |    0 |    70 |      0 |      0 |    0 |          0 |
|           gen_fifo.i_stream_fifo                                                     |                    stream_fifo__parameterized4 |         62 |         62 |       0 |    0 |    70 |      0 |      0 |    0 |          0 |
|             fifo_i                                                                   |                       fifo_v3__parameterized37 |         62 |         62 |       0 |    0 |    70 |      0 |      0 |    0 |          0 |
|         gen_r_aw_coupler.i_idma_channel_coupler                                      |                           idma_channel_coupler |        421 |        421 |       0 |    0 |   902 |      0 |      0 |    0 |          0 |
|           (gen_r_aw_coupler.i_idma_channel_coupler)                                  |                           idma_channel_coupler |          1 |          1 |       0 |    0 |     4 |      0 |      0 |    0 |          0 |
|           i_aw_store                                                                 |               idma_stream_fifo__parameterized2 |        411 |        411 |       0 |    0 |   896 |      0 |      0 |    0 |          0 |
|             gen_fifo.i_stream_fifo                                                   |                    stream_fifo__parameterized6 |        411 |        411 |       0 |    0 |   896 |      0 |      0 |    0 |          0 |
|               fifo_i                                                                 |                       fifo_v3__parameterized39 |        411 |        411 |       0 |    0 |   896 |      0 |      0 |    0 |          0 |
|           i_fall_through_register_decouple_aw_valid                                  |          fall_through_register__parameterized1 |          9 |          9 |       0 |    0 |     2 |      0 |      0 |    0 |          0 |
|             i_fifo                                                                   |                       fifo_v3__parameterized40 |          9 |          9 |       0 |    0 |     2 |      0 |      0 |    0 |          0 |
|         gen_w_dp_fifo.i_w_dp_req                                                     |                               idma_stream_fifo |        131 |        131 |       0 |    0 |   253 |      0 |      0 |    0 |          0 |
|           gen_fifo.i_stream_fifo                                                     |                    stream_fifo__parameterized3 |        131 |        131 |       0 |    0 |   253 |      0 |      0 |    0 |          0 |
|             fifo_i                                                                   |                       fifo_v3__parameterized36 |        131 |        131 |       0 |    0 |   253 |      0 |      0 |    0 |          0 |
|         i_ar_fall_through_register                                                   |          fall_through_register__parameterized2 |        201 |        201 |       0 |    0 |    57 |      0 |      0 |    0 |          0 |
|           i_fifo                                                                     |                       fifo_v3__parameterized42 |        201 |        201 |       0 |    0 |    57 |      0 |      0 |    0 |          0 |
|         i_r_dp_req                                                                   |               idma_stream_fifo__parameterized3 |         77 |         77 |       0 |    0 |   157 |      0 |      0 |    0 |          0 |
|           gen_fifo.i_stream_fifo                                                     |                    stream_fifo__parameterized7 |         77 |         77 |       0 |    0 |   157 |      0 |      0 |    0 |          0 |
|             fifo_i                                                                   |                       fifo_v3__parameterized41 |         77 |         77 |       0 |    0 |   157 |      0 |      0 |    0 |          0 |
|     gen_dma.i_dma_conf_atomics_cut                                                   |                                        axi_cut |        209 |        209 |       0 |    0 |   388 |      0 |      0 |    0 |          0 |
|       i_reg_ar                                                                       |            spill_register__parameterized13_790 |         64 |         64 |       0 |    0 |    48 |      0 |      0 |    0 |          0 |
|         spill_register_flushable_i                                                   |  spill_register_flushable__parameterized13_799 |         64 |         64 |       0 |    0 |    48 |      0 |      0 |    0 |          0 |
|       i_reg_aw                                                                       |            spill_register__parameterized10_791 |         60 |         60 |       0 |    0 |    50 |      0 |      0 |    0 |          0 |
|         spill_register_flushable_i                                                   |  spill_register_flushable__parameterized10_798 |         60 |         60 |       0 |    0 |    50 |      0 |      0 |    0 |          0 |
|       i_reg_b                                                                        |            spill_register__parameterized12_792 |          5 |          5 |       0 |    0 |    10 |      0 |      0 |    0 |          0 |
|         spill_register_flushable_i                                                   |  spill_register_flushable__parameterized12_797 |          5 |          5 |       0 |    0 |    10 |      0 |      0 |    0 |          0 |
|       i_reg_r                                                                        |            spill_register__parameterized14_793 |         39 |         39 |       0 |    0 |   140 |      0 |      0 |    0 |          0 |
|         spill_register_flushable_i                                                   |  spill_register_flushable__parameterized14_796 |         39 |         39 |       0 |    0 |   140 |      0 |      0 |    0 |          0 |
|       i_reg_w                                                                        |            spill_register__parameterized11_794 |         41 |         41 |       0 |    0 |   140 |      0 |      0 |    0 |          0 |
|         spill_register_flushable_i                                                   |  spill_register_flushable__parameterized11_795 |         41 |         41 |       0 |    0 |   140 |      0 |      0 |    0 |          0 |
|     gen_ext_in_intr_syncs[0].i_ext_intr_sync                                         |                                           sync |          1 |          1 |       0 |    0 |     2 |      0 |      0 |    0 |          0 |
|     gen_llc.i_llc                                                                    |                               axi_llc_reg_wrap |       6426 |       6426 |       0 |    0 |  4380 |    272 |      8 |    0 |          0 |
|       i_axi_llc_top_raw                                                              |                                    axi_llc_top |       6181 |       6181 |       0 |    0 |  4233 |    272 |      8 |    0 |          0 |
|         (i_axi_llc_top_raw)                                                          |                                    axi_llc_top |         14 |         14 |       0 |    0 |     0 |      0 |      0 |    0 |          0 |
|         i_ar_splitter                                                                |          axi_llc_chan_splitter__parameterized0 |        393 |        393 |       0 |    0 |    72 |      0 |      0 |    0 |          0 |
|           (i_ar_splitter)                                                            |          axi_llc_chan_splitter__parameterized0 |         48 |         48 |       0 |    0 |    72 |      0 |      0 |    0 |          0 |
|           i_burst_cutter                                                             |           axi_llc_burst_cutter__parameterized0 |        353 |        353 |       0 |    0 |     0 |      0 |      0 |    0 |          0 |
|             (i_burst_cutter)                                                         |           axi_llc_burst_cutter__parameterized0 |        207 |        207 |       0 |    0 |     0 |      0 |      0 |    0 |          0 |
|             i_burst_cutter_decode                                                    |                addr_decode__parameterized0_788 |        147 |        147 |       0 |    0 |     0 |      0 |      0 |    0 |          0 |
|               i_addr_decode_dync                                                     |           addr_decode_dync__parameterized0_789 |        147 |        147 |       0 |    0 |     0 |      0 |      0 |    0 |          0 |
|         i_aw_splitter                                                                |                          axi_llc_chan_splitter |        434 |        434 |       0 |    0 |    66 |      0 |      0 |    0 |          0 |
|           (i_aw_splitter)                                                            |                          axi_llc_chan_splitter |         67 |         67 |       0 |    0 |    66 |      0 |      0 |    0 |          0 |
|           i_burst_cutter                                                             |                           axi_llc_burst_cutter |        380 |        380 |       0 |    0 |     0 |      0 |      0 |    0 |          0 |
|             (i_burst_cutter)                                                         |                           axi_llc_burst_cutter |        210 |        210 |       0 |    0 |     0 |      0 |      0 |    0 |          0 |
|             i_burst_cutter_decode                                                    |                    addr_decode__parameterized0 |        170 |        170 |       0 |    0 |     0 |      0 |      0 |    0 |          0 |
|               i_addr_decode_dync                                                     |               addr_decode_dync__parameterized0 |        170 |        170 |       0 |    0 |     0 |      0 |      0 |    0 |          0 |
|         i_axi_bypass_demux                                                           |                      axi_demux__parameterized0 |        229 |        229 |       0 |    0 |   207 |      0 |      0 |    0 |          0 |
|           (i_axi_bypass_demux)                                                       |                      axi_demux__parameterized0 |          4 |          4 |       0 |    0 |     0 |      0 |      0 |    0 |          0 |
|           i_demux_simple                                                             |               axi_demux_simple__parameterized0 |        225 |        225 |       0 |    0 |   207 |      0 |      0 |    0 |          0 |
|             (i_demux_simple)                                                         |               axi_demux_simple__parameterized0 |          0 |          0 |       0 |    0 |     3 |      0 |      0 |    0 |          0 |
|             gen_ar_id_counter.i_ar_id_counter                                        |          axi_demux_id_counters__parameterized0 |        107 |        107 |       0 |    0 |    96 |      0 |      0 |    0 |          0 |
|               (gen_ar_id_counter.i_ar_id_counter)                                    |          axi_demux_id_counters__parameterized0 |          4 |          4 |       0 |    0 |    16 |      0 |      0 |    0 |          0 |
|               gen_counters[0].i_in_flight_cnt                                        |              delta_counter__parameterized2_772 |          6 |          6 |       0 |    0 |     5 |      0 |      0 |    0 |          0 |
|               gen_counters[10].i_in_flight_cnt                                       |              delta_counter__parameterized2_773 |          7 |          7 |       0 |    0 |     5 |      0 |      0 |    0 |          0 |
|               gen_counters[11].i_in_flight_cnt                                       |              delta_counter__parameterized2_774 |          6 |          6 |       0 |    0 |     5 |      0 |      0 |    0 |          0 |
|               gen_counters[12].i_in_flight_cnt                                       |              delta_counter__parameterized2_775 |          6 |          6 |       0 |    0 |     5 |      0 |      0 |    0 |          0 |
|               gen_counters[13].i_in_flight_cnt                                       |              delta_counter__parameterized2_776 |          6 |          6 |       0 |    0 |     5 |      0 |      0 |    0 |          0 |
|               gen_counters[14].i_in_flight_cnt                                       |              delta_counter__parameterized2_777 |          6 |          6 |       0 |    0 |     5 |      0 |      0 |    0 |          0 |
|               gen_counters[15].i_in_flight_cnt                                       |              delta_counter__parameterized2_778 |          6 |          6 |       0 |    0 |     5 |      0 |      0 |    0 |          0 |
|               gen_counters[1].i_in_flight_cnt                                        |              delta_counter__parameterized2_779 |          8 |          8 |       0 |    0 |     5 |      0 |      0 |    0 |          0 |
|               gen_counters[2].i_in_flight_cnt                                        |              delta_counter__parameterized2_780 |          6 |          6 |       0 |    0 |     5 |      0 |      0 |    0 |          0 |
|               gen_counters[3].i_in_flight_cnt                                        |              delta_counter__parameterized2_781 |          6 |          6 |       0 |    0 |     5 |      0 |      0 |    0 |          0 |
|               gen_counters[4].i_in_flight_cnt                                        |              delta_counter__parameterized2_782 |          9 |          9 |       0 |    0 |     5 |      0 |      0 |    0 |          0 |
|               gen_counters[5].i_in_flight_cnt                                        |              delta_counter__parameterized2_783 |          6 |          6 |       0 |    0 |     5 |      0 |      0 |    0 |          0 |
|               gen_counters[6].i_in_flight_cnt                                        |              delta_counter__parameterized2_784 |          6 |          6 |       0 |    0 |     5 |      0 |      0 |    0 |          0 |
|               gen_counters[7].i_in_flight_cnt                                        |              delta_counter__parameterized2_785 |          6 |          6 |       0 |    0 |     5 |      0 |      0 |    0 |          0 |
|               gen_counters[8].i_in_flight_cnt                                        |              delta_counter__parameterized2_786 |          6 |          6 |       0 |    0 |     5 |      0 |      0 |    0 |          0 |
|               gen_counters[9].i_in_flight_cnt                                        |              delta_counter__parameterized2_787 |          7 |          7 |       0 |    0 |     5 |      0 |      0 |    0 |          0 |
|             gen_aw_id_counter.i_aw_id_counter                                        |      axi_demux_id_counters__parameterized0_753 |         76 |         76 |       0 |    0 |    96 |      0 |      0 |    0 |          0 |
|               (gen_aw_id_counter.i_aw_id_counter)                                    |      axi_demux_id_counters__parameterized0_753 |          0 |          0 |       0 |    0 |    16 |      0 |      0 |    0 |          0 |
|               gen_counters[0].i_in_flight_cnt                                        |              delta_counter__parameterized2_756 |          4 |          4 |       0 |    0 |     5 |      0 |      0 |    0 |          0 |
|               gen_counters[10].i_in_flight_cnt                                       |              delta_counter__parameterized2_757 |          5 |          5 |       0 |    0 |     5 |      0 |      0 |    0 |          0 |
|               gen_counters[11].i_in_flight_cnt                                       |              delta_counter__parameterized2_758 |          4 |          4 |       0 |    0 |     5 |      0 |      0 |    0 |          0 |
|               gen_counters[12].i_in_flight_cnt                                       |              delta_counter__parameterized2_759 |          4 |          4 |       0 |    0 |     5 |      0 |      0 |    0 |          0 |
|               gen_counters[13].i_in_flight_cnt                                       |              delta_counter__parameterized2_760 |          4 |          4 |       0 |    0 |     5 |      0 |      0 |    0 |          0 |
|               gen_counters[14].i_in_flight_cnt                                       |              delta_counter__parameterized2_761 |          4 |          4 |       0 |    0 |     5 |      0 |      0 |    0 |          0 |
|               gen_counters[15].i_in_flight_cnt                                       |              delta_counter__parameterized2_762 |          4 |          4 |       0 |    0 |     5 |      0 |      0 |    0 |          0 |
|               gen_counters[1].i_in_flight_cnt                                        |              delta_counter__parameterized2_763 |          5 |          5 |       0 |    0 |     5 |      0 |      0 |    0 |          0 |
|               gen_counters[2].i_in_flight_cnt                                        |              delta_counter__parameterized2_764 |          5 |          5 |       0 |    0 |     5 |      0 |      0 |    0 |          0 |
|               gen_counters[3].i_in_flight_cnt                                        |              delta_counter__parameterized2_765 |          9 |          9 |       0 |    0 |     5 |      0 |      0 |    0 |          0 |
|               gen_counters[4].i_in_flight_cnt                                        |              delta_counter__parameterized2_766 |          4 |          4 |       0 |    0 |     5 |      0 |      0 |    0 |          0 |
|               gen_counters[5].i_in_flight_cnt                                        |              delta_counter__parameterized2_767 |          4 |          4 |       0 |    0 |     5 |      0 |      0 |    0 |          0 |
|               gen_counters[6].i_in_flight_cnt                                        |              delta_counter__parameterized2_768 |          4 |          4 |       0 |    0 |     5 |      0 |      0 |    0 |          0 |
|               gen_counters[7].i_in_flight_cnt                                        |              delta_counter__parameterized2_769 |          4 |          4 |       0 |    0 |     5 |      0 |      0 |    0 |          0 |
|               gen_counters[8].i_in_flight_cnt                                        |              delta_counter__parameterized2_770 |          4 |          4 |       0 |    0 |     5 |      0 |      0 |    0 |          0 |
|               gen_counters[9].i_in_flight_cnt                                        |              delta_counter__parameterized2_771 |          8 |          8 |       0 |    0 |     5 |      0 |      0 |    0 |          0 |
|             i_b_mux                                                                  |                rr_arb_tree__parameterized2_754 |          4 |          4 |       0 |    0 |     4 |      0 |      0 |    0 |          0 |
|             i_counter_open_w                                                         |                        counter__parameterized2 |         15 |         15 |       0 |    0 |     4 |      0 |      0 |    0 |          0 |
|               i_counter                                                              |                  delta_counter__parameterized2 |         15 |         15 |       0 |    0 |     4 |      0 |      0 |    0 |          0 |
|             i_r_mux                                                                  |                rr_arb_tree__parameterized2_755 |         23 |         23 |       0 |    0 |     4 |      0 |      0 |    0 |          0 |
|         i_axi_bypass_mux                                                             |                                        axi_mux |        100 |        100 |       0 |    0 |    32 |      0 |      0 |    0 |          0 |
|           (i_axi_bypass_mux)                                                         |                                        axi_mux |          0 |          0 |       0 |    0 |     1 |      0 |      0 |    0 |          0 |
|           gen_mux.i_ar_arbiter                                                       |                    rr_arb_tree__parameterized8 |          7 |          7 |       0 |    0 |     4 |      0 |      0 |    0 |          0 |
|           gen_mux.i_aw_arbiter                                                       |                    rr_arb_tree__parameterized7 |         53 |         53 |       0 |    0 |     4 |      0 |      0 |    0 |          0 |
|           gen_mux.i_w_fifo                                                           |                       fifo_v3__parameterized10 |         40 |         40 |       0 |    0 |    23 |      0 |      0 |    0 |          0 |
|         i_axi_isolate_flush                                                          |                                    axi_isolate |        215 |        215 |       0 |    0 |    19 |      0 |      0 |    0 |          0 |
|           i_axi_isolate                                                              |                              axi_isolate_inner |        215 |        215 |       0 |    0 |    19 |      0 |      0 |    0 |          0 |
|         i_evict_unit                                                                 |                             axi_llc_evict_unit |        499 |        499 |       0 |    0 |  1215 |      0 |      0 |    0 |          0 |
|           i_aw_master                                                                |                              axi_llc_ax_master |          3 |          3 |       0 |    0 |   125 |      0 |      0 |    0 |          0 |
|           i_stream_fifo_evict                                                        |                                stream_fifo_747 |        172 |        172 |       0 |    0 |   323 |      0 |      0 |    0 |          0 |
|             fifo_i                                                                   |                    fifo_v3__parameterized3_752 |        172 |        172 |       0 |    0 |   323 |      0 |      0 |    0 |          0 |
|           i_stream_fifo_miss_buffer                                                  |                    stream_fifo__parameterized0 |         85 |         85 |       0 |    0 |   158 |      0 |      0 |    0 |          0 |
|             fifo_i                                                                   |                        fifo_v3__parameterized5 |         85 |         85 |       0 |    0 |   158 |      0 |      0 |    0 |          0 |
|           i_w_master                                                                 |                               axi_llc_w_master |        240 |        240 |       0 |    0 |   609 |      0 |      0 |    0 |          0 |
|             (i_w_master)                                                             |                               axi_llc_w_master |          6 |          6 |       0 |    0 |    80 |      0 |      0 |    0 |          0 |
|             i_block_offset_counter                                                   |                    counter__parameterized4_748 |         19 |         19 |       0 |    0 |     4 |      0 |      0 |    0 |          0 |
|               i_counter                                                              |              delta_counter__parameterized4_751 |         19 |         19 |       0 |    0 |     4 |      0 |      0 |    0 |          0 |
|             i_r_data_fifo                                                            |                        fifo_v3__parameterized4 |        209 |        209 |       0 |    0 |   522 |      0 |      0 |    0 |          0 |
|             i_w_to_send_counter                                                      |                    counter__parameterized4_749 |          6 |          6 |       0 |    0 |     3 |      0 |      0 |    0 |          0 |
|               i_counter                                                              |              delta_counter__parameterized4_750 |          6 |          6 |       0 |    0 |     3 |      0 |      0 |    0 |          0 |
|         i_hit_miss_unit                                                              |                               axi_llc_hit_miss |       1263 |       1263 |       0 |    0 |   713 |     16 |      8 |    0 |          0 |
|           (i_hit_miss_unit)                                                          |                               axi_llc_hit_miss |         19 |         19 |       0 |    0 |    80 |      0 |      0 |    0 |          0 |
|           i_lock_box_bloom                                                           |                         axi_llc_lock_box_bloom |        465 |        465 |       0 |    0 |   337 |      0 |      0 |    0 |          0 |
|             i_cb_filter                                                              |                                      cb_filter |        255 |        255 |       0 |    0 |   256 |      0 |      0 |    0 |          0 |
|               gen_buckets[0].i_bucket                                                |                    counter__parameterized4_619 |          3 |          3 |       0 |    0 |     4 |      0 |      0 |    0 |          0 |
|                 i_counter                                                            |              delta_counter__parameterized4_746 |          3 |          3 |       0 |    0 |     4 |      0 |      0 |    0 |          0 |
|               gen_buckets[10].i_bucket                                               |                    counter__parameterized4_620 |          4 |          4 |       0 |    0 |     4 |      0 |      0 |    0 |          0 |
|                 i_counter                                                            |              delta_counter__parameterized4_745 |          4 |          4 |       0 |    0 |     4 |      0 |      0 |    0 |          0 |
|               gen_buckets[11].i_bucket                                               |                    counter__parameterized4_621 |          4 |          4 |       0 |    0 |     4 |      0 |      0 |    0 |          0 |
|                 i_counter                                                            |              delta_counter__parameterized4_744 |          4 |          4 |       0 |    0 |     4 |      0 |      0 |    0 |          0 |
|               gen_buckets[12].i_bucket                                               |                    counter__parameterized4_622 |          3 |          3 |       0 |    0 |     4 |      0 |      0 |    0 |          0 |
|                 i_counter                                                            |              delta_counter__parameterized4_743 |          3 |          3 |       0 |    0 |     4 |      0 |      0 |    0 |          0 |
|               gen_buckets[13].i_bucket                                               |                    counter__parameterized4_623 |          3 |          3 |       0 |    0 |     4 |      0 |      0 |    0 |          0 |
|                 i_counter                                                            |              delta_counter__parameterized4_742 |          3 |          3 |       0 |    0 |     4 |      0 |      0 |    0 |          0 |
|               gen_buckets[14].i_bucket                                               |                    counter__parameterized4_624 |          4 |          4 |       0 |    0 |     4 |      0 |      0 |    0 |          0 |
|                 i_counter                                                            |              delta_counter__parameterized4_741 |          4 |          4 |       0 |    0 |     4 |      0 |      0 |    0 |          0 |
|               gen_buckets[15].i_bucket                                               |                    counter__parameterized4_625 |          7 |          7 |       0 |    0 |     4 |      0 |      0 |    0 |          0 |
|                 i_counter                                                            |              delta_counter__parameterized4_740 |          7 |          7 |       0 |    0 |     4 |      0 |      0 |    0 |          0 |
|               gen_buckets[16].i_bucket                                               |                    counter__parameterized4_626 |          5 |          5 |       0 |    0 |     4 |      0 |      0 |    0 |          0 |
|                 i_counter                                                            |              delta_counter__parameterized4_739 |          5 |          5 |       0 |    0 |     4 |      0 |      0 |    0 |          0 |
|               gen_buckets[17].i_bucket                                               |                    counter__parameterized4_627 |          3 |          3 |       0 |    0 |     4 |      0 |      0 |    0 |          0 |
|                 i_counter                                                            |              delta_counter__parameterized4_738 |          3 |          3 |       0 |    0 |     4 |      0 |      0 |    0 |          0 |
|               gen_buckets[18].i_bucket                                               |                    counter__parameterized4_628 |          4 |          4 |       0 |    0 |     4 |      0 |      0 |    0 |          0 |
|                 i_counter                                                            |              delta_counter__parameterized4_737 |          4 |          4 |       0 |    0 |     4 |      0 |      0 |    0 |          0 |
|               gen_buckets[19].i_bucket                                               |                    counter__parameterized4_629 |          4 |          4 |       0 |    0 |     4 |      0 |      0 |    0 |          0 |
|                 i_counter                                                            |              delta_counter__parameterized4_736 |          4 |          4 |       0 |    0 |     4 |      0 |      0 |    0 |          0 |
|               gen_buckets[1].i_bucket                                                |                    counter__parameterized4_630 |          4 |          4 |       0 |    0 |     4 |      0 |      0 |    0 |          0 |
|                 i_counter                                                            |              delta_counter__parameterized4_735 |          4 |          4 |       0 |    0 |     4 |      0 |      0 |    0 |          0 |
|               gen_buckets[20].i_bucket                                               |                    counter__parameterized4_631 |          3 |          3 |       0 |    0 |     4 |      0 |      0 |    0 |          0 |
|                 i_counter                                                            |              delta_counter__parameterized4_734 |          3 |          3 |       0 |    0 |     4 |      0 |      0 |    0 |          0 |
|               gen_buckets[21].i_bucket                                               |                    counter__parameterized4_632 |          3 |          3 |       0 |    0 |     4 |      0 |      0 |    0 |          0 |
|                 i_counter                                                            |              delta_counter__parameterized4_733 |          3 |          3 |       0 |    0 |     4 |      0 |      0 |    0 |          0 |
|               gen_buckets[22].i_bucket                                               |                    counter__parameterized4_633 |          4 |          4 |       0 |    0 |     4 |      0 |      0 |    0 |          0 |
|                 i_counter                                                            |              delta_counter__parameterized4_732 |          4 |          4 |       0 |    0 |     4 |      0 |      0 |    0 |          0 |
|               gen_buckets[23].i_bucket                                               |                    counter__parameterized4_634 |          3 |          3 |       0 |    0 |     4 |      0 |      0 |    0 |          0 |
|                 i_counter                                                            |              delta_counter__parameterized4_731 |          3 |          3 |       0 |    0 |     4 |      0 |      0 |    0 |          0 |
|               gen_buckets[24].i_bucket                                               |                    counter__parameterized4_635 |          3 |          3 |       0 |    0 |     4 |      0 |      0 |    0 |          0 |
|                 i_counter                                                            |              delta_counter__parameterized4_730 |          3 |          3 |       0 |    0 |     4 |      0 |      0 |    0 |          0 |
|               gen_buckets[25].i_bucket                                               |                    counter__parameterized4_636 |          4 |          4 |       0 |    0 |     4 |      0 |      0 |    0 |          0 |
|                 i_counter                                                            |              delta_counter__parameterized4_729 |          4 |          4 |       0 |    0 |     4 |      0 |      0 |    0 |          0 |
|               gen_buckets[26].i_bucket                                               |                    counter__parameterized4_637 |          4 |          4 |       0 |    0 |     4 |      0 |      0 |    0 |          0 |
|                 i_counter                                                            |              delta_counter__parameterized4_728 |          4 |          4 |       0 |    0 |     4 |      0 |      0 |    0 |          0 |
|               gen_buckets[27].i_bucket                                               |                    counter__parameterized4_638 |          3 |          3 |       0 |    0 |     4 |      0 |      0 |    0 |          0 |
|                 i_counter                                                            |              delta_counter__parameterized4_727 |          3 |          3 |       0 |    0 |     4 |      0 |      0 |    0 |          0 |
|               gen_buckets[28].i_bucket                                               |                    counter__parameterized4_639 |          3 |          3 |       0 |    0 |     4 |      0 |      0 |    0 |          0 |
|                 i_counter                                                            |              delta_counter__parameterized4_726 |          3 |          3 |       0 |    0 |     4 |      0 |      0 |    0 |          0 |
|               gen_buckets[29].i_bucket                                               |                    counter__parameterized4_640 |          3 |          3 |       0 |    0 |     4 |      0 |      0 |    0 |          0 |
|                 i_counter                                                            |              delta_counter__parameterized4_725 |          3 |          3 |       0 |    0 |     4 |      0 |      0 |    0 |          0 |
|               gen_buckets[2].i_bucket                                                |                    counter__parameterized4_641 |          5 |          5 |       0 |    0 |     4 |      0 |      0 |    0 |          0 |
|                 i_counter                                                            |              delta_counter__parameterized4_724 |          5 |          5 |       0 |    0 |     4 |      0 |      0 |    0 |          0 |
|               gen_buckets[30].i_bucket                                               |                    counter__parameterized4_642 |          5 |          5 |       0 |    0 |     4 |      0 |      0 |    0 |          0 |
|                 i_counter                                                            |              delta_counter__parameterized4_723 |          5 |          5 |       0 |    0 |     4 |      0 |      0 |    0 |          0 |
|               gen_buckets[31].i_bucket                                               |                    counter__parameterized4_643 |          3 |          3 |       0 |    0 |     4 |      0 |      0 |    0 |          0 |
|                 i_counter                                                            |              delta_counter__parameterized4_722 |          3 |          3 |       0 |    0 |     4 |      0 |      0 |    0 |          0 |
|               gen_buckets[32].i_bucket                                               |                    counter__parameterized4_644 |          4 |          4 |       0 |    0 |     4 |      0 |      0 |    0 |          0 |
|                 i_counter                                                            |              delta_counter__parameterized4_721 |          4 |          4 |       0 |    0 |     4 |      0 |      0 |    0 |          0 |
|               gen_buckets[33].i_bucket                                               |                    counter__parameterized4_645 |          4 |          4 |       0 |    0 |     4 |      0 |      0 |    0 |          0 |
|                 i_counter                                                            |              delta_counter__parameterized4_720 |          4 |          4 |       0 |    0 |     4 |      0 |      0 |    0 |          0 |
|               gen_buckets[34].i_bucket                                               |                    counter__parameterized4_646 |          3 |          3 |       0 |    0 |     4 |      0 |      0 |    0 |          0 |
|                 i_counter                                                            |              delta_counter__parameterized4_719 |          3 |          3 |       0 |    0 |     4 |      0 |      0 |    0 |          0 |
|               gen_buckets[35].i_bucket                                               |                    counter__parameterized4_647 |          6 |          6 |       0 |    0 |     4 |      0 |      0 |    0 |          0 |
|                 i_counter                                                            |              delta_counter__parameterized4_718 |          6 |          6 |       0 |    0 |     4 |      0 |      0 |    0 |          0 |
|               gen_buckets[36].i_bucket                                               |                    counter__parameterized4_648 |          4 |          4 |       0 |    0 |     4 |      0 |      0 |    0 |          0 |
|                 i_counter                                                            |              delta_counter__parameterized4_717 |          4 |          4 |       0 |    0 |     4 |      0 |      0 |    0 |          0 |
|               gen_buckets[37].i_bucket                                               |                    counter__parameterized4_649 |          3 |          3 |       0 |    0 |     4 |      0 |      0 |    0 |          0 |
|                 i_counter                                                            |              delta_counter__parameterized4_716 |          3 |          3 |       0 |    0 |     4 |      0 |      0 |    0 |          0 |
|               gen_buckets[38].i_bucket                                               |                    counter__parameterized4_650 |          3 |          3 |       0 |    0 |     4 |      0 |      0 |    0 |          0 |
|                 i_counter                                                            |              delta_counter__parameterized4_715 |          3 |          3 |       0 |    0 |     4 |      0 |      0 |    0 |          0 |
|               gen_buckets[39].i_bucket                                               |                    counter__parameterized4_651 |          4 |          4 |       0 |    0 |     4 |      0 |      0 |    0 |          0 |
|                 i_counter                                                            |              delta_counter__parameterized4_714 |          4 |          4 |       0 |    0 |     4 |      0 |      0 |    0 |          0 |
|               gen_buckets[3].i_bucket                                                |                    counter__parameterized4_652 |          3 |          3 |       0 |    0 |     4 |      0 |      0 |    0 |          0 |
|                 i_counter                                                            |              delta_counter__parameterized4_713 |          3 |          3 |       0 |    0 |     4 |      0 |      0 |    0 |          0 |
|               gen_buckets[40].i_bucket                                               |                    counter__parameterized4_653 |          3 |          3 |       0 |    0 |     4 |      0 |      0 |    0 |          0 |
|                 i_counter                                                            |              delta_counter__parameterized4_712 |          3 |          3 |       0 |    0 |     4 |      0 |      0 |    0 |          0 |
|               gen_buckets[41].i_bucket                                               |                    counter__parameterized4_654 |          3 |          3 |       0 |    0 |     4 |      0 |      0 |    0 |          0 |
|                 i_counter                                                            |              delta_counter__parameterized4_711 |          3 |          3 |       0 |    0 |     4 |      0 |      0 |    0 |          0 |
|               gen_buckets[42].i_bucket                                               |                    counter__parameterized4_655 |          3 |          3 |       0 |    0 |     4 |      0 |      0 |    0 |          0 |
|                 i_counter                                                            |              delta_counter__parameterized4_710 |          3 |          3 |       0 |    0 |     4 |      0 |      0 |    0 |          0 |
|               gen_buckets[43].i_bucket                                               |                    counter__parameterized4_656 |          5 |          5 |       0 |    0 |     4 |      0 |      0 |    0 |          0 |
|                 i_counter                                                            |              delta_counter__parameterized4_709 |          5 |          5 |       0 |    0 |     4 |      0 |      0 |    0 |          0 |
|               gen_buckets[44].i_bucket                                               |                    counter__parameterized4_657 |          5 |          5 |       0 |    0 |     4 |      0 |      0 |    0 |          0 |
|                 i_counter                                                            |              delta_counter__parameterized4_708 |          5 |          5 |       0 |    0 |     4 |      0 |      0 |    0 |          0 |
|               gen_buckets[45].i_bucket                                               |                    counter__parameterized4_658 |          3 |          3 |       0 |    0 |     4 |      0 |      0 |    0 |          0 |
|                 i_counter                                                            |              delta_counter__parameterized4_707 |          3 |          3 |       0 |    0 |     4 |      0 |      0 |    0 |          0 |
|               gen_buckets[46].i_bucket                                               |                    counter__parameterized4_659 |          4 |          4 |       0 |    0 |     4 |      0 |      0 |    0 |          0 |
|                 i_counter                                                            |              delta_counter__parameterized4_706 |          4 |          4 |       0 |    0 |     4 |      0 |      0 |    0 |          0 |
|               gen_buckets[47].i_bucket                                               |                    counter__parameterized4_660 |          4 |          4 |       0 |    0 |     4 |      0 |      0 |    0 |          0 |
|                 i_counter                                                            |              delta_counter__parameterized4_705 |          4 |          4 |       0 |    0 |     4 |      0 |      0 |    0 |          0 |
|               gen_buckets[48].i_bucket                                               |                    counter__parameterized4_661 |          7 |          7 |       0 |    0 |     4 |      0 |      0 |    0 |          0 |
|                 i_counter                                                            |              delta_counter__parameterized4_704 |          7 |          7 |       0 |    0 |     4 |      0 |      0 |    0 |          0 |
|               gen_buckets[49].i_bucket                                               |                    counter__parameterized4_662 |          3 |          3 |       0 |    0 |     4 |      0 |      0 |    0 |          0 |
|                 i_counter                                                            |              delta_counter__parameterized4_703 |          3 |          3 |       0 |    0 |     4 |      0 |      0 |    0 |          0 |
|               gen_buckets[4].i_bucket                                                |                    counter__parameterized4_663 |          3 |          3 |       0 |    0 |     4 |      0 |      0 |    0 |          0 |
|                 i_counter                                                            |              delta_counter__parameterized4_702 |          3 |          3 |       0 |    0 |     4 |      0 |      0 |    0 |          0 |
|               gen_buckets[50].i_bucket                                               |                    counter__parameterized4_664 |          4 |          4 |       0 |    0 |     4 |      0 |      0 |    0 |          0 |
|                 i_counter                                                            |              delta_counter__parameterized4_701 |          4 |          4 |       0 |    0 |     4 |      0 |      0 |    0 |          0 |
|               gen_buckets[51].i_bucket                                               |                    counter__parameterized4_665 |          5 |          5 |       0 |    0 |     4 |      0 |      0 |    0 |          0 |
|                 i_counter                                                            |              delta_counter__parameterized4_700 |          5 |          5 |       0 |    0 |     4 |      0 |      0 |    0 |          0 |
|               gen_buckets[52].i_bucket                                               |                    counter__parameterized4_666 |          4 |          4 |       0 |    0 |     4 |      0 |      0 |    0 |          0 |
|                 i_counter                                                            |              delta_counter__parameterized4_699 |          4 |          4 |       0 |    0 |     4 |      0 |      0 |    0 |          0 |
|               gen_buckets[53].i_bucket                                               |                    counter__parameterized4_667 |          3 |          3 |       0 |    0 |     4 |      0 |      0 |    0 |          0 |
|                 i_counter                                                            |              delta_counter__parameterized4_698 |          3 |          3 |       0 |    0 |     4 |      0 |      0 |    0 |          0 |
|               gen_buckets[54].i_bucket                                               |                    counter__parameterized4_668 |          3 |          3 |       0 |    0 |     4 |      0 |      0 |    0 |          0 |
|                 i_counter                                                            |              delta_counter__parameterized4_697 |          3 |          3 |       0 |    0 |     4 |      0 |      0 |    0 |          0 |
|               gen_buckets[55].i_bucket                                               |                    counter__parameterized4_669 |          5 |          5 |       0 |    0 |     4 |      0 |      0 |    0 |          0 |
|                 i_counter                                                            |              delta_counter__parameterized4_696 |          5 |          5 |       0 |    0 |     4 |      0 |      0 |    0 |          0 |
|               gen_buckets[56].i_bucket                                               |                    counter__parameterized4_670 |          4 |          4 |       0 |    0 |     4 |      0 |      0 |    0 |          0 |
|                 i_counter                                                            |              delta_counter__parameterized4_695 |          4 |          4 |       0 |    0 |     4 |      0 |      0 |    0 |          0 |
|               gen_buckets[57].i_bucket                                               |                    counter__parameterized4_671 |          5 |          5 |       0 |    0 |     4 |      0 |      0 |    0 |          0 |
|                 i_counter                                                            |              delta_counter__parameterized4_694 |          5 |          5 |       0 |    0 |     4 |      0 |      0 |    0 |          0 |
|               gen_buckets[58].i_bucket                                               |                    counter__parameterized4_672 |          4 |          4 |       0 |    0 |     4 |      0 |      0 |    0 |          0 |
|                 i_counter                                                            |              delta_counter__parameterized4_693 |          4 |          4 |       0 |    0 |     4 |      0 |      0 |    0 |          0 |
|               gen_buckets[59].i_bucket                                               |                    counter__parameterized4_673 |          6 |          6 |       0 |    0 |     4 |      0 |      0 |    0 |          0 |
|                 i_counter                                                            |              delta_counter__parameterized4_692 |          6 |          6 |       0 |    0 |     4 |      0 |      0 |    0 |          0 |
|               gen_buckets[5].i_bucket                                                |                    counter__parameterized4_674 |         10 |         10 |       0 |    0 |     4 |      0 |      0 |    0 |          0 |
|                 i_counter                                                            |              delta_counter__parameterized4_691 |         10 |         10 |       0 |    0 |     4 |      0 |      0 |    0 |          0 |
|               gen_buckets[60].i_bucket                                               |                    counter__parameterized4_675 |          4 |          4 |       0 |    0 |     4 |      0 |      0 |    0 |          0 |
|                 i_counter                                                            |              delta_counter__parameterized4_690 |          4 |          4 |       0 |    0 |     4 |      0 |      0 |    0 |          0 |
|               gen_buckets[61].i_bucket                                               |                    counter__parameterized4_676 |          4 |          4 |       0 |    0 |     4 |      0 |      0 |    0 |          0 |
|                 i_counter                                                            |              delta_counter__parameterized4_689 |          4 |          4 |       0 |    0 |     4 |      0 |      0 |    0 |          0 |
|               gen_buckets[62].i_bucket                                               |                    counter__parameterized4_677 |          3 |          3 |       0 |    0 |     4 |      0 |      0 |    0 |          0 |
|                 i_counter                                                            |              delta_counter__parameterized4_688 |          3 |          3 |       0 |    0 |     4 |      0 |      0 |    0 |          0 |
|               gen_buckets[63].i_bucket                                               |                    counter__parameterized4_678 |          4 |          4 |       0 |    0 |     4 |      0 |      0 |    0 |          0 |
|                 i_counter                                                            |              delta_counter__parameterized4_687 |          4 |          4 |       0 |    0 |     4 |      0 |      0 |    0 |          0 |
|               gen_buckets[6].i_bucket                                                |                    counter__parameterized4_679 |          4 |          4 |       0 |    0 |     4 |      0 |      0 |    0 |          0 |
|                 i_counter                                                            |              delta_counter__parameterized4_686 |          4 |          4 |       0 |    0 |     4 |      0 |      0 |    0 |          0 |
|               gen_buckets[7].i_bucket                                                |                    counter__parameterized4_680 |          5 |          5 |       0 |    0 |     4 |      0 |      0 |    0 |          0 |
|                 i_counter                                                            |              delta_counter__parameterized4_685 |          5 |          5 |       0 |    0 |     4 |      0 |      0 |    0 |          0 |
|               gen_buckets[8].i_bucket                                                |                    counter__parameterized4_681 |          4 |          4 |       0 |    0 |     4 |      0 |      0 |    0 |          0 |
|                 i_counter                                                            |              delta_counter__parameterized4_684 |          4 |          4 |       0 |    0 |     4 |      0 |      0 |    0 |          0 |
|               gen_buckets[9].i_bucket                                                |                    counter__parameterized4_682 |          3 |          3 |       0 |    0 |     4 |      0 |      0 |    0 |          0 |
|                 i_counter                                                            |              delta_counter__parameterized4_683 |          3 |          3 |       0 |    0 |     4 |      0 |      0 |    0 |          0 |
|             i_r_unlock_fifo                                                          |                        fifo_v3__parameterized2 |         23 |         23 |       0 |    0 |    40 |      0 |      0 |    0 |          0 |
|             i_unlock_tree                                                            |                    rr_arb_tree__parameterized4 |          1 |          1 |       0 |    0 |     1 |      0 |      0 |    0 |          0 |
|             i_w_unlock_fifo                                                          |                    fifo_v3__parameterized2_618 |        186 |        186 |       0 |    0 |    40 |      0 |      0 |    0 |          0 |
|           i_miss_counters                                                            |                          axi_llc_miss_counters |        153 |        153 |       0 |    0 |   104 |      0 |      0 |    0 |          0 |
|             gen_cmiss_counters[0].i_miss_cnt                                         |                    counter__parameterized0_586 |          7 |          7 |       0 |    0 |     6 |      0 |      0 |    0 |          0 |
|               i_counter                                                              |              delta_counter__parameterized0_617 |          7 |          7 |       0 |    0 |     6 |      0 |      0 |    0 |          0 |
|             gen_cmiss_counters[10].i_miss_cnt                                        |                    counter__parameterized0_587 |          7 |          7 |       0 |    0 |     6 |      0 |      0 |    0 |          0 |
|               i_counter                                                              |              delta_counter__parameterized0_616 |          7 |          7 |       0 |    0 |     6 |      0 |      0 |    0 |          0 |
|             gen_cmiss_counters[11].i_miss_cnt                                        |                    counter__parameterized0_588 |         31 |         31 |       0 |    0 |     6 |      0 |      0 |    0 |          0 |
|               i_counter                                                              |              delta_counter__parameterized0_615 |         31 |         31 |       0 |    0 |     6 |      0 |      0 |    0 |          0 |
|             gen_cmiss_counters[12].i_miss_cnt                                        |                    counter__parameterized0_589 |          6 |          6 |       0 |    0 |     6 |      0 |      0 |    0 |          0 |
|               i_counter                                                              |              delta_counter__parameterized0_614 |          6 |          6 |       0 |    0 |     6 |      0 |      0 |    0 |          0 |
|             gen_cmiss_counters[13].i_miss_cnt                                        |                    counter__parameterized0_590 |          5 |          5 |       0 |    0 |     6 |      0 |      0 |    0 |          0 |
|               i_counter                                                              |              delta_counter__parameterized0_613 |          5 |          5 |       0 |    0 |     6 |      0 |      0 |    0 |          0 |
|             gen_cmiss_counters[14].i_miss_cnt                                        |                    counter__parameterized0_591 |          6 |          6 |       0 |    0 |     6 |      0 |      0 |    0 |          0 |
|               i_counter                                                              |              delta_counter__parameterized0_612 |          6 |          6 |       0 |    0 |     6 |      0 |      0 |    0 |          0 |
|             gen_cmiss_counters[15].i_miss_cnt                                        |                    counter__parameterized0_592 |          9 |          9 |       0 |    0 |     6 |      0 |      0 |    0 |          0 |
|               i_counter                                                              |              delta_counter__parameterized0_611 |          9 |          9 |       0 |    0 |     6 |      0 |      0 |    0 |          0 |
|             gen_cmiss_counters[1].i_miss_cnt                                         |                    counter__parameterized0_593 |          9 |          9 |       0 |    0 |     6 |      0 |      0 |    0 |          0 |
|               i_counter                                                              |              delta_counter__parameterized0_610 |          9 |          9 |       0 |    0 |     6 |      0 |      0 |    0 |          0 |
|             gen_cmiss_counters[2].i_miss_cnt                                         |                    counter__parameterized0_594 |          9 |          9 |       0 |    0 |     6 |      0 |      0 |    0 |          0 |
|               i_counter                                                              |              delta_counter__parameterized0_609 |          9 |          9 |       0 |    0 |     6 |      0 |      0 |    0 |          0 |
|             gen_cmiss_counters[3].i_miss_cnt                                         |                    counter__parameterized0_595 |          6 |          6 |       0 |    0 |     6 |      0 |      0 |    0 |          0 |
|               i_counter                                                              |              delta_counter__parameterized0_608 |          6 |          6 |       0 |    0 |     6 |      0 |      0 |    0 |          0 |
|             gen_cmiss_counters[4].i_miss_cnt                                         |                    counter__parameterized0_596 |          7 |          7 |       0 |    0 |     6 |      0 |      0 |    0 |          0 |
|               i_counter                                                              |              delta_counter__parameterized0_607 |          7 |          7 |       0 |    0 |     6 |      0 |      0 |    0 |          0 |
|             gen_cmiss_counters[5].i_miss_cnt                                         |                    counter__parameterized0_597 |          7 |          7 |       0 |    0 |     6 |      0 |      0 |    0 |          0 |
|               i_counter                                                              |              delta_counter__parameterized0_606 |          7 |          7 |       0 |    0 |     6 |      0 |      0 |    0 |          0 |
|             gen_cmiss_counters[6].i_miss_cnt                                         |                    counter__parameterized0_598 |          9 |          9 |       0 |    0 |     6 |      0 |      0 |    0 |          0 |
|               i_counter                                                              |              delta_counter__parameterized0_605 |          9 |          9 |       0 |    0 |     6 |      0 |      0 |    0 |          0 |
|             gen_cmiss_counters[7].i_miss_cnt                                         |                    counter__parameterized0_599 |         10 |         10 |       0 |    0 |     6 |      0 |      0 |    0 |          0 |
|               i_counter                                                              |              delta_counter__parameterized0_604 |         10 |         10 |       0 |    0 |     6 |      0 |      0 |    0 |          0 |
|             gen_cmiss_counters[8].i_miss_cnt                                         |                    counter__parameterized0_600 |          9 |          9 |       0 |    0 |     6 |      0 |      0 |    0 |          0 |
|               i_counter                                                              |              delta_counter__parameterized0_603 |          9 |          9 |       0 |    0 |     6 |      0 |      0 |    0 |          0 |
|             gen_cmiss_counters[9].i_miss_cnt                                         |                    counter__parameterized0_601 |          6 |          6 |       0 |    0 |     6 |      0 |      0 |    0 |          0 |
|               i_counter                                                              |              delta_counter__parameterized0_602 |          6 |          6 |       0 |    0 |     6 |      0 |      0 |    0 |          0 |
|             i_miss_w_cnt                                                             |                        counter__parameterized3 |         12 |         12 |       0 |    0 |     8 |      0 |      0 |    0 |          0 |
|               i_counter                                                              |                  delta_counter__parameterized3 |         12 |         12 |       0 |    0 |     8 |      0 |      0 |    0 |          0 |
|           i_tag_store                                                                |                              axi_llc_tag_store |        629 |        629 |       0 |    0 |   192 |     16 |      8 |    0 |          0 |
|             (i_tag_store)                                                            |                              axi_llc_tag_store |          0 |          0 |       0 |    0 |    62 |      0 |      0 |    0 |          0 |
|             gen_tag_macros[0].i_shift_reg_rvalid                                     |                                      shift_reg |          1 |          1 |       0 |    0 |     1 |      0 |      0 |    0 |          0 |
|               i_shift_reg_gated                                                      |                            shift_reg_gated_585 |          1 |          1 |       0 |    0 |     1 |      0 |      0 |    0 |          0 |
|             gen_tag_macros[0].i_tag_store                                            |                                        tc_sram |         26 |         26 |       0 |    0 |     0 |      2 |      1 |    0 |          0 |
|               gen_1_ports.i_xpm_memory_spram                                         |                           xpm_memory_spram_584 |         26 |         26 |       0 |    0 |     0 |      2 |      1 |    0 |          0 |
|                 (gen_1_ports.i_xpm_memory_spram)                                     |                           xpm_memory_spram_584 |         16 |         16 |       0 |    0 |     0 |      0 |      0 |    0 |          0 |
|                 xpm_memory_base_inst                                                 |                             xpm_memory_base__1 |         10 |         10 |       0 |    0 |     0 |      2 |      1 |    0 |          0 |
|             gen_tag_macros[1].i_shift_reg_rvalid                                     |                                  shift_reg_556 |          1 |          1 |       0 |    0 |     1 |      0 |      0 |    0 |          0 |
|               i_shift_reg_gated                                                      |                            shift_reg_gated_583 |          1 |          1 |       0 |    0 |     1 |      0 |      0 |    0 |          0 |
|             gen_tag_macros[1].i_tag_store                                            |                                    tc_sram_557 |         27 |         27 |       0 |    0 |     0 |      2 |      1 |    0 |          0 |
|               gen_1_ports.i_xpm_memory_spram                                         |                           xpm_memory_spram_582 |         27 |         27 |       0 |    0 |     0 |      2 |      1 |    0 |          0 |
|                 (gen_1_ports.i_xpm_memory_spram)                                     |                           xpm_memory_spram_582 |         17 |         17 |       0 |    0 |     0 |      0 |      0 |    0 |          0 |
|                 xpm_memory_base_inst                                                 |                             xpm_memory_base__2 |         10 |         10 |       0 |    0 |     0 |      2 |      1 |    0 |          0 |
|             gen_tag_macros[2].i_shift_reg_rvalid                                     |                                  shift_reg_558 |          1 |          1 |       0 |    0 |     1 |      0 |      0 |    0 |          0 |
|               i_shift_reg_gated                                                      |                            shift_reg_gated_581 |          1 |          1 |       0 |    0 |     1 |      0 |      0 |    0 |          0 |
|             gen_tag_macros[2].i_tag_store                                            |                                    tc_sram_559 |         29 |         29 |       0 |    0 |     0 |      2 |      1 |    0 |          0 |
|               gen_1_ports.i_xpm_memory_spram                                         |                           xpm_memory_spram_580 |         29 |         29 |       0 |    0 |     0 |      2 |      1 |    0 |          0 |
|                 (gen_1_ports.i_xpm_memory_spram)                                     |                           xpm_memory_spram_580 |         19 |         19 |       0 |    0 |     0 |      0 |      0 |    0 |          0 |
|                 xpm_memory_base_inst                                                 |                             xpm_memory_base__3 |         10 |         10 |       0 |    0 |     0 |      2 |      1 |    0 |          0 |
|             gen_tag_macros[3].i_shift_reg_rvalid                                     |                                  shift_reg_560 |          1 |          1 |       0 |    0 |     1 |      0 |      0 |    0 |          0 |
|               i_shift_reg_gated                                                      |                            shift_reg_gated_579 |          1 |          1 |       0 |    0 |     1 |      0 |      0 |    0 |          0 |
|             gen_tag_macros[3].i_tag_store                                            |                                    tc_sram_561 |         27 |         27 |       0 |    0 |     0 |      2 |      1 |    0 |          0 |
|               gen_1_ports.i_xpm_memory_spram                                         |                           xpm_memory_spram_578 |         27 |         27 |       0 |    0 |     0 |      2 |      1 |    0 |          0 |
|                 (gen_1_ports.i_xpm_memory_spram)                                     |                           xpm_memory_spram_578 |         17 |         17 |       0 |    0 |     0 |      0 |      0 |    0 |          0 |
|                 xpm_memory_base_inst                                                 |                             xpm_memory_base__4 |         10 |         10 |       0 |    0 |     0 |      2 |      1 |    0 |          0 |
|             gen_tag_macros[4].i_shift_reg_rvalid                                     |                                  shift_reg_562 |          1 |          1 |       0 |    0 |     1 |      0 |      0 |    0 |          0 |
|               i_shift_reg_gated                                                      |                            shift_reg_gated_577 |          1 |          1 |       0 |    0 |     1 |      0 |      0 |    0 |          0 |
|             gen_tag_macros[4].i_tag_store                                            |                                    tc_sram_563 |         26 |         26 |       0 |    0 |     0 |      2 |      1 |    0 |          0 |
|               gen_1_ports.i_xpm_memory_spram                                         |                           xpm_memory_spram_576 |         26 |         26 |       0 |    0 |     0 |      2 |      1 |    0 |          0 |
|                 (gen_1_ports.i_xpm_memory_spram)                                     |                           xpm_memory_spram_576 |         16 |         16 |       0 |    0 |     0 |      0 |      0 |    0 |          0 |
|                 xpm_memory_base_inst                                                 |                             xpm_memory_base__5 |         10 |         10 |       0 |    0 |     0 |      2 |      1 |    0 |          0 |
|             gen_tag_macros[5].i_shift_reg_rvalid                                     |                                  shift_reg_564 |          7 |          7 |       0 |    0 |     1 |      0 |      0 |    0 |          0 |
|               i_shift_reg_gated                                                      |                            shift_reg_gated_575 |          7 |          7 |       0 |    0 |     1 |      0 |      0 |    0 |          0 |
|             gen_tag_macros[5].i_tag_store                                            |                                    tc_sram_565 |         42 |         42 |       0 |    0 |     0 |      2 |      1 |    0 |          0 |
|               gen_1_ports.i_xpm_memory_spram                                         |                           xpm_memory_spram_574 |         42 |         42 |       0 |    0 |     0 |      2 |      1 |    0 |          0 |
|                 (gen_1_ports.i_xpm_memory_spram)                                     |                           xpm_memory_spram_574 |         32 |         32 |       0 |    0 |     0 |      0 |      0 |    0 |          0 |
|                 xpm_memory_base_inst                                                 |                             xpm_memory_base__6 |         10 |         10 |       0 |    0 |     0 |      2 |      1 |    0 |          0 |
|             gen_tag_macros[6].i_shift_reg_rvalid                                     |                                  shift_reg_566 |          1 |          1 |       0 |    0 |     1 |      0 |      0 |    0 |          0 |
|               i_shift_reg_gated                                                      |                            shift_reg_gated_573 |          1 |          1 |       0 |    0 |     1 |      0 |      0 |    0 |          0 |
|             gen_tag_macros[6].i_tag_store                                            |                                    tc_sram_567 |         30 |         30 |       0 |    0 |     0 |      2 |      1 |    0 |          0 |
|               gen_1_ports.i_xpm_memory_spram                                         |                           xpm_memory_spram_572 |         30 |         30 |       0 |    0 |     0 |      2 |      1 |    0 |          0 |
|                 (gen_1_ports.i_xpm_memory_spram)                                     |                           xpm_memory_spram_572 |         20 |         20 |       0 |    0 |     0 |      0 |      0 |    0 |          0 |
|                 xpm_memory_base_inst                                                 |                             xpm_memory_base__7 |         10 |         10 |       0 |    0 |     0 |      2 |      1 |    0 |          0 |
|             gen_tag_macros[7].i_shift_reg_rvalid                                     |                                  shift_reg_568 |          1 |          1 |       0 |    0 |     1 |      0 |      0 |    0 |          0 |
|               i_shift_reg_gated                                                      |                                shift_reg_gated |          1 |          1 |       0 |    0 |     1 |      0 |      0 |    0 |          0 |
|             gen_tag_macros[7].i_tag_store                                            |                                    tc_sram_569 |         29 |         29 |       0 |    0 |     0 |      2 |      1 |    0 |          0 |
|               gen_1_ports.i_xpm_memory_spram                                         |                               xpm_memory_spram |         29 |         29 |       0 |    0 |     0 |      2 |      1 |    0 |          0 |
|                 (gen_1_ports.i_xpm_memory_spram)                                     |                               xpm_memory_spram |         19 |         19 |       0 |    0 |     0 |      0 |      0 |    0 |          0 |
|                 xpm_memory_base_inst                                                 |                                xpm_memory_base |         10 |         10 |       0 |    0 |     0 |      2 |      1 |    0 |          0 |
|             i_evict_box                                                              |                              axi_llc_evict_box |        123 |        123 |       0 |    0 |     8 |      0 |      0 |    0 |          0 |
|             i_shift_reg_bist                                                         |                      shift_reg__parameterized0 |         16 |         16 |       0 |    0 |     1 |      0 |      0 |    0 |          0 |
|               i_shift_reg_gated                                                      |                shift_reg_gated__parameterized0 |         16 |         16 |       0 |    0 |     1 |      0 |      0 |    0 |          0 |
|             i_spill_register                                                         |                spill_register__parameterized22 |        198 |        198 |       0 |    0 |    84 |      0 |      0 |    0 |          0 |
|               spill_register_flushable_i                                             |      spill_register_flushable__parameterized22 |        198 |        198 |       0 |    0 |    84 |      0 |      0 |    0 |          0 |
|             i_tag_pattern_gen                                                        |                        axi_llc_tag_pattern_gen |         51 |         51 |       0 |    0 |    29 |      0 |      0 |    0 |          0 |
|               (i_tag_pattern_gen)                                                    |                        axi_llc_tag_pattern_gen |          6 |          6 |       0 |    0 |    17 |      0 |      0 |    0 |          0 |
|               i_index_cnt                                                            |                    counter__parameterized1_570 |         45 |         45 |       0 |    0 |    12 |      0 |      0 |    0 |          0 |
|                 i_counter                                                            |              delta_counter__parameterized1_571 |         45 |         45 |       0 |    0 |    12 |      0 |      0 |    0 |          0 |
|         i_llc_config                                                                 |                                 axi_llc_config |        113 |        113 |       0 |    0 |    33 |      0 |      0 |    0 |          0 |
|           (i_llc_config)                                                             |                                 axi_llc_config |         59 |         59 |       0 |    0 |    11 |      0 |      0 |    0 |          0 |
|           i_ar_addr_decode                                                           |                                    addr_decode |          0 |          0 |       0 |    0 |     0 |      0 |      0 |    0 |          0 |
|             i_addr_decode_dync                                                       |                           addr_decode_dync_555 |          0 |          0 |       0 |    0 |     0 |      0 |      0 |    0 |          0 |
|           i_aw_addr_decode                                                           |                                addr_decode_552 |          0 |          0 |       0 |    0 |     0 |      0 |      0 |    0 |          0 |
|             i_addr_decode_dync                                                       |                               addr_decode_dync |          0 |          0 |       0 |    0 |     0 |      0 |      0 |    0 |          0 |
|           i_flush_recv_counter                                                       |                        counter__parameterized1 |         29 |         29 |       0 |    0 |    11 |      0 |      0 |    0 |          0 |
|             i_counter                                                                |              delta_counter__parameterized1_554 |         29 |         29 |       0 |    0 |    11 |      0 |      0 |    0 |          0 |
|           i_flush_send_counter                                                       |                    counter__parameterized1_553 |         25 |         25 |       0 |    0 |    11 |      0 |      0 |    0 |          0 |
|             i_counter                                                                |                  delta_counter__parameterized1 |         25 |         25 |       0 |    0 |    11 |      0 |      0 |    0 |          0 |
|         i_llc_ways                                                                   |                                   axi_llc_ways |       1980 |       1980 |       0 |    0 |   250 |    256 |      0 |    0 |          0 |
|           gen_data_ways[0].i_data_way                                                |                               axi_llc_data_way |        210 |        210 |       0 |    0 |     3 |     32 |      0 |    0 |          0 |
|             (gen_data_ways[0].i_data_way)                                            |                               axi_llc_data_way |          4 |          4 |       0 |    0 |     3 |      0 |      0 |    0 |          0 |
|             i_data_sram                                                              |                    tc_sram__parameterized0_550 |        206 |        206 |       0 |    0 |     0 |     32 |      0 |    0 |          0 |
|               gen_1_ports.i_xpm_memory_spram                                         |           xpm_memory_spram__parameterized0_551 |        206 |        206 |       0 |    0 |     0 |     32 |      0 |    0 |          0 |
|                 (gen_1_ports.i_xpm_memory_spram)                                     |           xpm_memory_spram__parameterized0_551 |        129 |        129 |       0 |    0 |     0 |      0 |      0 |    0 |          0 |
|                 xpm_memory_base_inst                                                 |             xpm_memory_base__parameterized0__1 |         77 |         77 |       0 |    0 |     0 |     32 |      0 |    0 |          0 |
|           gen_data_ways[1].i_data_way                                                |                           axi_llc_data_way_523 |         78 |         78 |       0 |    0 |     3 |     32 |      0 |    0 |          0 |
|             (gen_data_ways[1].i_data_way)                                            |                           axi_llc_data_way_523 |          3 |          3 |       0 |    0 |     3 |      0 |      0 |    0 |          0 |
|             i_data_sram                                                              |                    tc_sram__parameterized0_548 |         75 |         75 |       0 |    0 |     0 |     32 |      0 |    0 |          0 |
|               gen_1_ports.i_xpm_memory_spram                                         |           xpm_memory_spram__parameterized0_549 |         75 |         75 |       0 |    0 |     0 |     32 |      0 |    0 |          0 |
|                 (gen_1_ports.i_xpm_memory_spram)                                     |           xpm_memory_spram__parameterized0_549 |          2 |          2 |       0 |    0 |     0 |      0 |      0 |    0 |          0 |
|                 xpm_memory_base_inst                                                 |             xpm_memory_base__parameterized0__2 |         73 |         73 |       0 |    0 |     0 |     32 |      0 |    0 |          0 |
|           gen_data_ways[2].i_data_way                                                |                           axi_llc_data_way_524 |        207 |        207 |       0 |    0 |     3 |     32 |      0 |    0 |          0 |
|             (gen_data_ways[2].i_data_way)                                            |                           axi_llc_data_way_524 |          2 |          2 |       0 |    0 |     3 |      0 |      0 |    0 |          0 |
|             i_data_sram                                                              |                    tc_sram__parameterized0_546 |        205 |        205 |       0 |    0 |     0 |     32 |      0 |    0 |          0 |
|               gen_1_ports.i_xpm_memory_spram                                         |           xpm_memory_spram__parameterized0_547 |        205 |        205 |       0 |    0 |     0 |     32 |      0 |    0 |          0 |
|                 (gen_1_ports.i_xpm_memory_spram)                                     |           xpm_memory_spram__parameterized0_547 |        130 |        130 |       0 |    0 |     0 |      0 |      0 |    0 |          0 |
|                 xpm_memory_base_inst                                                 |             xpm_memory_base__parameterized0__3 |         75 |         75 |       0 |    0 |     0 |     32 |      0 |    0 |          0 |
|           gen_data_ways[3].i_data_way                                                |                           axi_llc_data_way_525 |         81 |         81 |       0 |    0 |     3 |     32 |      0 |    0 |          0 |
|             (gen_data_ways[3].i_data_way)                                            |                           axi_llc_data_way_525 |          4 |          4 |       0 |    0 |     3 |      0 |      0 |    0 |          0 |
|             i_data_sram                                                              |                    tc_sram__parameterized0_544 |         77 |         77 |       0 |    0 |     0 |     32 |      0 |    0 |          0 |
|               gen_1_ports.i_xpm_memory_spram                                         |           xpm_memory_spram__parameterized0_545 |         77 |         77 |       0 |    0 |     0 |     32 |      0 |    0 |          0 |
|                 (gen_1_ports.i_xpm_memory_spram)                                     |           xpm_memory_spram__parameterized0_545 |          1 |          1 |       0 |    0 |     0 |      0 |      0 |    0 |          0 |
|                 xpm_memory_base_inst                                                 |             xpm_memory_base__parameterized0__4 |         76 |         76 |       0 |    0 |     0 |     32 |      0 |    0 |          0 |
|           gen_data_ways[4].i_data_way                                                |                           axi_llc_data_way_526 |        209 |        209 |       0 |    0 |     3 |     32 |      0 |    0 |          0 |
|             (gen_data_ways[4].i_data_way)                                            |                           axi_llc_data_way_526 |          4 |          4 |       0 |    0 |     3 |      0 |      0 |    0 |          0 |
|             i_data_sram                                                              |                    tc_sram__parameterized0_542 |        205 |        205 |       0 |    0 |     0 |     32 |      0 |    0 |          0 |
|               gen_1_ports.i_xpm_memory_spram                                         |           xpm_memory_spram__parameterized0_543 |        205 |        205 |       0 |    0 |     0 |     32 |      0 |    0 |          0 |
|                 (gen_1_ports.i_xpm_memory_spram)                                     |           xpm_memory_spram__parameterized0_543 |        130 |        130 |       0 |    0 |     0 |      0 |      0 |    0 |          0 |
|                 xpm_memory_base_inst                                                 |             xpm_memory_base__parameterized0__5 |         75 |         75 |       0 |    0 |     0 |     32 |      0 |    0 |          0 |
|           gen_data_ways[5].i_data_way                                                |                           axi_llc_data_way_527 |         80 |         80 |       0 |    0 |     3 |     32 |      0 |    0 |          0 |
|             (gen_data_ways[5].i_data_way)                                            |                           axi_llc_data_way_527 |          5 |          5 |       0 |    0 |     3 |      0 |      0 |    0 |          0 |
|             i_data_sram                                                              |                    tc_sram__parameterized0_540 |         75 |         75 |       0 |    0 |     0 |     32 |      0 |    0 |          0 |
|               gen_1_ports.i_xpm_memory_spram                                         |           xpm_memory_spram__parameterized0_541 |         75 |         75 |       0 |    0 |     0 |     32 |      0 |    0 |          0 |
|                 (gen_1_ports.i_xpm_memory_spram)                                     |           xpm_memory_spram__parameterized0_541 |          1 |          1 |       0 |    0 |     0 |      0 |      0 |    0 |          0 |
|                 xpm_memory_base_inst                                                 |             xpm_memory_base__parameterized0__6 |         74 |         74 |       0 |    0 |     0 |     32 |      0 |    0 |          0 |
|           gen_data_ways[6].i_data_way                                                |                           axi_llc_data_way_528 |         79 |         79 |       0 |    0 |     3 |     32 |      0 |    0 |          0 |
|             (gen_data_ways[6].i_data_way)                                            |                           axi_llc_data_way_528 |          4 |          4 |       0 |    0 |     3 |      0 |      0 |    0 |          0 |
|             i_data_sram                                                              |                    tc_sram__parameterized0_538 |         75 |         75 |       0 |    0 |     0 |     32 |      0 |    0 |          0 |
|               gen_1_ports.i_xpm_memory_spram                                         |           xpm_memory_spram__parameterized0_539 |         75 |         75 |       0 |    0 |     0 |     32 |      0 |    0 |          0 |
|                 (gen_1_ports.i_xpm_memory_spram)                                     |           xpm_memory_spram__parameterized0_539 |          1 |          1 |       0 |    0 |     0 |      0 |      0 |    0 |          0 |
|                 xpm_memory_base_inst                                                 |             xpm_memory_base__parameterized0__7 |         74 |         74 |       0 |    0 |     0 |     32 |      0 |    0 |          0 |
|           gen_data_ways[7].i_data_way                                                |                           axi_llc_data_way_529 |        239 |        239 |       0 |    0 |     3 |     32 |      0 |    0 |          0 |
|             (gen_data_ways[7].i_data_way)                                            |                           axi_llc_data_way_529 |          4 |          4 |       0 |    0 |     3 |      0 |      0 |    0 |          0 |
|             i_data_sram                                                              |                        tc_sram__parameterized0 |        235 |        235 |       0 |    0 |     0 |     32 |      0 |    0 |          0 |
|               gen_1_ports.i_xpm_memory_spram                                         |               xpm_memory_spram__parameterized0 |        235 |        235 |       0 |    0 |     0 |     32 |      0 |    0 |          0 |
|                 (gen_1_ports.i_xpm_memory_spram)                                     |               xpm_memory_spram__parameterized0 |        162 |        162 |       0 |    0 |     0 |      0 |      0 |    0 |          0 |
|                 xpm_memory_base_inst                                                 |                xpm_memory_base__parameterized0 |         73 |         73 |       0 |    0 |     0 |     32 |      0 |    0 |          0 |
|           i_e_switch_fifo                                                            |                        fifo_v3__parameterized9 |         37 |         37 |       0 |    0 |    85 |      0 |      0 |    0 |          0 |
|           i_r_switch_fifo                                                            |                    fifo_v3__parameterized9_530 |         37 |         37 |       0 |    0 |    85 |      0 |      0 |    0 |          0 |
|           i_stream_xbar                                                              |                    stream_xbar__parameterized0 |        726 |        726 |       0 |    0 |    56 |      0 |      0 |    0 |          0 |
|             gen_outs[0].i_rr_arb_tree                                                |                    rr_arb_tree__parameterized6 |         88 |         88 |       0 |    0 |     7 |      0 |      0 |    0 |          0 |
|             gen_outs[1].i_rr_arb_tree                                                |                rr_arb_tree__parameterized6_531 |         98 |         98 |       0 |    0 |     7 |      0 |      0 |    0 |          0 |
|             gen_outs[2].i_rr_arb_tree                                                |                rr_arb_tree__parameterized6_532 |         92 |         92 |       0 |    0 |     7 |      0 |      0 |    0 |          0 |
|             gen_outs[3].i_rr_arb_tree                                                |                rr_arb_tree__parameterized6_533 |         88 |         88 |       0 |    0 |     7 |      0 |      0 |    0 |          0 |
|             gen_outs[4].i_rr_arb_tree                                                |                rr_arb_tree__parameterized6_534 |         92 |         92 |       0 |    0 |     7 |      0 |      0 |    0 |          0 |
|             gen_outs[5].i_rr_arb_tree                                                |                rr_arb_tree__parameterized6_535 |         88 |         88 |       0 |    0 |     7 |      0 |      0 |    0 |          0 |
|             gen_outs[6].i_rr_arb_tree                                                |                rr_arb_tree__parameterized6_536 |         88 |         88 |       0 |    0 |     7 |      0 |      0 |    0 |          0 |
|             gen_outs[7].i_rr_arb_tree                                                |                rr_arb_tree__parameterized6_537 |         92 |         92 |       0 |    0 |     7 |      0 |      0 |    0 |          0 |
|         i_merge_unit                                                                 |                             axi_llc_merge_unit |         12 |         12 |       0 |    0 |     8 |      0 |      0 |    0 |          0 |
|           i_stream_xbar                                                              |                                    stream_xbar |         12 |         12 |       0 |    0 |     8 |      0 |      0 |    0 |          0 |
|             gen_outs[0].i_rr_arb_tree                                                |                    rr_arb_tree__parameterized5 |          5 |          5 |       0 |    0 |     4 |      0 |      0 |    0 |          0 |
|             gen_outs[1].i_rr_arb_tree                                                |                rr_arb_tree__parameterized5_522 |          7 |          7 |       0 |    0 |     4 |      0 |      0 |    0 |          0 |
|         i_read_unit                                                                  |                              axi_llc_read_unit |        324 |        324 |       0 |    0 |   631 |      0 |      0 |    0 |          0 |
|           (i_read_unit)                                                              |                              axi_llc_read_unit |         38 |         38 |       0 |    0 |    44 |      0 |      0 |    0 |          0 |
|           i_r_fifo                                                                   |                        fifo_v3__parameterized8 |        245 |        245 |       0 |    0 |   562 |      0 |      0 |    0 |          0 |
|           i_r_meta_fifo                                                              |                        fifo_v3__parameterized7 |         42 |         42 |       0 |    0 |    25 |      0 |      0 |    0 |          0 |
|         i_refill_unit                                                                |                            axi_llc_refill_unit |        216 |        216 |       0 |    0 |   327 |      0 |      0 |    0 |          0 |
|           i_ar_master                                                                |              axi_llc_ax_master__parameterized0 |          0 |          0 |       0 |    0 |    91 |      0 |      0 |    0 |          0 |
|           i_r_master                                                                 |                               axi_llc_r_master |        114 |        114 |       0 |    0 |    49 |      0 |      0 |    0 |          0 |
|             (i_r_master)                                                             |                               axi_llc_r_master |         98 |         98 |       0 |    0 |    46 |      0 |      0 |    0 |          0 |
|             i_block_offset_counter                                                   |                        counter__parameterized4 |         16 |         16 |       0 |    0 |     3 |      0 |      0 |    0 |          0 |
|               i_counter                                                              |                  delta_counter__parameterized4 |         16 |         16 |       0 |    0 |     3 |      0 |      0 |    0 |          0 |
|           i_stream_fifo_refill                                                       |                                    stream_fifo |        102 |        102 |       0 |    0 |   187 |      0 |      0 |    0 |          0 |
|             fifo_i                                                                   |                        fifo_v3__parameterized3 |        102 |        102 |       0 |    0 |   187 |      0 |      0 |    0 |          0 |
|         i_rw_arb_tree                                                                |                    rr_arb_tree__parameterized3 |         61 |         61 |       0 |    0 |     6 |      0 |      0 |    0 |          0 |
|         i_rw_spill                                                                   |                spill_register__parameterized21 |         93 |         93 |       0 |    0 |   158 |      0 |      0 |    0 |          0 |
|           spill_register_flushable_i                                                 |      spill_register_flushable__parameterized21 |         93 |         93 |       0 |    0 |   158 |      0 |      0 |    0 |          0 |
|         i_write_unit                                                                 |                             axi_llc_write_unit |        268 |        268 |       0 |    0 |   496 |      0 |      0 |    0 |          0 |
|           (i_write_unit)                                                             |                             axi_llc_write_unit |         35 |         35 |       0 |    0 |    44 |      0 |      0 |    0 |          0 |
|           i_spill_register_b                                                         |            spill_register__parameterized12_520 |         77 |         77 |       0 |    0 |    10 |      0 |      0 |    0 |          0 |
|             spill_register_flushable_i                                               |  spill_register_flushable__parameterized12_521 |         77 |         77 |       0 |    0 |    10 |      0 |      0 |    0 |          0 |
|           i_w_stream_fifo                                                            |                    stream_fifo__parameterized1 |        158 |        158 |       0 |    0 |   442 |      0 |      0 |    0 |          0 |
|             fifo_i                                                                   |                        fifo_v3__parameterized6 |        158 |        158 |       0 |    0 |   442 |      0 |      0 |    0 |          0 |
|       i_llc_config_regfile                                                           |                                axi_llc_reg_top |        245 |        245 |       0 |    0 |   147 |      0 |      0 |    0 |          0 |
|         (i_llc_config_regfile)                                                       |                                axi_llc_reg_top |        215 |        215 |       0 |    0 |     0 |      0 |      0 |    0 |          0 |
|         u_bist_out_low                                                               |                    prim_subreg__parameterized1 |          0 |          0 |       0 |    0 |     8 |      0 |      0 |    0 |          0 |
|         u_bist_status                                                                |                prim_subreg__parameterized2_513 |          0 |          0 |       0 |    0 |     1 |      0 |      0 |    0 |          0 |
|         u_cfg_flush_high                                                             |                                prim_subreg_514 |          0 |          0 |       0 |    0 |    32 |      0 |      0 |    0 |          0 |
|         u_cfg_flush_low                                                              |                                prim_subreg_515 |         20 |         20 |       0 |    0 |    32 |      0 |      0 |    0 |          0 |
|         u_cfg_spm_high                                                               |                                prim_subreg_516 |          0 |          0 |       0 |    0 |    32 |      0 |      0 |    0 |          0 |
|         u_cfg_spm_low                                                                |                                prim_subreg_517 |          8 |          8 |       0 |    0 |    32 |      0 |      0 |    0 |          0 |
|         u_commit_cfg                                                                 |                    prim_subreg__parameterized0 |          0 |          0 |       0 |    0 |     1 |      0 |      0 |    0 |          0 |
|         u_flushed_low                                                                |                prim_subreg__parameterized1_518 |          2 |          2 |       0 |    0 |     8 |      0 |      0 |    0 |          0 |
|         u_version_high                                                               |                prim_subreg__parameterized1_519 |          0 |          0 |       0 |    0 |     1 |      0 |      0 |    0 |          0 |
|     gen_llc_atomics.i_llc_atomics_cut                                                |                                     axi_cut_70 |        606 |        606 |       0 |    0 |   562 |      0 |      0 |    0 |          0 |
|       i_reg_ar                                                                       |            spill_register__parameterized13_503 |        298 |        298 |       0 |    0 |   132 |      0 |      0 |    0 |          0 |
|         spill_register_flushable_i                                                   |  spill_register_flushable__parameterized13_512 |        298 |        298 |       0 |    0 |   132 |      0 |      0 |    0 |          0 |
|       i_reg_aw                                                                       |            spill_register__parameterized10_504 |        171 |        171 |       0 |    0 |   132 |      0 |      0 |    0 |          0 |
|         spill_register_flushable_i                                                   |  spill_register_flushable__parameterized10_511 |        171 |        171 |       0 |    0 |   132 |      0 |      0 |    0 |          0 |
|       i_reg_b                                                                        |            spill_register__parameterized12_505 |         24 |         24 |       0 |    0 |    10 |      0 |      0 |    0 |          0 |
|         spill_register_flushable_i                                                   |  spill_register_flushable__parameterized12_510 |         24 |         24 |       0 |    0 |    10 |      0 |      0 |    0 |          0 |
|       i_reg_r                                                                        |            spill_register__parameterized14_506 |         38 |         38 |       0 |    0 |   140 |      0 |      0 |    0 |          0 |
|         spill_register_flushable_i                                                   |  spill_register_flushable__parameterized14_509 |         38 |         38 |       0 |    0 |   140 |      0 |      0 |    0 |          0 |
|       i_reg_w                                                                        |            spill_register__parameterized11_507 |         75 |         75 |       0 |    0 |   148 |      0 |      0 |    0 |          0 |
|         spill_register_flushable_i                                                   |  spill_register_flushable__parameterized11_508 |         75 |         75 |       0 |    0 |   148 |      0 |      0 |    0 |          0 |
|     gen_no_dbg.i_dbg_err_slv                                                         |                    axi_err_slv__parameterized0 |         32 |         32 |       0 |    0 |    41 |      0 |      0 |    0 |          0 |
|       (gen_no_dbg.i_dbg_err_slv)                                                     |                    axi_err_slv__parameterized0 |          0 |          0 |       0 |    0 |     1 |      0 |      0 |    0 |          0 |
|       i_b_fifo                                                                       |                       fifo_v3__parameterized29 |          6 |          6 |       0 |    0 |    12 |      0 |      0 |    0 |          0 |
|       i_r_counter                                                                    |                                    counter_501 |          8 |          8 |       0 |    0 |     8 |      0 |      0 |    0 |          0 |
|         i_counter                                                                    |                              delta_counter_502 |          8 |          8 |       0 |    0 |     8 |      0 |      0 |    0 |          0 |
|       i_r_fifo                                                                       |                       fifo_v3__parameterized30 |         10 |         10 |       0 |    0 |    14 |      0 |      0 |    0 |          0 |
|       i_w_fifo                                                                       |                       fifo_v3__parameterized28 |          8 |          8 |       0 |    0 |     6 |      0 |      0 |    0 |          0 |
|     gen_uart.i_uart                                                                  |                                  reg_uart_wrap |        751 |        751 |       0 |    0 |  1479 |      0 |      0 |    0 |          0 |
|       (gen_uart.i_uart)                                                              |                                  reg_uart_wrap |         18 |         18 |       0 |    0 |     0 |      0 |      0 |    0 |          0 |
|       i_apb_uart                                                                     |                                       apb_uart |        733 |        733 |       0 |    0 |  1478 |      0 |      0 |    0 |          0 |
|         (i_apb_uart)                                                                 |                                       apb_uart |         12 |         12 |       0 |    0 |   102 |      0 |      0 |    0 |          0 |
|         UART_BG16                                                                    |                                   uart_baudgen |         31 |         31 |       0 |    0 |    17 |      0 |      0 |    0 |          0 |
|         UART_BG2                                                                     |                                 slib_clock_div |          2 |          2 |       0 |    0 |     4 |      0 |      0 |    0 |          0 |
|         UART_BIDET                                                                   |                               slib_edge_detect |          0 |          0 |       0 |    0 |     1 |      0 |      0 |    0 |          0 |
|         UART_ED_CTS                                                                  |                           slib_edge_detect_490 |          0 |          0 |       0 |    0 |     1 |      0 |      0 |    0 |          0 |
|         UART_ED_DCD                                                                  |                           slib_edge_detect_491 |          0 |          0 |       0 |    0 |     1 |      0 |      0 |    0 |          0 |
|         UART_ED_DSR                                                                  |                           slib_edge_detect_492 |          0 |          0 |       0 |    0 |     1 |      0 |      0 |    0 |          0 |
|         UART_ED_RI                                                                   |                           slib_edge_detect_493 |          0 |          0 |       0 |    0 |     1 |      0 |      0 |    0 |          0 |
|         UART_FEDET                                                                   |                           slib_edge_detect_494 |          0 |          0 |       0 |    0 |     1 |      0 |      0 |    0 |          0 |
|         UART_IF_CTS                                                                  |                              slib_input_filter |          5 |          5 |       0 |    0 |     3 |      0 |      0 |    0 |          0 |
|         UART_IF_DCD                                                                  |                          slib_input_filter_495 |          5 |          5 |       0 |    0 |     3 |      0 |      0 |    0 |          0 |
|         UART_IF_DSR                                                                  |                          slib_input_filter_496 |          4 |          4 |       0 |    0 |     3 |      0 |      0 |    0 |          0 |
|         UART_IF_RI                                                                   |                          slib_input_filter_497 |          4 |          4 |       0 |    0 |     3 |      0 |      0 |    0 |          0 |
|         UART_IIC                                                                     |                                 uart_interrupt |          9 |          9 |       0 |    0 |     4 |      0 |      0 |    0 |          0 |
|         UART_IIC_THRE_ED                                                             |                           slib_edge_detect_498 |          1 |          1 |       0 |    0 |     1 |      0 |      0 |    0 |          0 |
|         UART_IS_SIN                                                                  |                                slib_input_sync |          0 |          0 |       0 |    0 |     2 |      0 |      0 |    0 |          0 |
|         UART_PEDET                                                                   |                           slib_edge_detect_499 |          0 |          0 |       0 |    0 |     1 |      0 |      0 |    0 |          0 |
|         UART_RCLK                                                                    |                           slib_edge_detect_500 |          0 |          0 |       0 |    0 |     1 |      0 |      0 |    0 |          0 |
|         UART_RX                                                                      |                                  uart_receiver |         45 |         45 |       0 |    0 |    36 |      0 |      0 |    0 |          0 |
|           (UART_RX)                                                                  |                                  uart_receiver |         11 |         11 |       0 |    0 |    21 |      0 |      0 |    0 |          0 |
|           RX_BRC                                                                     |                                   slib_counter |         13 |         13 |       0 |    0 |     5 |      0 |      0 |    0 |          0 |
|           RX_IFSB                                                                    |              slib_input_filter__parameterized0 |          8 |          8 |       0 |    0 |     4 |      0 |      0 |    0 |          0 |
|           RX_MVF                                                                     |                                 slib_mv_filter |         14 |         14 |       0 |    0 |     6 |      0 |      0 |    0 |          0 |
|         UART_RXFF                                                                    |                      slib_fifo__parameterized0 |        352 |        352 |       0 |    0 |   736 |      0 |      0 |    0 |          0 |
|         UART_TX                                                                      |                               uart_transmitter |         14 |         14 |       0 |    0 |    16 |      0 |      0 |    0 |          0 |
|         UART_TXFF                                                                    |                                      slib_fifo |        253 |        253 |       0 |    0 |   540 |      0 |      0 |    0 |          0 |
|       i_reg_uart_reg_to_apb                                                          |                                     reg_to_apb |          0 |          0 |       0 |    0 |     1 |      0 |      0 |    0 |          0 |
|     i_axi_to_reg_v2                                                                  |                                  axi_to_reg_v2 |       1668 |       1668 |       0 |    0 |   820 |      0 |      0 |    0 |          0 |
|       gen_tcdm_to_reg[0].i_mem_req_spill                                             |                spill_register__parameterized43 |       1277 |       1277 |       0 |    0 |   166 |      0 |      0 |    0 |          0 |
|         spill_register_flushable_i                                                   |  spill_register_flushable__parameterized44_489 |       1277 |       1277 |       0 |    0 |   166 |      0 |      0 |    0 |          0 |
|       gen_tcdm_to_reg[0].i_periph_to_reg                                             |                                  periph_to_reg |          0 |          0 |       0 |    0 |    33 |      0 |      0 |    0 |          0 |
|       gen_tcdm_to_reg[1].i_mem_req_spill                                             |            spill_register__parameterized43_483 |         94 |         94 |       0 |    0 |   168 |      0 |      0 |    0 |          0 |
|         spill_register_flushable_i                                                   |      spill_register_flushable__parameterized44 |         94 |         94 |       0 |    0 |   168 |      0 |      0 |    0 |          0 |
|       gen_tcdm_to_reg[1].i_periph_to_reg                                             |                              periph_to_reg_484 |          0 |          0 |       0 |    0 |    33 |      0 |      0 |    0 |          0 |
|       i_axi_to_detailed_mem                                                          |                            axi_to_detailed_mem |        300 |        300 |       0 |    0 |   416 |      0 |      0 |    0 |          0 |
|         (i_axi_to_detailed_mem)                                                      |                            axi_to_detailed_mem |         60 |         60 |       0 |    0 |   128 |      0 |      0 |    0 |          0 |
|         i_fork                                                                       |                                    stream_fork |         14 |         14 |       0 |    0 |     4 |      0 |      0 |    0 |          0 |
|         i_fork_dynamic                                                               |                            stream_fork_dynamic |          4 |          4 |       0 |    0 |     3 |      0 |      0 |    0 |          0 |
|           i_fork                                                                     |                    stream_fork__parameterized0 |          4 |          4 |       0 |    0 |     3 |      0 |      0 |    0 |          0 |
|         i_mem_to_banks                                                               |                          mem_to_banks_detailed |        188 |        188 |       0 |    0 |   191 |      0 |      0 |    0 |          0 |
|           gen_reqs[0].i_ft_reg                                                       |                   stream_fifo__parameterized11 |         85 |         85 |       0 |    0 |    84 |      0 |      0 |    0 |          0 |
|             fifo_i                                                                   |                   fifo_v3__parameterized50_488 |         85 |         85 |       0 |    0 |    84 |      0 |      0 |    0 |          0 |
|           gen_reqs[1].i_ft_reg                                                       |               stream_fifo__parameterized11_485 |         29 |         29 |       0 |    0 |    39 |      0 |      0 |    0 |          0 |
|             fifo_i                                                                   |                       fifo_v3__parameterized50 |         29 |         29 |       0 |    0 |    39 |      0 |      0 |    0 |          0 |
|           gen_resp_regs[0].i_ft_reg                                                  |                   stream_fifo__parameterized12 |         37 |         37 |       0 |    0 |    34 |      0 |      0 |    0 |          0 |
|             fifo_i                                                                   |                   fifo_v3__parameterized51_487 |         37 |         37 |       0 |    0 |    34 |      0 |      0 |    0 |          0 |
|           gen_resp_regs[1].i_ft_reg                                                  |               stream_fifo__parameterized12_486 |         37 |         37 |       0 |    0 |    34 |      0 |      0 |    0 |          0 |
|             fifo_i                                                                   |                       fifo_v3__parameterized51 |         37 |         37 |       0 |    0 |    34 |      0 |      0 |    0 |          0 |
|         i_meta_buf                                                                   |                    stream_fifo__parameterized9 |         13 |         13 |       0 |    0 |    14 |      0 |      0 |    0 |          0 |
|           fifo_i                                                                     |                       fifo_v3__parameterized48 |         13 |         13 |       0 |    0 |    14 |      0 |      0 |    0 |          0 |
|         i_sel_buf                                                                    |                    stream_fifo__parameterized8 |         19 |         19 |       0 |    0 |     8 |      0 |      0 |    0 |          0 |
|           fifo_i                                                                     |                       fifo_v3__parameterized47 |         19 |         19 |       0 |    0 |     8 |      0 |      0 |    0 |          0 |
|         i_stream_to_mem                                                              |                                  stream_to_mem |          5 |          5 |       0 |    0 |    68 |      0 |      0 |    0 |          0 |
|           (i_stream_to_mem)                                                          |                                  stream_to_mem |          2 |          2 |       0 |    0 |     2 |      0 |      0 |    0 |          0 |
|           gen_buf.i_resp_buf                                                         |                   stream_fifo__parameterized10 |          3 |          3 |       0 |    0 |    66 |      0 |      0 |    0 |          0 |
|             fifo_i                                                                   |                       fifo_v3__parameterized49 |          3 |          3 |       0 |    0 |    66 |      0 |      0 |    0 |          0 |
|       i_reg_mux                                                                      |                                        reg_mux |          0 |          0 |       0 |    0 |     4 |      0 |      0 |    0 |          0 |
|         i_stream_arbiter                                                             |                 stream_arbiter__parameterized0 |          0 |          0 |       0 |    0 |     4 |      0 |      0 |    0 |          0 |
|           i_arb                                                                      |       stream_arbiter_flushable__parameterized0 |          0 |          0 |       0 |    0 |     4 |      0 |      0 |    0 |          0 |
|             gen_rr_arb.i_arbiter                                                     |                   rr_arb_tree__parameterized30 |          0 |          0 |       0 |    0 |     4 |      0 |      0 |    0 |          0 |
|     i_axi_xbar                                                                       |                                       axi_xbar |       2946 |       2946 |       0 |    0 |  3972 |      0 |      0 |    0 |          0 |
|       gen_mst_port_mux[0].i_axi_mux                                                  |                        axi_mux__parameterized1 |        132 |        132 |       0 |    0 |   141 |      0 |      0 |    0 |          0 |
|         (gen_mst_port_mux[0].i_axi_mux)                                              |                        axi_mux__parameterized1 |          0 |          0 |       0 |    0 |     1 |      0 |      0 |    0 |          0 |
|         gen_mux.i_ar_arbiter                                                         |               rr_arb_tree__parameterized29_470 |          5 |          5 |       0 |    0 |     6 |      0 |      0 |    0 |          0 |
|         gen_mux.i_ar_spill_reg                                                       |            spill_register__parameterized13_471 |         17 |         17 |       0 |    0 |    26 |      0 |      0 |    0 |          0 |
|           spill_register_flushable_i                                                 |  spill_register_flushable__parameterized13_482 |         17 |         17 |       0 |    0 |    26 |      0 |      0 |    0 |          0 |
|         gen_mux.i_aw_arbiter                                                         |               rr_arb_tree__parameterized28_472 |          4 |          4 |       0 |    0 |     6 |      0 |      0 |    0 |          0 |
|         gen_mux.i_aw_spill_reg                                                       |            spill_register__parameterized10_473 |          5 |          5 |       0 |    0 |    10 |      0 |      0 |    0 |          0 |
|           spill_register_flushable_i                                                 |  spill_register_flushable__parameterized10_481 |          5 |          5 |       0 |    0 |    10 |      0 |      0 |    0 |          0 |
|         gen_mux.i_b_spill_reg                                                        |            spill_register__parameterized12_474 |         14 |         14 |       0 |    0 |    10 |      0 |      0 |    0 |          0 |
|           spill_register_flushable_i                                                 |  spill_register_flushable__parameterized12_480 |         14 |         14 |       0 |    0 |    10 |      0 |      0 |    0 |          0 |
|         gen_mux.i_r_spill_reg                                                        |            spill_register__parameterized14_475 |         24 |         24 |       0 |    0 |    14 |      0 |      0 |    0 |          0 |
|           spill_register_flushable_i                                                 |  spill_register_flushable__parameterized14_479 |         24 |         24 |       0 |    0 |    14 |      0 |      0 |    0 |          0 |
|         gen_mux.i_w_fifo                                                             |                   fifo_v3__parameterized46_476 |         58 |         58 |       0 |    0 |    64 |      0 |      0 |    0 |          0 |
|         gen_mux.i_w_spill_reg                                                        |            spill_register__parameterized11_477 |          6 |          6 |       0 |    0 |     4 |      0 |      0 |    0 |          0 |
|           spill_register_flushable_i                                                 |  spill_register_flushable__parameterized11_478 |          6 |          6 |       0 |    0 |     4 |      0 |      0 |    0 |          0 |
|       gen_mst_port_mux[1].i_axi_mux                                                  |                    axi_mux__parameterized1_325 |        402 |        402 |       0 |    0 |   627 |      0 |      0 |    0 |          0 |
|         (gen_mst_port_mux[1].i_axi_mux)                                              |                    axi_mux__parameterized1_325 |          0 |          0 |       0 |    0 |     1 |      0 |      0 |    0 |          0 |
|         gen_mux.i_ar_arbiter                                                         |               rr_arb_tree__parameterized29_457 |         57 |         57 |       0 |    0 |     6 |      0 |      0 |    0 |          0 |
|         gen_mux.i_ar_spill_reg                                                       |            spill_register__parameterized13_458 |         34 |         34 |       0 |    0 |   126 |      0 |      0 |    0 |          0 |
|           spill_register_flushable_i                                                 |  spill_register_flushable__parameterized13_469 |         34 |         34 |       0 |    0 |   126 |      0 |      0 |    0 |          0 |
|         gen_mux.i_aw_arbiter                                                         |               rr_arb_tree__parameterized28_459 |         55 |         55 |       0 |    0 |     6 |      0 |      0 |    0 |          0 |
|         gen_mux.i_aw_spill_reg                                                       |            spill_register__parameterized10_460 |         36 |         36 |       0 |    0 |   128 |      0 |      0 |    0 |          0 |
|           spill_register_flushable_i                                                 |  spill_register_flushable__parameterized10_468 |         36 |         36 |       0 |    0 |   128 |      0 |      0 |    0 |          0 |
|         gen_mux.i_b_spill_reg                                                        |            spill_register__parameterized12_461 |         10 |         10 |       0 |    0 |    10 |      0 |      0 |    0 |          0 |
|           spill_register_flushable_i                                                 |  spill_register_flushable__parameterized12_467 |         10 |         10 |       0 |    0 |    10 |      0 |      0 |    0 |          0 |
|         gen_mux.i_r_spill_reg                                                        |            spill_register__parameterized14_462 |         42 |         42 |       0 |    0 |   140 |      0 |      0 |    0 |          0 |
|           spill_register_flushable_i                                                 |  spill_register_flushable__parameterized14_466 |         42 |         42 |       0 |    0 |   140 |      0 |      0 |    0 |          0 |
|         gen_mux.i_w_fifo                                                             |                   fifo_v3__parameterized46_463 |        130 |        130 |       0 |    0 |    64 |      0 |      0 |    0 |          0 |
|         gen_mux.i_w_spill_reg                                                        |            spill_register__parameterized11_464 |         39 |         39 |       0 |    0 |   146 |      0 |      0 |    0 |          0 |
|           spill_register_flushable_i                                                 |  spill_register_flushable__parameterized11_465 |         39 |         39 |       0 |    0 |   146 |      0 |      0 |    0 |          0 |
|       gen_mst_port_mux[2].i_axi_mux                                                  |                    axi_mux__parameterized1_326 |        411 |        411 |       0 |    0 |   637 |      0 |      0 |    0 |          0 |
|         (gen_mst_port_mux[2].i_axi_mux)                                              |                    axi_mux__parameterized1_326 |          0 |          0 |       0 |    0 |     1 |      0 |      0 |    0 |          0 |
|         gen_mux.i_ar_arbiter                                                         |               rr_arb_tree__parameterized29_444 |         57 |         57 |       0 |    0 |     6 |      0 |      0 |    0 |          0 |
|         gen_mux.i_ar_spill_reg                                                       |            spill_register__parameterized13_445 |         35 |         35 |       0 |    0 |   130 |      0 |      0 |    0 |          0 |
|           spill_register_flushable_i                                                 |  spill_register_flushable__parameterized13_456 |         35 |         35 |       0 |    0 |   130 |      0 |      0 |    0 |          0 |
|         gen_mux.i_aw_arbiter                                                         |               rr_arb_tree__parameterized28_446 |         57 |         57 |       0 |    0 |     6 |      0 |      0 |    0 |          0 |
|         gen_mux.i_aw_spill_reg                                                       |            spill_register__parameterized10_447 |         37 |         37 |       0 |    0 |   132 |      0 |      0 |    0 |          0 |
|           spill_register_flushable_i                                                 |  spill_register_flushable__parameterized10_455 |         37 |         37 |       0 |    0 |   132 |      0 |      0 |    0 |          0 |
|         gen_mux.i_b_spill_reg                                                        |            spill_register__parameterized12_448 |         10 |         10 |       0 |    0 |    10 |      0 |      0 |    0 |          0 |
|           spill_register_flushable_i                                                 |  spill_register_flushable__parameterized12_454 |         10 |         10 |       0 |    0 |    10 |      0 |      0 |    0 |          0 |
|         gen_mux.i_r_spill_reg                                                        |            spill_register__parameterized14_449 |         46 |         46 |       0 |    0 |   140 |      0 |      0 |    0 |          0 |
|           spill_register_flushable_i                                                 |  spill_register_flushable__parameterized14_453 |         46 |         46 |       0 |    0 |   140 |      0 |      0 |    0 |          0 |
|         gen_mux.i_w_fifo                                                             |                   fifo_v3__parameterized46_450 |        131 |        131 |       0 |    0 |    64 |      0 |      0 |    0 |          0 |
|         gen_mux.i_w_spill_reg                                                        |            spill_register__parameterized11_451 |         39 |         39 |       0 |    0 |   148 |      0 |      0 |    0 |          0 |
|           spill_register_flushable_i                                                 |  spill_register_flushable__parameterized11_452 |         39 |         39 |       0 |    0 |   148 |      0 |      0 |    0 |          0 |
|       gen_mst_port_mux[3].i_axi_mux                                                  |                    axi_mux__parameterized1_327 |        295 |        295 |       0 |    0 |   465 |      0 |      0 |    0 |          0 |
|         (gen_mst_port_mux[3].i_axi_mux)                                              |                    axi_mux__parameterized1_327 |          0 |          0 |       0 |    0 |     1 |      0 |      0 |    0 |          0 |
|         gen_mux.i_ar_arbiter                                                         |                   rr_arb_tree__parameterized29 |         14 |         14 |       0 |    0 |     6 |      0 |      0 |    0 |          0 |
|         gen_mux.i_ar_spill_reg                                                       |            spill_register__parameterized13_434 |         30 |         30 |       0 |    0 |    48 |      0 |      0 |    0 |          0 |
|           spill_register_flushable_i                                                 |  spill_register_flushable__parameterized13_443 |         30 |         30 |       0 |    0 |    48 |      0 |      0 |    0 |          0 |
|         gen_mux.i_aw_arbiter                                                         |                   rr_arb_tree__parameterized28 |         13 |         13 |       0 |    0 |     6 |      0 |      0 |    0 |          0 |
|         gen_mux.i_aw_spill_reg                                                       |            spill_register__parameterized10_435 |         17 |         17 |       0 |    0 |    50 |      0 |      0 |    0 |          0 |
|           spill_register_flushable_i                                                 |  spill_register_flushable__parameterized10_442 |         17 |         17 |       0 |    0 |    50 |      0 |      0 |    0 |          0 |
|         gen_mux.i_b_spill_reg                                                        |            spill_register__parameterized12_436 |         16 |         16 |       0 |    0 |    10 |      0 |      0 |    0 |          0 |
|           spill_register_flushable_i                                                 |  spill_register_flushable__parameterized12_441 |         16 |         16 |       0 |    0 |    10 |      0 |      0 |    0 |          0 |
|         gen_mux.i_r_spill_reg                                                        |            spill_register__parameterized14_437 |         42 |         42 |       0 |    0 |   140 |      0 |      0 |    0 |          0 |
|           spill_register_flushable_i                                                 |  spill_register_flushable__parameterized14_440 |         42 |         42 |       0 |    0 |   140 |      0 |      0 |    0 |          0 |
|         gen_mux.i_w_fifo                                                             |                       fifo_v3__parameterized46 |        127 |        127 |       0 |    0 |    64 |      0 |      0 |    0 |          0 |
|         gen_mux.i_w_spill_reg                                                        |            spill_register__parameterized11_438 |         37 |         37 |       0 |    0 |   140 |      0 |      0 |    0 |          0 |
|           spill_register_flushable_i                                                 |  spill_register_flushable__parameterized11_439 |         37 |         37 |       0 |    0 |   140 |      0 |      0 |    0 |          0 |
|       gen_slv_port_demux[0].i_axi_demux                                              |                      axi_demux__parameterized3 |        598 |        598 |       0 |    0 |   628 |      0 |      0 |    0 |          0 |
|         i_ar_sel_spill_reg                                                           |            spill_register__parameterized42_405 |         17 |         17 |       0 |    0 |     8 |      0 |      0 |    0 |          0 |
|           spill_register_flushable_i                                                 |  spill_register_flushable__parameterized43_433 |         17 |         17 |       0 |    0 |     8 |      0 |      0 |    0 |          0 |
|         i_ar_spill_reg                                                               |            spill_register__parameterized34_406 |         42 |         42 |       0 |    0 |   112 |      0 |      0 |    0 |          0 |
|           spill_register_flushable_i                                                 |  spill_register_flushable__parameterized34_432 |         42 |         42 |       0 |    0 |   112 |      0 |      0 |    0 |          0 |
|         i_aw_select_spill_reg                                                        |            spill_register__parameterized42_407 |         18 |         18 |       0 |    0 |     8 |      0 |      0 |    0 |          0 |
|           spill_register_flushable_i                                                 |  spill_register_flushable__parameterized43_431 |         18 |         18 |       0 |    0 |     8 |      0 |      0 |    0 |          0 |
|         i_aw_spill_reg                                                               |            spill_register__parameterized32_408 |         40 |         40 |       0 |    0 |   110 |      0 |      0 |    0 |          0 |
|           spill_register_flushable_i                                                 |  spill_register_flushable__parameterized32_430 |         40 |         40 |       0 |    0 |   110 |      0 |      0 |    0 |          0 |
|         i_b_spill_reg                                                                |            spill_register__parameterized33_409 |         12 |         12 |       0 |    0 |     6 |      0 |      0 |    0 |          0 |
|           spill_register_flushable_i                                                 |  spill_register_flushable__parameterized33_429 |         12 |         12 |       0 |    0 |     6 |      0 |      0 |    0 |          0 |
|         i_demux_simple                                                               |           axi_demux_simple__parameterized3_410 |        209 |        209 |       0 |    0 |   100 |      0 |      0 |    0 |          0 |
|           (i_demux_simple)                                                           |           axi_demux_simple__parameterized3_410 |          0 |          0 |       0 |    0 |     5 |      0 |      0 |    0 |          0 |
|           gen_ar_id_counter.i_ar_id_counter                                          |      axi_demux_id_counters__parameterized3_415 |         30 |         30 |       0 |    0 |    36 |      0 |      0 |    0 |          0 |
|             (gen_ar_id_counter.i_ar_id_counter)                                      |      axi_demux_id_counters__parameterized3_415 |          3 |          3 |       0 |    0 |    12 |      0 |      0 |    0 |          0 |
|             gen_counters[0].i_in_flight_cnt                                          |              delta_counter__parameterized0_425 |          7 |          7 |       0 |    0 |     6 |      0 |      0 |    0 |          0 |
|             gen_counters[1].i_in_flight_cnt                                          |              delta_counter__parameterized0_426 |          6 |          6 |       0 |    0 |     6 |      0 |      0 |    0 |          0 |
|             gen_counters[2].i_in_flight_cnt                                          |              delta_counter__parameterized0_427 |          8 |          8 |       0 |    0 |     6 |      0 |      0 |    0 |          0 |
|             gen_counters[3].i_in_flight_cnt                                          |              delta_counter__parameterized0_428 |          6 |          6 |       0 |    0 |     6 |      0 |      0 |    0 |          0 |
|           gen_aw_id_counter.i_aw_id_counter                                          |      axi_demux_id_counters__parameterized3_416 |         34 |         34 |       0 |    0 |    36 |      0 |      0 |    0 |          0 |
|             (gen_aw_id_counter.i_aw_id_counter)                                      |      axi_demux_id_counters__parameterized3_416 |          0 |          0 |       0 |    0 |    12 |      0 |      0 |    0 |          0 |
|             gen_counters[0].i_in_flight_cnt                                          |              delta_counter__parameterized0_421 |         10 |         10 |       0 |    0 |     6 |      0 |      0 |    0 |          0 |
|             gen_counters[1].i_in_flight_cnt                                          |              delta_counter__parameterized0_422 |          6 |          6 |       0 |    0 |     6 |      0 |      0 |    0 |          0 |
|             gen_counters[2].i_in_flight_cnt                                          |              delta_counter__parameterized0_423 |          6 |          6 |       0 |    0 |     6 |      0 |      0 |    0 |          0 |
|             gen_counters[3].i_in_flight_cnt                                          |              delta_counter__parameterized0_424 |         12 |         12 |       0 |    0 |     6 |      0 |      0 |    0 |          0 |
|           i_b_mux                                                                    |               rr_arb_tree__parameterized27_417 |         25 |         25 |       0 |    0 |     9 |      0 |      0 |    0 |          0 |
|           i_counter_open_w                                                           |                    counter__parameterized0_418 |         13 |         13 |       0 |    0 |     5 |      0 |      0 |    0 |          0 |
|             i_counter                                                                |              delta_counter__parameterized0_420 |         13 |         13 |       0 |    0 |     5 |      0 |      0 |    0 |          0 |
|           i_r_mux                                                                    |               rr_arb_tree__parameterized27_419 |        108 |        108 |       0 |    0 |     9 |      0 |      0 |    0 |          0 |
|         i_r_spill_reg                                                                |            spill_register__parameterized35_411 |        222 |        222 |       0 |    0 |   136 |      0 |      0 |    0 |          0 |
|           spill_register_flushable_i                                                 |  spill_register_flushable__parameterized35_414 |        222 |        222 |       0 |    0 |   136 |      0 |      0 |    0 |          0 |
|         i_w_spill_reg                                                                |            spill_register__parameterized11_412 |         40 |         40 |       0 |    0 |   148 |      0 |      0 |    0 |          0 |
|           spill_register_flushable_i                                                 |  spill_register_flushable__parameterized11_413 |         40 |         40 |       0 |    0 |   148 |      0 |      0 |    0 |          0 |
|       gen_slv_port_demux[0].i_axi_err_slv                                            |                    axi_err_slv__parameterized2 |         72 |         72 |       0 |    0 |    72 |      0 |      0 |    0 |          0 |
|         (gen_slv_port_demux[0].i_axi_err_slv)                                        |                    axi_err_slv__parameterized2 |          0 |          0 |       0 |    0 |     1 |      0 |      0 |    0 |          0 |
|         i_atop_filter                                                                |            axi_atop_filter__parameterized1_399 |         33 |         33 |       0 |    0 |    17 |      0 |      0 |    0 |          0 |
|         i_b_fifo                                                                     |                   fifo_v3__parameterized44_400 |          7 |          7 |       0 |    0 |     8 |      0 |      0 |    0 |          0 |
|         i_r_counter                                                                  |                                    counter_401 |          8 |          8 |       0 |    0 |     8 |      0 |      0 |    0 |          0 |
|           i_counter                                                                  |                              delta_counter_404 |          8 |          8 |       0 |    0 |     8 |      0 |      0 |    0 |          0 |
|         i_r_fifo                                                                     |                   fifo_v3__parameterized45_402 |         13 |         13 |       0 |    0 |    23 |      0 |      0 |    0 |          0 |
|         i_w_fifo                                                                     |                   fifo_v3__parameterized43_403 |         13 |         13 |       0 |    0 |    15 |      0 |      0 |    0 |          0 |
|       gen_slv_port_demux[1].i_axi_demux                                              |                  axi_demux__parameterized3_328 |         32 |         32 |       0 |    0 |    22 |      0 |      0 |    0 |          0 |
|         i_b_spill_reg                                                                |            spill_register__parameterized33_392 |          2 |          2 |       0 |    0 |     2 |      0 |      0 |    0 |          0 |
|           spill_register_flushable_i                                                 |  spill_register_flushable__parameterized33_398 |          2 |          2 |       0 |    0 |     2 |      0 |      0 |    0 |          0 |
|         i_demux_simple                                                               |           axi_demux_simple__parameterized3_393 |         27 |         27 |       0 |    0 |    18 |      0 |      0 |    0 |          0 |
|           i_b_mux                                                                    |               rr_arb_tree__parameterized27_396 |         15 |         15 |       0 |    0 |     9 |      0 |      0 |    0 |          0 |
|           i_r_mux                                                                    |               rr_arb_tree__parameterized27_397 |         12 |         12 |       0 |    0 |     9 |      0 |      0 |    0 |          0 |
|         i_r_spill_reg                                                                |            spill_register__parameterized35_394 |          3 |          3 |       0 |    0 |     2 |      0 |      0 |    0 |          0 |
|           spill_register_flushable_i                                                 |  spill_register_flushable__parameterized35_395 |          3 |          3 |       0 |    0 |     2 |      0 |      0 |    0 |          0 |
|       gen_slv_port_demux[1].i_axi_err_slv                                            |                axi_err_slv__parameterized2_329 |         33 |         33 |       0 |    0 |    27 |      0 |      0 |    0 |          0 |
|         (gen_slv_port_demux[1].i_axi_err_slv)                                        |                axi_err_slv__parameterized2_329 |          0 |          0 |       0 |    0 |     1 |      0 |      0 |    0 |          0 |
|         i_atop_filter                                                                |            axi_atop_filter__parameterized1_387 |         16 |         16 |       0 |    0 |    13 |      0 |      0 |    0 |          0 |
|         i_b_fifo                                                                     |                   fifo_v3__parameterized44_388 |          3 |          3 |       0 |    0 |     2 |      0 |      0 |    0 |          0 |
|         i_r_counter                                                                  |                                    counter_389 |         10 |         10 |       0 |    0 |     8 |      0 |      0 |    0 |          0 |
|           i_counter                                                                  |                              delta_counter_391 |         10 |         10 |       0 |    0 |     8 |      0 |      0 |    0 |          0 |
|         i_r_fifo                                                                     |                   fifo_v3__parameterized45_390 |          4 |          4 |       0 |    0 |     3 |      0 |      0 |    0 |          0 |
|       gen_slv_port_demux[2].i_axi_demux                                              |                  axi_demux__parameterized3_330 |        371 |        371 |       0 |    0 |   612 |      0 |      0 |    0 |          0 |
|         i_ar_sel_spill_reg                                                           |            spill_register__parameterized42_358 |         11 |         11 |       0 |    0 |     8 |      0 |      0 |    0 |          0 |
|           spill_register_flushable_i                                                 |  spill_register_flushable__parameterized43_386 |         11 |         11 |       0 |    0 |     8 |      0 |      0 |    0 |          0 |
|         i_ar_spill_reg                                                               |            spill_register__parameterized34_359 |         62 |         62 |       0 |    0 |   122 |      0 |      0 |    0 |          0 |
|           spill_register_flushable_i                                                 |  spill_register_flushable__parameterized34_385 |         62 |         62 |       0 |    0 |   122 |      0 |      0 |    0 |          0 |
|         i_aw_select_spill_reg                                                        |            spill_register__parameterized42_360 |          9 |          9 |       0 |    0 |     8 |      0 |      0 |    0 |          0 |
|           spill_register_flushable_i                                                 |  spill_register_flushable__parameterized43_384 |          9 |          9 |       0 |    0 |     8 |      0 |      0 |    0 |          0 |
|         i_aw_spill_reg                                                               |            spill_register__parameterized32_361 |         35 |         35 |       0 |    0 |   122 |      0 |      0 |    0 |          0 |
|           spill_register_flushable_i                                                 |  spill_register_flushable__parameterized32_383 |         35 |         35 |       0 |    0 |   122 |      0 |      0 |    0 |          0 |
|         i_b_spill_reg                                                                |            spill_register__parameterized33_362 |          0 |          0 |       0 |    0 |     1 |      0 |      0 |    0 |          0 |
|           spill_register_flushable_i                                                 |  spill_register_flushable__parameterized33_382 |          0 |          0 |       0 |    0 |     1 |      0 |      0 |    0 |          0 |
|         i_demux_simple                                                               |           axi_demux_simple__parameterized3_363 |        176 |        176 |       0 |    0 |    73 |      0 |      0 |    0 |          0 |
|           (i_demux_simple)                                                           |           axi_demux_simple__parameterized3_363 |          0 |          0 |       0 |    0 |     5 |      0 |      0 |    0 |          0 |
|           gen_ar_id_counter.i_ar_id_counter                                          |      axi_demux_id_counters__parameterized3_368 |         23 |         23 |       0 |    0 |    27 |      0 |      0 |    0 |          0 |
|             (gen_ar_id_counter.i_ar_id_counter)                                      |      axi_demux_id_counters__parameterized3_368 |          0 |          0 |       0 |    0 |     3 |      0 |      0 |    0 |          0 |
|             gen_counters[0].i_in_flight_cnt                                          |              delta_counter__parameterized0_378 |          6 |          6 |       0 |    0 |     6 |      0 |      0 |    0 |          0 |
|             gen_counters[1].i_in_flight_cnt                                          |              delta_counter__parameterized0_379 |          5 |          5 |       0 |    0 |     6 |      0 |      0 |    0 |          0 |
|             gen_counters[2].i_in_flight_cnt                                          |              delta_counter__parameterized0_380 |          6 |          6 |       0 |    0 |     6 |      0 |      0 |    0 |          0 |
|             gen_counters[3].i_in_flight_cnt                                          |              delta_counter__parameterized0_381 |          6 |          6 |       0 |    0 |     6 |      0 |      0 |    0 |          0 |
|           gen_aw_id_counter.i_aw_id_counter                                          |      axi_demux_id_counters__parameterized3_369 |         28 |         28 |       0 |    0 |    24 |      0 |      0 |    0 |          0 |
|             gen_counters[0].i_in_flight_cnt                                          |              delta_counter__parameterized0_374 |         12 |         12 |       0 |    0 |     6 |      0 |      0 |    0 |          0 |
|             gen_counters[1].i_in_flight_cnt                                          |              delta_counter__parameterized0_375 |          5 |          5 |       0 |    0 |     6 |      0 |      0 |    0 |          0 |
|             gen_counters[2].i_in_flight_cnt                                          |              delta_counter__parameterized0_376 |          6 |          6 |       0 |    0 |     6 |      0 |      0 |    0 |          0 |
|             gen_counters[3].i_in_flight_cnt                                          |              delta_counter__parameterized0_377 |          5 |          5 |       0 |    0 |     6 |      0 |      0 |    0 |          0 |
|           i_b_mux                                                                    |               rr_arb_tree__parameterized27_370 |         11 |         11 |       0 |    0 |     3 |      0 |      0 |    0 |          0 |
|           i_counter_open_w                                                           |                    counter__parameterized0_371 |         13 |         13 |       0 |    0 |     5 |      0 |      0 |    0 |          0 |
|             i_counter                                                                |              delta_counter__parameterized0_373 |         13 |         13 |       0 |    0 |     5 |      0 |      0 |    0 |          0 |
|           i_r_mux                                                                    |               rr_arb_tree__parameterized27_372 |        102 |        102 |       0 |    0 |     9 |      0 |      0 |    0 |          0 |
|         i_r_spill_reg                                                                |            spill_register__parameterized35_364 |         38 |         38 |       0 |    0 |   130 |      0 |      0 |    0 |          0 |
|           spill_register_flushable_i                                                 |  spill_register_flushable__parameterized35_367 |         38 |         38 |       0 |    0 |   130 |      0 |      0 |    0 |          0 |
|         i_w_spill_reg                                                                |            spill_register__parameterized11_365 |         41 |         41 |       0 |    0 |   148 |      0 |      0 |    0 |          0 |
|           spill_register_flushable_i                                                 |  spill_register_flushable__parameterized11_366 |         41 |         41 |       0 |    0 |   148 |      0 |      0 |    0 |          0 |
|       gen_slv_port_demux[2].i_axi_err_slv                                            |                axi_err_slv__parameterized2_331 |         70 |         70 |       0 |    0 |    70 |      0 |      0 |    0 |          0 |
|         (gen_slv_port_demux[2].i_axi_err_slv)                                        |                axi_err_slv__parameterized2_331 |          0 |          0 |       0 |    0 |     1 |      0 |      0 |    0 |          0 |
|         i_atop_filter                                                                |            axi_atop_filter__parameterized1_352 |         36 |         36 |       0 |    0 |    17 |      0 |      0 |    0 |          0 |
|         i_b_fifo                                                                     |                   fifo_v3__parameterized44_353 |          2 |          2 |       0 |    0 |     2 |      0 |      0 |    0 |          0 |
|         i_r_counter                                                                  |                                    counter_354 |         11 |         11 |       0 |    0 |     8 |      0 |      0 |    0 |          0 |
|           i_counter                                                                  |                              delta_counter_357 |         11 |         11 |       0 |    0 |     8 |      0 |      0 |    0 |          0 |
|         i_r_fifo                                                                     |                   fifo_v3__parameterized45_355 |         18 |         18 |       0 |    0 |    39 |      0 |      0 |    0 |          0 |
|         i_w_fifo                                                                     |                   fifo_v3__parameterized43_356 |          4 |          4 |       0 |    0 |     3 |      0 |      0 |    0 |          0 |
|       gen_slv_port_demux[3].i_axi_demux                                              |                  axi_demux__parameterized3_332 |        475 |        475 |       0 |    0 |   601 |      0 |      0 |    0 |          0 |
|         i_ar_sel_spill_reg                                                           |                spill_register__parameterized42 |         11 |         11 |       0 |    0 |     8 |      0 |      0 |    0 |          0 |
|           spill_register_flushable_i                                                 |  spill_register_flushable__parameterized43_351 |         11 |         11 |       0 |    0 |     8 |      0 |      0 |    0 |          0 |
|         i_ar_spill_reg                                                               |                spill_register__parameterized34 |         29 |         29 |       0 |    0 |   112 |      0 |      0 |    0 |          0 |
|           spill_register_flushable_i                                                 |      spill_register_flushable__parameterized34 |         29 |         29 |       0 |    0 |   112 |      0 |      0 |    0 |          0 |
|         i_aw_select_spill_reg                                                        |            spill_register__parameterized42_336 |          9 |          9 |       0 |    0 |     8 |      0 |      0 |    0 |          0 |
|           spill_register_flushable_i                                                 |      spill_register_flushable__parameterized43 |          9 |          9 |       0 |    0 |     8 |      0 |      0 |    0 |          0 |
|         i_aw_spill_reg                                                               |                spill_register__parameterized32 |         51 |         51 |       0 |    0 |   112 |      0 |      0 |    0 |          0 |
|           spill_register_flushable_i                                                 |      spill_register_flushable__parameterized32 |         51 |         51 |       0 |    0 |   112 |      0 |      0 |    0 |          0 |
|         i_b_spill_reg                                                                |                spill_register__parameterized33 |          5 |          5 |       0 |    0 |     2 |      0 |      0 |    0 |          0 |
|           spill_register_flushable_i                                                 |      spill_register_flushable__parameterized33 |          5 |          5 |       0 |    0 |     2 |      0 |      0 |    0 |          0 |
|         i_demux_simple                                                               |               axi_demux_simple__parameterized3 |        196 |        196 |       0 |    0 |    79 |      0 |      0 |    0 |          0 |
|           (i_demux_simple)                                                           |               axi_demux_simple__parameterized3 |          0 |          0 |       0 |    0 |     5 |      0 |      0 |    0 |          0 |
|           gen_ar_id_counter.i_ar_id_counter                                          |          axi_demux_id_counters__parameterized3 |         23 |         23 |       0 |    0 |    27 |      0 |      0 |    0 |          0 |
|             (gen_ar_id_counter.i_ar_id_counter)                                      |          axi_demux_id_counters__parameterized3 |          0 |          0 |       0 |    0 |     3 |      0 |      0 |    0 |          0 |
|             gen_counters[0].i_in_flight_cnt                                          |              delta_counter__parameterized0_347 |          6 |          6 |       0 |    0 |     6 |      0 |      0 |    0 |          0 |
|             gen_counters[1].i_in_flight_cnt                                          |              delta_counter__parameterized0_348 |          5 |          5 |       0 |    0 |     6 |      0 |      0 |    0 |          0 |
|             gen_counters[2].i_in_flight_cnt                                          |              delta_counter__parameterized0_349 |          6 |          6 |       0 |    0 |     6 |      0 |      0 |    0 |          0 |
|             gen_counters[3].i_in_flight_cnt                                          |              delta_counter__parameterized0_350 |          6 |          6 |       0 |    0 |     6 |      0 |      0 |    0 |          0 |
|           gen_aw_id_counter.i_aw_id_counter                                          |      axi_demux_id_counters__parameterized3_339 |         24 |         24 |       0 |    0 |    24 |      0 |      0 |    0 |          0 |
|             gen_counters[0].i_in_flight_cnt                                          |              delta_counter__parameterized0_343 |         11 |         11 |       0 |    0 |     6 |      0 |      0 |    0 |          0 |
|             gen_counters[1].i_in_flight_cnt                                          |              delta_counter__parameterized0_344 |          4 |          4 |       0 |    0 |     6 |      0 |      0 |    0 |          0 |
|             gen_counters[2].i_in_flight_cnt                                          |              delta_counter__parameterized0_345 |          5 |          5 |       0 |    0 |     6 |      0 |      0 |    0 |          0 |
|             gen_counters[3].i_in_flight_cnt                                          |              delta_counter__parameterized0_346 |          4 |          4 |       0 |    0 |     6 |      0 |      0 |    0 |          0 |
|           i_b_mux                                                                    |                   rr_arb_tree__parameterized27 |         27 |         27 |       0 |    0 |     9 |      0 |      0 |    0 |          0 |
|           i_counter_open_w                                                           |                    counter__parameterized0_340 |         17 |         17 |       0 |    0 |     5 |      0 |      0 |    0 |          0 |
|             i_counter                                                                |              delta_counter__parameterized0_342 |         17 |         17 |       0 |    0 |     5 |      0 |      0 |    0 |          0 |
|           i_r_mux                                                                    |               rr_arb_tree__parameterized27_341 |        106 |        106 |       0 |    0 |     9 |      0 |      0 |    0 |          0 |
|         i_r_spill_reg                                                                |                spill_register__parameterized35 |        134 |        134 |       0 |    0 |   132 |      0 |      0 |    0 |          0 |
|           spill_register_flushable_i                                                 |      spill_register_flushable__parameterized35 |        134 |        134 |       0 |    0 |   132 |      0 |      0 |    0 |          0 |
|         i_w_spill_reg                                                                |            spill_register__parameterized11_337 |         41 |         41 |       0 |    0 |   148 |      0 |      0 |    0 |          0 |
|           spill_register_flushable_i                                                 |  spill_register_flushable__parameterized11_338 |         41 |         41 |       0 |    0 |   148 |      0 |      0 |    0 |          0 |
|       gen_slv_port_demux[3].i_axi_err_slv                                            |                axi_err_slv__parameterized2_333 |         66 |         66 |       0 |    0 |    70 |      0 |      0 |    0 |          0 |
|         (gen_slv_port_demux[3].i_axi_err_slv)                                        |                axi_err_slv__parameterized2_333 |          0 |          0 |       0 |    0 |     1 |      0 |      0 |    0 |          0 |
|         i_atop_filter                                                                |                axi_atop_filter__parameterized1 |         30 |         30 |       0 |    0 |    17 |      0 |      0 |    0 |          0 |
|         i_b_fifo                                                                     |                       fifo_v3__parameterized44 |          3 |          3 |       0 |    0 |     2 |      0 |      0 |    0 |          0 |
|         i_r_counter                                                                  |                                    counter_334 |         12 |         12 |       0 |    0 |     8 |      0 |      0 |    0 |          0 |
|           i_counter                                                                  |                              delta_counter_335 |         12 |         12 |       0 |    0 |     8 |      0 |      0 |    0 |          0 |
|         i_r_fifo                                                                     |                       fifo_v3__parameterized45 |         18 |         18 |       0 |    0 |    39 |      0 |      0 |    0 |          0 |
|         i_w_fifo                                                                     |                       fifo_v3__parameterized43 |          4 |          4 |       0 |    0 |     3 |      0 |      0 |    0 |          0 |
|     i_clint                                                                          |                                          clint |         34 |         34 |       0 |    0 |   132 |      0 |      0 |    0 |          0 |
|       i_clint_reg_top                                                                |                                  clint_reg_top |         34 |         34 |       0 |    0 |   129 |      0 |      0 |    0 |          0 |
|         u_msip_p_0                                                                   |                prim_subreg__parameterized4_320 |          0 |          0 |       0 |    0 |     1 |      0 |      0 |    0 |          0 |
|         u_mtime_high                                                                 |                                prim_subreg_321 |         18 |         18 |       0 |    0 |    32 |      0 |      0 |    0 |          0 |
|         u_mtime_low                                                                  |                                prim_subreg_322 |         16 |         16 |       0 |    0 |    32 |      0 |      0 |    0 |          0 |
|         u_mtimecmp_high0                                                             |                                prim_subreg_323 |         16 |         16 |       0 |    0 |    32 |      0 |      0 |    0 |          0 |
|         u_mtimecmp_low0                                                              |                                prim_subreg_324 |         16 |         16 |       0 |    0 |    32 |      0 |      0 |    0 |          0 |
|       i_sync_edge                                                                    |                               clint_sync_wedge |          0 |          0 |       0 |    0 |     3 |      0 |      0 |    0 |          0 |
|         (i_sync_edge)                                                                |                               clint_sync_wedge |          0 |          0 |       0 |    0 |     1 |      0 |      0 |    0 |          0 |
|         i_sync                                                                       |                                     clint_sync |          0 |          0 |       0 |    0 |     2 |      0 |      0 |    0 |          0 |
|     i_plic                                                                           |                                        rv_plic |        792 |        792 |       0 |    0 |   601 |      0 |      0 |    0 |          0 |
|       gen_target[0].u_target                                                         |                                 rv_plic_target |         10 |         10 |       0 |    0 |     7 |      0 |      0 |    0 |          0 |
|       gen_target[1].u_target                                                         |                              rv_plic_target_87 |         66 |         66 |       0 |    0 |     7 |      0 |      0 |    0 |          0 |
|       u_gateway                                                                      |                                rv_plic_gateway |        118 |        118 |       0 |    0 |   116 |      0 |      0 |    0 |          0 |
|       u_prim_flop_2sync                                                              |                                prim_flop_2sync |         32 |         32 |       0 |    0 |   116 |      0 |      0 |    0 |          0 |
|         (u_prim_flop_2sync)                                                          |                                prim_flop_2sync |          1 |          1 |       0 |    0 |     0 |      0 |      0 |    0 |          0 |
|         gen_syncs[0].i_sync                                                          |                                       sync__61 |          1 |          1 |       0 |    0 |     2 |      0 |      0 |    0 |          0 |
|         gen_syncs[10].i_sync                                                         |                                       sync__71 |          1 |          1 |       0 |    0 |     2 |      0 |      0 |    0 |          0 |
|         gen_syncs[11].i_sync                                                         |                                       sync__72 |          1 |          1 |       0 |    0 |     2 |      0 |      0 |    0 |          0 |
|         gen_syncs[12].i_sync                                                         |                                       sync__73 |          1 |          1 |       0 |    0 |     2 |      0 |      0 |    0 |          0 |
|         gen_syncs[13].i_sync                                                         |                                       sync__74 |          1 |          1 |       0 |    0 |     2 |      0 |      0 |    0 |          0 |
|         gen_syncs[14].i_sync                                                         |                                       sync__75 |          1 |          1 |       0 |    0 |     2 |      0 |      0 |    0 |          0 |
|         gen_syncs[15].i_sync                                                         |                                       sync__76 |          1 |          1 |       0 |    0 |     2 |      0 |      0 |    0 |          0 |
|         gen_syncs[16].i_sync                                                         |                                       sync__77 |          1 |          1 |       0 |    0 |     2 |      0 |      0 |    0 |          0 |
|         gen_syncs[17].i_sync                                                         |                                       sync__78 |          1 |          1 |       0 |    0 |     2 |      0 |      0 |    0 |          0 |
|         gen_syncs[18].i_sync                                                         |                                       sync__79 |          1 |          1 |       0 |    0 |     2 |      0 |      0 |    0 |          0 |
|         gen_syncs[19].i_sync                                                         |                                       sync__80 |          1 |          1 |       0 |    0 |     2 |      0 |      0 |    0 |          0 |
|         gen_syncs[1].i_sync                                                          |                                       sync__62 |          1 |          1 |       0 |    0 |     2 |      0 |      0 |    0 |          0 |
|         gen_syncs[20].i_sync                                                         |                                       sync__81 |          1 |          1 |       0 |    0 |     2 |      0 |      0 |    0 |          0 |
|         gen_syncs[21].i_sync                                                         |                                       sync__82 |          1 |          1 |       0 |    0 |     2 |      0 |      0 |    0 |          0 |
|         gen_syncs[22].i_sync                                                         |                                       sync__83 |          1 |          1 |       0 |    0 |     2 |      0 |      0 |    0 |          0 |
|         gen_syncs[23].i_sync                                                         |                                       sync__84 |          1 |          1 |       0 |    0 |     2 |      0 |      0 |    0 |          0 |
|         gen_syncs[24].i_sync                                                         |                                       sync__85 |          1 |          1 |       0 |    0 |     2 |      0 |      0 |    0 |          0 |
|         gen_syncs[25].i_sync                                                         |                                       sync__86 |          1 |          1 |       0 |    0 |     2 |      0 |      0 |    0 |          0 |
|         gen_syncs[26].i_sync                                                         |                                       sync__87 |          1 |          1 |       0 |    0 |     2 |      0 |      0 |    0 |          0 |
|         gen_syncs[27].i_sync                                                         |                                       sync__88 |          1 |          1 |       0 |    0 |     2 |      0 |      0 |    0 |          0 |
|         gen_syncs[28].i_sync                                                         |                                       sync__89 |          1 |          1 |       0 |    0 |     2 |      0 |      0 |    0 |          0 |
|         gen_syncs[29].i_sync                                                         |                                       sync__90 |          1 |          1 |       0 |    0 |     2 |      0 |      0 |    0 |          0 |
|         gen_syncs[2].i_sync                                                          |                                       sync__63 |          1 |          1 |       0 |    0 |     2 |      0 |      0 |    0 |          0 |
|         gen_syncs[30].i_sync                                                         |                                       sync__91 |          1 |          1 |       0 |    0 |     2 |      0 |      0 |    0 |          0 |
|         gen_syncs[31].i_sync                                                         |                                       sync__92 |          1 |          1 |       0 |    0 |     2 |      0 |      0 |    0 |          0 |
|         gen_syncs[32].i_sync                                                         |                                       sync__93 |          1 |          1 |       0 |    0 |     2 |      0 |      0 |    0 |          0 |
|         gen_syncs[33].i_sync                                                         |                                       sync__94 |          1 |          1 |       0 |    0 |     2 |      0 |      0 |    0 |          0 |
|         gen_syncs[34].i_sync                                                         |                                       sync__95 |          1 |          1 |       0 |    0 |     2 |      0 |      0 |    0 |          0 |
|         gen_syncs[35].i_sync                                                         |                                       sync__96 |          1 |          1 |       0 |    0 |     2 |      0 |      0 |    0 |          0 |
|         gen_syncs[36].i_sync                                                         |                                       sync__97 |          1 |          1 |       0 |    0 |     2 |      0 |      0 |    0 |          0 |
|         gen_syncs[37].i_sync                                                         |                                       sync__98 |          1 |          1 |       0 |    0 |     2 |      0 |      0 |    0 |          0 |
|         gen_syncs[38].i_sync                                                         |                                       sync__99 |          1 |          1 |       0 |    0 |     2 |      0 |      0 |    0 |          0 |
|         gen_syncs[39].i_sync                                                         |                                      sync__100 |          1 |          1 |       0 |    0 |     2 |      0 |      0 |    0 |          0 |
|         gen_syncs[3].i_sync                                                          |                                       sync__64 |          1 |          1 |       0 |    0 |     2 |      0 |      0 |    0 |          0 |
|         gen_syncs[40].i_sync                                                         |                                      sync__101 |          1 |          1 |       0 |    0 |     2 |      0 |      0 |    0 |          0 |
|         gen_syncs[41].i_sync                                                         |                                      sync__102 |          1 |          1 |       0 |    0 |     2 |      0 |      0 |    0 |          0 |
|         gen_syncs[42].i_sync                                                         |                                      sync__103 |          1 |          1 |       0 |    0 |     2 |      0 |      0 |    0 |          0 |
|         gen_syncs[43].i_sync                                                         |                                      sync__104 |          1 |          1 |       0 |    0 |     2 |      0 |      0 |    0 |          0 |
|         gen_syncs[44].i_sync                                                         |                                      sync__105 |          1 |          1 |       0 |    0 |     2 |      0 |      0 |    0 |          0 |
|         gen_syncs[45].i_sync                                                         |                                      sync__106 |          1 |          1 |       0 |    0 |     2 |      0 |      0 |    0 |          0 |
|         gen_syncs[46].i_sync                                                         |                                      sync__107 |          1 |          1 |       0 |    0 |     2 |      0 |      0 |    0 |          0 |
|         gen_syncs[47].i_sync                                                         |                                      sync__108 |          1 |          1 |       0 |    0 |     2 |      0 |      0 |    0 |          0 |
|         gen_syncs[48].i_sync                                                         |                                      sync__109 |          1 |          1 |       0 |    0 |     2 |      0 |      0 |    0 |          0 |
|         gen_syncs[49].i_sync                                                         |                                      sync__110 |          1 |          1 |       0 |    0 |     2 |      0 |      0 |    0 |          0 |
|         gen_syncs[4].i_sync                                                          |                                       sync__65 |          1 |          1 |       0 |    0 |     2 |      0 |      0 |    0 |          0 |
|         gen_syncs[50].i_sync                                                         |                                      sync__111 |          1 |          1 |       0 |    0 |     2 |      0 |      0 |    0 |          0 |
|         gen_syncs[51].i_sync                                                         |                                      sync__112 |          1 |          1 |       0 |    0 |     2 |      0 |      0 |    0 |          0 |
|         gen_syncs[52].i_sync                                                         |                                      sync__113 |          1 |          1 |       0 |    0 |     2 |      0 |      0 |    0 |          0 |
|         gen_syncs[53].i_sync                                                         |                                      sync__114 |          1 |          1 |       0 |    0 |     2 |      0 |      0 |    0 |          0 |
|         gen_syncs[54].i_sync                                                         |                                      sync__115 |          1 |          1 |       0 |    0 |     2 |      0 |      0 |    0 |          0 |
|         gen_syncs[55].i_sync                                                         |                                      sync__116 |          1 |          1 |       0 |    0 |     2 |      0 |      0 |    0 |          0 |
|         gen_syncs[56].i_sync                                                         |                                      sync__117 |          1 |          1 |       0 |    0 |     2 |      0 |      0 |    0 |          0 |
|         gen_syncs[57].i_sync                                                         |                                      sync__118 |          1 |          1 |       0 |    0 |     2 |      0 |      0 |    0 |          0 |
|         gen_syncs[5].i_sync                                                          |                                       sync__66 |          1 |          1 |       0 |    0 |     2 |      0 |      0 |    0 |          0 |
|         gen_syncs[6].i_sync                                                          |                                       sync__67 |          1 |          1 |       0 |    0 |     2 |      0 |      0 |    0 |          0 |
|         gen_syncs[7].i_sync                                                          |                                       sync__68 |          1 |          1 |       0 |    0 |     2 |      0 |      0 |    0 |          0 |
|         gen_syncs[8].i_sync                                                          |                                       sync__69 |          1 |          1 |       0 |    0 |     2 |      0 |      0 |    0 |          0 |
|         gen_syncs[9].i_sync                                                          |                                       sync__70 |          1 |          1 |       0 |    0 |     2 |      0 |      0 |    0 |          0 |
|       u_reg                                                                          |                                rv_plic_reg_top |        566 |        566 |       0 |    0 |   355 |      0 |      0 |    0 |          0 |
|         u_ie0_0_e_0                                                                  |                    prim_subreg__parameterized4 |          0 |          0 |       0 |    0 |     1 |      0 |      0 |    0 |          0 |
|         u_ie0_0_e_1                                                                  |                 prim_subreg__parameterized4_88 |          2 |          2 |       0 |    0 |     1 |      0 |      0 |    0 |          0 |
|         u_ie0_0_e_10                                                                 |                 prim_subreg__parameterized4_89 |          0 |          0 |       0 |    0 |     1 |      0 |      0 |    0 |          0 |
|         u_ie0_0_e_11                                                                 |                 prim_subreg__parameterized4_90 |          2 |          2 |       0 |    0 |     1 |      0 |      0 |    0 |          0 |
|         u_ie0_0_e_12                                                                 |                 prim_subreg__parameterized4_91 |          0 |          0 |       0 |    0 |     1 |      0 |      0 |    0 |          0 |
|         u_ie0_0_e_13                                                                 |                 prim_subreg__parameterized4_92 |          2 |          2 |       0 |    0 |     1 |      0 |      0 |    0 |          0 |
|         u_ie0_0_e_14                                                                 |                 prim_subreg__parameterized4_93 |          0 |          0 |       0 |    0 |     1 |      0 |      0 |    0 |          0 |
|         u_ie0_0_e_15                                                                 |                 prim_subreg__parameterized4_94 |          4 |          4 |       0 |    0 |     1 |      0 |      0 |    0 |          0 |
|         u_ie0_0_e_16                                                                 |                 prim_subreg__parameterized4_95 |          0 |          0 |       0 |    0 |     1 |      0 |      0 |    0 |          0 |
|         u_ie0_0_e_17                                                                 |                 prim_subreg__parameterized4_96 |          2 |          2 |       0 |    0 |     1 |      0 |      0 |    0 |          0 |
|         u_ie0_0_e_18                                                                 |                 prim_subreg__parameterized4_97 |          0 |          0 |       0 |    0 |     1 |      0 |      0 |    0 |          0 |
|         u_ie0_0_e_19                                                                 |                 prim_subreg__parameterized4_98 |          2 |          2 |       0 |    0 |     1 |      0 |      0 |    0 |          0 |
|         u_ie0_0_e_2                                                                  |                 prim_subreg__parameterized4_99 |          0 |          0 |       0 |    0 |     1 |      0 |      0 |    0 |          0 |
|         u_ie0_0_e_20                                                                 |                prim_subreg__parameterized4_100 |          0 |          0 |       0 |    0 |     1 |      0 |      0 |    0 |          0 |
|         u_ie0_0_e_21                                                                 |                prim_subreg__parameterized4_101 |          2 |          2 |       0 |    0 |     1 |      0 |      0 |    0 |          0 |
|         u_ie0_0_e_22                                                                 |                prim_subreg__parameterized4_102 |          0 |          0 |       0 |    0 |     1 |      0 |      0 |    0 |          0 |
|         u_ie0_0_e_23                                                                 |                prim_subreg__parameterized4_103 |          3 |          3 |       0 |    0 |     1 |      0 |      0 |    0 |          0 |
|         u_ie0_0_e_24                                                                 |                prim_subreg__parameterized4_104 |          0 |          0 |       0 |    0 |     1 |      0 |      0 |    0 |          0 |
|         u_ie0_0_e_25                                                                 |                prim_subreg__parameterized4_105 |          2 |          2 |       0 |    0 |     1 |      0 |      0 |    0 |          0 |
|         u_ie0_0_e_26                                                                 |                prim_subreg__parameterized4_106 |          0 |          0 |       0 |    0 |     1 |      0 |      0 |    0 |          0 |
|         u_ie0_0_e_27                                                                 |                prim_subreg__parameterized4_107 |          2 |          2 |       0 |    0 |     1 |      0 |      0 |    0 |          0 |
|         u_ie0_0_e_28                                                                 |                prim_subreg__parameterized4_108 |          0 |          0 |       0 |    0 |     1 |      0 |      0 |    0 |          0 |
|         u_ie0_0_e_29                                                                 |                prim_subreg__parameterized4_109 |          2 |          2 |       0 |    0 |     1 |      0 |      0 |    0 |          0 |
|         u_ie0_0_e_3                                                                  |                prim_subreg__parameterized4_110 |          2 |          2 |       0 |    0 |     1 |      0 |      0 |    0 |          0 |
|         u_ie0_0_e_30                                                                 |                prim_subreg__parameterized4_111 |          0 |          0 |       0 |    0 |     1 |      0 |      0 |    0 |          0 |
|         u_ie0_0_e_31                                                                 |                prim_subreg__parameterized4_112 |          5 |          5 |       0 |    0 |     1 |      0 |      0 |    0 |          0 |
|         u_ie0_0_e_4                                                                  |                prim_subreg__parameterized4_113 |          0 |          0 |       0 |    0 |     1 |      0 |      0 |    0 |          0 |
|         u_ie0_0_e_5                                                                  |                prim_subreg__parameterized4_114 |          0 |          0 |       0 |    0 |     1 |      0 |      0 |    0 |          0 |
|         u_ie0_0_e_6                                                                  |                prim_subreg__parameterized4_115 |          0 |          0 |       0 |    0 |     1 |      0 |      0 |    0 |          0 |
|         u_ie0_0_e_7                                                                  |                prim_subreg__parameterized4_116 |          3 |          3 |       0 |    0 |     1 |      0 |      0 |    0 |          0 |
|         u_ie0_0_e_8                                                                  |                prim_subreg__parameterized4_117 |          0 |          0 |       0 |    0 |     1 |      0 |      0 |    0 |          0 |
|         u_ie0_0_e_9                                                                  |                prim_subreg__parameterized4_118 |          2 |          2 |       0 |    0 |     1 |      0 |      0 |    0 |          0 |
|         u_ie0_1_e_32                                                                 |                prim_subreg__parameterized4_119 |          1 |          1 |       0 |    0 |     1 |      0 |      0 |    0 |          0 |
|         u_ie0_1_e_33                                                                 |                prim_subreg__parameterized4_120 |          3 |          3 |       0 |    0 |     1 |      0 |      0 |    0 |          0 |
|         u_ie0_1_e_34                                                                 |                prim_subreg__parameterized4_121 |          1 |          1 |       0 |    0 |     1 |      0 |      0 |    0 |          0 |
|         u_ie0_1_e_35                                                                 |                prim_subreg__parameterized4_122 |          5 |          5 |       0 |    0 |     1 |      0 |      0 |    0 |          0 |
|         u_ie0_1_e_36                                                                 |                prim_subreg__parameterized4_123 |          3 |          3 |       0 |    0 |     1 |      0 |      0 |    0 |          0 |
|         u_ie0_1_e_37                                                                 |                prim_subreg__parameterized4_124 |          5 |          5 |       0 |    0 |     1 |      0 |      0 |    0 |          0 |
|         u_ie0_1_e_38                                                                 |                prim_subreg__parameterized4_125 |          0 |          0 |       0 |    0 |     1 |      0 |      0 |    0 |          0 |
|         u_ie0_1_e_39                                                                 |                prim_subreg__parameterized4_126 |          3 |          3 |       0 |    0 |     1 |      0 |      0 |    0 |          0 |
|         u_ie0_1_e_40                                                                 |                prim_subreg__parameterized4_127 |          0 |          0 |       0 |    0 |     1 |      0 |      0 |    0 |          0 |
|         u_ie0_1_e_41                                                                 |                prim_subreg__parameterized4_128 |          2 |          2 |       0 |    0 |     1 |      0 |      0 |    0 |          0 |
|         u_ie0_1_e_42                                                                 |                prim_subreg__parameterized4_129 |          0 |          0 |       0 |    0 |     1 |      0 |      0 |    0 |          0 |
|         u_ie0_1_e_43                                                                 |                prim_subreg__parameterized4_130 |          2 |          2 |       0 |    0 |     1 |      0 |      0 |    0 |          0 |
|         u_ie0_1_e_44                                                                 |                prim_subreg__parameterized4_131 |          0 |          0 |       0 |    0 |     1 |      0 |      0 |    0 |          0 |
|         u_ie0_1_e_45                                                                 |                prim_subreg__parameterized4_132 |          2 |          2 |       0 |    0 |     1 |      0 |      0 |    0 |          0 |
|         u_ie0_1_e_46                                                                 |                prim_subreg__parameterized4_133 |          0 |          0 |       0 |    0 |     1 |      0 |      0 |    0 |          0 |
|         u_ie0_1_e_47                                                                 |                prim_subreg__parameterized4_134 |          4 |          4 |       0 |    0 |     1 |      0 |      0 |    0 |          0 |
|         u_ie0_1_e_48                                                                 |                prim_subreg__parameterized4_135 |          0 |          0 |       0 |    0 |     1 |      0 |      0 |    0 |          0 |
|         u_ie0_1_e_49                                                                 |                prim_subreg__parameterized4_136 |          2 |          2 |       0 |    0 |     1 |      0 |      0 |    0 |          0 |
|         u_ie0_1_e_50                                                                 |                prim_subreg__parameterized4_137 |          0 |          0 |       0 |    0 |     1 |      0 |      0 |    0 |          0 |
|         u_ie0_1_e_51                                                                 |                prim_subreg__parameterized4_138 |          2 |          2 |       0 |    0 |     1 |      0 |      0 |    0 |          0 |
|         u_ie0_1_e_52                                                                 |                prim_subreg__parameterized4_139 |          0 |          0 |       0 |    0 |     1 |      0 |      0 |    0 |          0 |
|         u_ie0_1_e_53                                                                 |                prim_subreg__parameterized4_140 |          2 |          2 |       0 |    0 |     1 |      0 |      0 |    0 |          0 |
|         u_ie0_1_e_54                                                                 |                prim_subreg__parameterized4_141 |          0 |          0 |       0 |    0 |     1 |      0 |      0 |    0 |          0 |
|         u_ie0_1_e_55                                                                 |                prim_subreg__parameterized4_142 |          3 |          3 |       0 |    0 |     1 |      0 |      0 |    0 |          0 |
|         u_ie0_1_e_56                                                                 |                prim_subreg__parameterized4_143 |          0 |          0 |       0 |    0 |     1 |      0 |      0 |    0 |          0 |
|         u_ie0_1_e_57                                                                 |                prim_subreg__parameterized4_144 |          4 |          4 |       0 |    0 |     1 |      0 |      0 |    0 |          0 |
|         u_ie1_0_e_0                                                                  |                prim_subreg__parameterized4_145 |          0 |          0 |       0 |    0 |     1 |      0 |      0 |    0 |          0 |
|         u_ie1_0_e_1                                                                  |                prim_subreg__parameterized4_146 |          2 |          2 |       0 |    0 |     1 |      0 |      0 |    0 |          0 |
|         u_ie1_0_e_10                                                                 |                prim_subreg__parameterized4_147 |          0 |          0 |       0 |    0 |     1 |      0 |      0 |    0 |          0 |
|         u_ie1_0_e_11                                                                 |                prim_subreg__parameterized4_148 |          2 |          2 |       0 |    0 |     1 |      0 |      0 |    0 |          0 |
|         u_ie1_0_e_12                                                                 |                prim_subreg__parameterized4_149 |          0 |          0 |       0 |    0 |     1 |      0 |      0 |    0 |          0 |
|         u_ie1_0_e_13                                                                 |                prim_subreg__parameterized4_150 |          2 |          2 |       0 |    0 |     1 |      0 |      0 |    0 |          0 |
|         u_ie1_0_e_14                                                                 |                prim_subreg__parameterized4_151 |          0 |          0 |       0 |    0 |     1 |      0 |      0 |    0 |          0 |
|         u_ie1_0_e_15                                                                 |                prim_subreg__parameterized4_152 |          4 |          4 |       0 |    0 |     1 |      0 |      0 |    0 |          0 |
|         u_ie1_0_e_16                                                                 |                prim_subreg__parameterized4_153 |          0 |          0 |       0 |    0 |     1 |      0 |      0 |    0 |          0 |
|         u_ie1_0_e_17                                                                 |                prim_subreg__parameterized4_154 |          2 |          2 |       0 |    0 |     1 |      0 |      0 |    0 |          0 |
|         u_ie1_0_e_18                                                                 |                prim_subreg__parameterized4_155 |          0 |          0 |       0 |    0 |     1 |      0 |      0 |    0 |          0 |
|         u_ie1_0_e_19                                                                 |                prim_subreg__parameterized4_156 |          2 |          2 |       0 |    0 |     1 |      0 |      0 |    0 |          0 |
|         u_ie1_0_e_2                                                                  |                prim_subreg__parameterized4_157 |          0 |          0 |       0 |    0 |     1 |      0 |      0 |    0 |          0 |
|         u_ie1_0_e_20                                                                 |                prim_subreg__parameterized4_158 |          0 |          0 |       0 |    0 |     1 |      0 |      0 |    0 |          0 |
|         u_ie1_0_e_21                                                                 |                prim_subreg__parameterized4_159 |          2 |          2 |       0 |    0 |     1 |      0 |      0 |    0 |          0 |
|         u_ie1_0_e_22                                                                 |                prim_subreg__parameterized4_160 |          0 |          0 |       0 |    0 |     1 |      0 |      0 |    0 |          0 |
|         u_ie1_0_e_23                                                                 |                prim_subreg__parameterized4_161 |          3 |          3 |       0 |    0 |     1 |      0 |      0 |    0 |          0 |
|         u_ie1_0_e_24                                                                 |                prim_subreg__parameterized4_162 |          0 |          0 |       0 |    0 |     1 |      0 |      0 |    0 |          0 |
|         u_ie1_0_e_25                                                                 |                prim_subreg__parameterized4_163 |          2 |          2 |       0 |    0 |     1 |      0 |      0 |    0 |          0 |
|         u_ie1_0_e_26                                                                 |                prim_subreg__parameterized4_164 |          0 |          0 |       0 |    0 |     1 |      0 |      0 |    0 |          0 |
|         u_ie1_0_e_27                                                                 |                prim_subreg__parameterized4_165 |          2 |          2 |       0 |    0 |     1 |      0 |      0 |    0 |          0 |
|         u_ie1_0_e_28                                                                 |                prim_subreg__parameterized4_166 |          0 |          0 |       0 |    0 |     1 |      0 |      0 |    0 |          0 |
|         u_ie1_0_e_29                                                                 |                prim_subreg__parameterized4_167 |          2 |          2 |       0 |    0 |     1 |      0 |      0 |    0 |          0 |
|         u_ie1_0_e_3                                                                  |                prim_subreg__parameterized4_168 |          2 |          2 |       0 |    0 |     1 |      0 |      0 |    0 |          0 |
|         u_ie1_0_e_30                                                                 |                prim_subreg__parameterized4_169 |          0 |          0 |       0 |    0 |     1 |      0 |      0 |    0 |          0 |
|         u_ie1_0_e_31                                                                 |                prim_subreg__parameterized4_170 |          5 |          5 |       0 |    0 |     1 |      0 |      0 |    0 |          0 |
|         u_ie1_0_e_4                                                                  |                prim_subreg__parameterized4_171 |          0 |          0 |       0 |    0 |     1 |      0 |      0 |    0 |          0 |
|         u_ie1_0_e_5                                                                  |                prim_subreg__parameterized4_172 |          0 |          0 |       0 |    0 |     1 |      0 |      0 |    0 |          0 |
|         u_ie1_0_e_6                                                                  |                prim_subreg__parameterized4_173 |          0 |          0 |       0 |    0 |     1 |      0 |      0 |    0 |          0 |
|         u_ie1_0_e_7                                                                  |                prim_subreg__parameterized4_174 |          3 |          3 |       0 |    0 |     1 |      0 |      0 |    0 |          0 |
|         u_ie1_0_e_8                                                                  |                prim_subreg__parameterized4_175 |          0 |          0 |       0 |    0 |     1 |      0 |      0 |    0 |          0 |
|         u_ie1_0_e_9                                                                  |                prim_subreg__parameterized4_176 |          2 |          2 |       0 |    0 |     1 |      0 |      0 |    0 |          0 |
|         u_ie1_1_e_32                                                                 |                prim_subreg__parameterized4_177 |          0 |          0 |       0 |    0 |     1 |      0 |      0 |    0 |          0 |
|         u_ie1_1_e_33                                                                 |                prim_subreg__parameterized4_178 |          2 |          2 |       0 |    0 |     1 |      0 |      0 |    0 |          0 |
|         u_ie1_1_e_34                                                                 |                prim_subreg__parameterized4_179 |          0 |          0 |       0 |    0 |     1 |      0 |      0 |    0 |          0 |
|         u_ie1_1_e_35                                                                 |                prim_subreg__parameterized4_180 |          2 |          2 |       0 |    0 |     1 |      0 |      0 |    0 |          0 |
|         u_ie1_1_e_36                                                                 |                prim_subreg__parameterized4_181 |          0 |          0 |       0 |    0 |     1 |      0 |      0 |    0 |          0 |
|         u_ie1_1_e_37                                                                 |                prim_subreg__parameterized4_182 |          2 |          2 |       0 |    0 |     1 |      0 |      0 |    0 |          0 |
|         u_ie1_1_e_38                                                                 |                prim_subreg__parameterized4_183 |          0 |          0 |       0 |    0 |     1 |      0 |      0 |    0 |          0 |
|         u_ie1_1_e_39                                                                 |                prim_subreg__parameterized4_184 |          3 |          3 |       0 |    0 |     1 |      0 |      0 |    0 |          0 |
|         u_ie1_1_e_40                                                                 |                prim_subreg__parameterized4_185 |          0 |          0 |       0 |    0 |     1 |      0 |      0 |    0 |          0 |
|         u_ie1_1_e_41                                                                 |                prim_subreg__parameterized4_186 |          2 |          2 |       0 |    0 |     1 |      0 |      0 |    0 |          0 |
|         u_ie1_1_e_42                                                                 |                prim_subreg__parameterized4_187 |          0 |          0 |       0 |    0 |     1 |      0 |      0 |    0 |          0 |
|         u_ie1_1_e_43                                                                 |                prim_subreg__parameterized4_188 |          2 |          2 |       0 |    0 |     1 |      0 |      0 |    0 |          0 |
|         u_ie1_1_e_44                                                                 |                prim_subreg__parameterized4_189 |          0 |          0 |       0 |    0 |     1 |      0 |      0 |    0 |          0 |
|         u_ie1_1_e_45                                                                 |                prim_subreg__parameterized4_190 |          2 |          2 |       0 |    0 |     1 |      0 |      0 |    0 |          0 |
|         u_ie1_1_e_46                                                                 |                prim_subreg__parameterized4_191 |          0 |          0 |       0 |    0 |     1 |      0 |      0 |    0 |          0 |
|         u_ie1_1_e_47                                                                 |                prim_subreg__parameterized4_192 |          4 |          4 |       0 |    0 |     1 |      0 |      0 |    0 |          0 |
|         u_ie1_1_e_48                                                                 |                prim_subreg__parameterized4_193 |          0 |          0 |       0 |    0 |     1 |      0 |      0 |    0 |          0 |
|         u_ie1_1_e_49                                                                 |                prim_subreg__parameterized4_194 |          2 |          2 |       0 |    0 |     1 |      0 |      0 |    0 |          0 |
|         u_ie1_1_e_50                                                                 |                prim_subreg__parameterized4_195 |          0 |          0 |       0 |    0 |     1 |      0 |      0 |    0 |          0 |
|         u_ie1_1_e_51                                                                 |                prim_subreg__parameterized4_196 |          2 |          2 |       0 |    0 |     1 |      0 |      0 |    0 |          0 |
|         u_ie1_1_e_52                                                                 |                prim_subreg__parameterized4_197 |          0 |          0 |       0 |    0 |     1 |      0 |      0 |    0 |          0 |
|         u_ie1_1_e_53                                                                 |                prim_subreg__parameterized4_198 |          2 |          2 |       0 |    0 |     1 |      0 |      0 |    0 |          0 |
|         u_ie1_1_e_54                                                                 |                prim_subreg__parameterized4_199 |          0 |          0 |       0 |    0 |     1 |      0 |      0 |    0 |          0 |
|         u_ie1_1_e_55                                                                 |                prim_subreg__parameterized4_200 |          3 |          3 |       0 |    0 |     1 |      0 |      0 |    0 |          0 |
|         u_ie1_1_e_56                                                                 |                prim_subreg__parameterized4_201 |          0 |          0 |       0 |    0 |     1 |      0 |      0 |    0 |          0 |
|         u_ie1_1_e_57                                                                 |                prim_subreg__parameterized4_202 |          4 |          4 |       0 |    0 |     1 |      0 |      0 |    0 |          0 |
|         u_ip_0_p_0                                                                   |                    prim_subreg__parameterized2 |          0 |          0 |       0 |    0 |     1 |      0 |      0 |    0 |          0 |
|         u_ip_0_p_1                                                                   |                prim_subreg__parameterized2_203 |          0 |          0 |       0 |    0 |     1 |      0 |      0 |    0 |          0 |
|         u_ip_0_p_10                                                                  |                prim_subreg__parameterized2_204 |          0 |          0 |       0 |    0 |     1 |      0 |      0 |    0 |          0 |
|         u_ip_0_p_11                                                                  |                prim_subreg__parameterized2_205 |          0 |          0 |       0 |    0 |     1 |      0 |      0 |    0 |          0 |
|         u_ip_0_p_12                                                                  |                prim_subreg__parameterized2_206 |          0 |          0 |       0 |    0 |     1 |      0 |      0 |    0 |          0 |
|         u_ip_0_p_13                                                                  |                prim_subreg__parameterized2_207 |          0 |          0 |       0 |    0 |     1 |      0 |      0 |    0 |          0 |
|         u_ip_0_p_14                                                                  |                prim_subreg__parameterized2_208 |          0 |          0 |       0 |    0 |     1 |      0 |      0 |    0 |          0 |
|         u_ip_0_p_15                                                                  |                prim_subreg__parameterized2_209 |          0 |          0 |       0 |    0 |     1 |      0 |      0 |    0 |          0 |
|         u_ip_0_p_16                                                                  |                prim_subreg__parameterized2_210 |          0 |          0 |       0 |    0 |     1 |      0 |      0 |    0 |          0 |
|         u_ip_0_p_17                                                                  |                prim_subreg__parameterized2_211 |          0 |          0 |       0 |    0 |     1 |      0 |      0 |    0 |          0 |
|         u_ip_0_p_18                                                                  |                prim_subreg__parameterized2_212 |          0 |          0 |       0 |    0 |     1 |      0 |      0 |    0 |          0 |
|         u_ip_0_p_19                                                                  |                prim_subreg__parameterized2_213 |          0 |          0 |       0 |    0 |     1 |      0 |      0 |    0 |          0 |
|         u_ip_0_p_2                                                                   |                prim_subreg__parameterized2_214 |          0 |          0 |       0 |    0 |     1 |      0 |      0 |    0 |          0 |
|         u_ip_0_p_20                                                                  |                prim_subreg__parameterized2_215 |          0 |          0 |       0 |    0 |     1 |      0 |      0 |    0 |          0 |
|         u_ip_0_p_21                                                                  |                prim_subreg__parameterized2_216 |          0 |          0 |       0 |    0 |     1 |      0 |      0 |    0 |          0 |
|         u_ip_0_p_22                                                                  |                prim_subreg__parameterized2_217 |          0 |          0 |       0 |    0 |     1 |      0 |      0 |    0 |          0 |
|         u_ip_0_p_23                                                                  |                prim_subreg__parameterized2_218 |          0 |          0 |       0 |    0 |     1 |      0 |      0 |    0 |          0 |
|         u_ip_0_p_24                                                                  |                prim_subreg__parameterized2_219 |          0 |          0 |       0 |    0 |     1 |      0 |      0 |    0 |          0 |
|         u_ip_0_p_25                                                                  |                prim_subreg__parameterized2_220 |          0 |          0 |       0 |    0 |     1 |      0 |      0 |    0 |          0 |
|         u_ip_0_p_26                                                                  |                prim_subreg__parameterized2_221 |          0 |          0 |       0 |    0 |     1 |      0 |      0 |    0 |          0 |
|         u_ip_0_p_27                                                                  |                prim_subreg__parameterized2_222 |          0 |          0 |       0 |    0 |     1 |      0 |      0 |    0 |          0 |
|         u_ip_0_p_28                                                                  |                prim_subreg__parameterized2_223 |          0 |          0 |       0 |    0 |     1 |      0 |      0 |    0 |          0 |
|         u_ip_0_p_29                                                                  |                prim_subreg__parameterized2_224 |          0 |          0 |       0 |    0 |     1 |      0 |      0 |    0 |          0 |
|         u_ip_0_p_3                                                                   |                prim_subreg__parameterized2_225 |          0 |          0 |       0 |    0 |     1 |      0 |      0 |    0 |          0 |
|         u_ip_0_p_30                                                                  |                prim_subreg__parameterized2_226 |          0 |          0 |       0 |    0 |     1 |      0 |      0 |    0 |          0 |
|         u_ip_0_p_31                                                                  |                prim_subreg__parameterized2_227 |          0 |          0 |       0 |    0 |     1 |      0 |      0 |    0 |          0 |
|         u_ip_0_p_4                                                                   |                prim_subreg__parameterized2_228 |          0 |          0 |       0 |    0 |     1 |      0 |      0 |    0 |          0 |
|         u_ip_0_p_5                                                                   |                prim_subreg__parameterized2_229 |          0 |          0 |       0 |    0 |     1 |      0 |      0 |    0 |          0 |
|         u_ip_0_p_6                                                                   |                prim_subreg__parameterized2_230 |          0 |          0 |       0 |    0 |     1 |      0 |      0 |    0 |          0 |
|         u_ip_0_p_7                                                                   |                prim_subreg__parameterized2_231 |          0 |          0 |       0 |    0 |     1 |      0 |      0 |    0 |          0 |
|         u_ip_0_p_8                                                                   |                prim_subreg__parameterized2_232 |          0 |          0 |       0 |    0 |     1 |      0 |      0 |    0 |          0 |
|         u_ip_0_p_9                                                                   |                prim_subreg__parameterized2_233 |          0 |          0 |       0 |    0 |     1 |      0 |      0 |    0 |          0 |
|         u_ip_1_p_32                                                                  |                prim_subreg__parameterized2_234 |          0 |          0 |       0 |    0 |     1 |      0 |      0 |    0 |          0 |
|         u_ip_1_p_33                                                                  |                prim_subreg__parameterized2_235 |          0 |          0 |       0 |    0 |     1 |      0 |      0 |    0 |          0 |
|         u_ip_1_p_34                                                                  |                prim_subreg__parameterized2_236 |          0 |          0 |       0 |    0 |     1 |      0 |      0 |    0 |          0 |
|         u_ip_1_p_35                                                                  |                prim_subreg__parameterized2_237 |          0 |          0 |       0 |    0 |     1 |      0 |      0 |    0 |          0 |
|         u_ip_1_p_36                                                                  |                prim_subreg__parameterized2_238 |          0 |          0 |       0 |    0 |     1 |      0 |      0 |    0 |          0 |
|         u_ip_1_p_37                                                                  |                prim_subreg__parameterized2_239 |          0 |          0 |       0 |    0 |     1 |      0 |      0 |    0 |          0 |
|         u_ip_1_p_38                                                                  |                prim_subreg__parameterized2_240 |          0 |          0 |       0 |    0 |     1 |      0 |      0 |    0 |          0 |
|         u_ip_1_p_39                                                                  |                prim_subreg__parameterized2_241 |          0 |          0 |       0 |    0 |     1 |      0 |      0 |    0 |          0 |
|         u_ip_1_p_40                                                                  |                prim_subreg__parameterized2_242 |          0 |          0 |       0 |    0 |     1 |      0 |      0 |    0 |          0 |
|         u_ip_1_p_41                                                                  |                prim_subreg__parameterized2_243 |          0 |          0 |       0 |    0 |     1 |      0 |      0 |    0 |          0 |
|         u_ip_1_p_42                                                                  |                prim_subreg__parameterized2_244 |          0 |          0 |       0 |    0 |     1 |      0 |      0 |    0 |          0 |
|         u_ip_1_p_43                                                                  |                prim_subreg__parameterized2_245 |          0 |          0 |       0 |    0 |     1 |      0 |      0 |    0 |          0 |
|         u_ip_1_p_44                                                                  |                prim_subreg__parameterized2_246 |          0 |          0 |       0 |    0 |     1 |      0 |      0 |    0 |          0 |
|         u_ip_1_p_45                                                                  |                prim_subreg__parameterized2_247 |          0 |          0 |       0 |    0 |     1 |      0 |      0 |    0 |          0 |
|         u_ip_1_p_46                                                                  |                prim_subreg__parameterized2_248 |          0 |          0 |       0 |    0 |     1 |      0 |      0 |    0 |          0 |
|         u_ip_1_p_47                                                                  |                prim_subreg__parameterized2_249 |          0 |          0 |       0 |    0 |     1 |      0 |      0 |    0 |          0 |
|         u_ip_1_p_48                                                                  |                prim_subreg__parameterized2_250 |          0 |          0 |       0 |    0 |     1 |      0 |      0 |    0 |          0 |
|         u_ip_1_p_49                                                                  |                prim_subreg__parameterized2_251 |          0 |          0 |       0 |    0 |     1 |      0 |      0 |    0 |          0 |
|         u_ip_1_p_50                                                                  |                prim_subreg__parameterized2_252 |          0 |          0 |       0 |    0 |     1 |      0 |      0 |    0 |          0 |
|         u_ip_1_p_51                                                                  |                prim_subreg__parameterized2_253 |          0 |          0 |       0 |    0 |     1 |      0 |      0 |    0 |          0 |
|         u_ip_1_p_52                                                                  |                prim_subreg__parameterized2_254 |          0 |          0 |       0 |    0 |     1 |      0 |      0 |    0 |          0 |
|         u_ip_1_p_53                                                                  |                prim_subreg__parameterized2_255 |          0 |          0 |       0 |    0 |     1 |      0 |      0 |    0 |          0 |
|         u_ip_1_p_54                                                                  |                prim_subreg__parameterized2_256 |          0 |          0 |       0 |    0 |     1 |      0 |      0 |    0 |          0 |
|         u_ip_1_p_55                                                                  |                prim_subreg__parameterized2_257 |          0 |          0 |       0 |    0 |     1 |      0 |      0 |    0 |          0 |
|         u_ip_1_p_56                                                                  |                prim_subreg__parameterized2_258 |          0 |          0 |       0 |    0 |     1 |      0 |      0 |    0 |          0 |
|         u_ip_1_p_57                                                                  |                prim_subreg__parameterized2_259 |          0 |          0 |       0 |    0 |     1 |      0 |      0 |    0 |          0 |
|         u_msip0                                                                      |                prim_subreg__parameterized4_260 |          0 |          0 |       0 |    0 |     1 |      0 |      0 |    0 |          0 |
|         u_prio0                                                                      |                    prim_subreg__parameterized5 |          0 |          0 |       0 |    0 |     3 |      0 |      0 |    0 |          0 |
|         u_prio1                                                                      |                prim_subreg__parameterized5_261 |          4 |          4 |       0 |    0 |     3 |      0 |      0 |    0 |          0 |
|         u_prio10                                                                     |                prim_subreg__parameterized5_262 |          0 |          0 |       0 |    0 |     3 |      0 |      0 |    0 |          0 |
|         u_prio11                                                                     |                prim_subreg__parameterized5_263 |         16 |         16 |       0 |    0 |     3 |      0 |      0 |    0 |          0 |
|         u_prio12                                                                     |                prim_subreg__parameterized5_264 |          0 |          0 |       0 |    0 |     3 |      0 |      0 |    0 |          0 |
|         u_prio13                                                                     |                prim_subreg__parameterized5_265 |          4 |          4 |       0 |    0 |     3 |      0 |      0 |    0 |          0 |
|         u_prio14                                                                     |                prim_subreg__parameterized5_266 |          0 |          0 |       0 |    0 |     3 |      0 |      0 |    0 |          0 |
|         u_prio15                                                                     |                prim_subreg__parameterized5_267 |         38 |         38 |       0 |    0 |     3 |      0 |      0 |    0 |          0 |
|         u_prio16                                                                     |                prim_subreg__parameterized5_268 |          3 |          3 |       0 |    0 |     3 |      0 |      0 |    0 |          0 |
|         u_prio17                                                                     |                prim_subreg__parameterized5_269 |          4 |          4 |       0 |    0 |     3 |      0 |      0 |    0 |          0 |
|         u_prio18                                                                     |                prim_subreg__parameterized5_270 |          0 |          0 |       0 |    0 |     3 |      0 |      0 |    0 |          0 |
|         u_prio19                                                                     |                prim_subreg__parameterized5_271 |         16 |         16 |       0 |    0 |     3 |      0 |      0 |    0 |          0 |
|         u_prio2                                                                      |                prim_subreg__parameterized5_272 |          0 |          0 |       0 |    0 |     3 |      0 |      0 |    0 |          0 |
|         u_prio20                                                                     |                prim_subreg__parameterized5_273 |          0 |          0 |       0 |    0 |     3 |      0 |      0 |    0 |          0 |
|         u_prio21                                                                     |                prim_subreg__parameterized5_274 |          4 |          4 |       0 |    0 |     3 |      0 |      0 |    0 |          0 |
|         u_prio22                                                                     |                prim_subreg__parameterized5_275 |          0 |          0 |       0 |    0 |     3 |      0 |      0 |    0 |          0 |
|         u_prio23                                                                     |                prim_subreg__parameterized5_276 |         28 |         28 |       0 |    0 |     3 |      0 |      0 |    0 |          0 |
|         u_prio24                                                                     |                prim_subreg__parameterized5_277 |          0 |          0 |       0 |    0 |     3 |      0 |      0 |    0 |          0 |
|         u_prio25                                                                     |                prim_subreg__parameterized5_278 |          7 |          7 |       0 |    0 |     3 |      0 |      0 |    0 |          0 |
|         u_prio26                                                                     |                prim_subreg__parameterized5_279 |          0 |          0 |       0 |    0 |     3 |      0 |      0 |    0 |          0 |
|         u_prio27                                                                     |                prim_subreg__parameterized5_280 |         16 |         16 |       0 |    0 |     3 |      0 |      0 |    0 |          0 |
|         u_prio28                                                                     |                prim_subreg__parameterized5_281 |          0 |          0 |       0 |    0 |     3 |      0 |      0 |    0 |          0 |
|         u_prio29                                                                     |                prim_subreg__parameterized5_282 |          4 |          4 |       0 |    0 |     3 |      0 |      0 |    0 |          0 |
|         u_prio3                                                                      |                prim_subreg__parameterized5_283 |         14 |         14 |       0 |    0 |     3 |      0 |      0 |    0 |          0 |
|         u_prio30                                                                     |                prim_subreg__parameterized5_284 |          0 |          0 |       0 |    0 |     3 |      0 |      0 |    0 |          0 |
|         u_prio31                                                                     |                prim_subreg__parameterized5_285 |         46 |         46 |       0 |    0 |     3 |      0 |      0 |    0 |          0 |
|         u_prio32                                                                     |                prim_subreg__parameterized5_286 |          0 |          0 |       0 |    0 |     3 |      0 |      0 |    0 |          0 |
|         u_prio33                                                                     |                prim_subreg__parameterized5_287 |          4 |          4 |       0 |    0 |     3 |      0 |      0 |    0 |          0 |
|         u_prio34                                                                     |                prim_subreg__parameterized5_288 |          3 |          3 |       0 |    0 |     3 |      0 |      0 |    0 |          0 |
|         u_prio35                                                                     |                prim_subreg__parameterized5_289 |         16 |         16 |       0 |    0 |     3 |      0 |      0 |    0 |          0 |
|         u_prio36                                                                     |                prim_subreg__parameterized5_290 |          0 |          0 |       0 |    0 |     3 |      0 |      0 |    0 |          0 |
|         u_prio37                                                                     |                prim_subreg__parameterized5_291 |          4 |          4 |       0 |    0 |     3 |      0 |      0 |    0 |          0 |
|         u_prio38                                                                     |                prim_subreg__parameterized5_292 |          0 |          0 |       0 |    0 |     3 |      0 |      0 |    0 |          0 |
|         u_prio39                                                                     |                prim_subreg__parameterized5_293 |         28 |         28 |       0 |    0 |     3 |      0 |      0 |    0 |          0 |
|         u_prio4                                                                      |                prim_subreg__parameterized5_294 |          0 |          0 |       0 |    0 |     3 |      0 |      0 |    0 |          0 |
|         u_prio40                                                                     |                prim_subreg__parameterized5_295 |          0 |          0 |       0 |    0 |     3 |      0 |      0 |    0 |          0 |
|         u_prio41                                                                     |                prim_subreg__parameterized5_296 |          4 |          4 |       0 |    0 |     3 |      0 |      0 |    0 |          0 |
|         u_prio42                                                                     |                prim_subreg__parameterized5_297 |          0 |          0 |       0 |    0 |     3 |      0 |      0 |    0 |          0 |
|         u_prio43                                                                     |                prim_subreg__parameterized5_298 |         21 |         21 |       0 |    0 |     3 |      0 |      0 |    0 |          0 |
|         u_prio44                                                                     |                prim_subreg__parameterized5_299 |          0 |          0 |       0 |    0 |     3 |      0 |      0 |    0 |          0 |
|         u_prio45                                                                     |                prim_subreg__parameterized5_300 |          4 |          4 |       0 |    0 |     3 |      0 |      0 |    0 |          0 |
|         u_prio46                                                                     |                prim_subreg__parameterized5_301 |          0 |          0 |       0 |    0 |     3 |      0 |      0 |    0 |          0 |
|         u_prio47                                                                     |                prim_subreg__parameterized5_302 |         68 |         68 |       0 |    0 |     3 |      0 |      0 |    0 |          0 |
|         u_prio48                                                                     |                prim_subreg__parameterized5_303 |          0 |          0 |       0 |    0 |     3 |      0 |      0 |    0 |          0 |
|         u_prio49                                                                     |                prim_subreg__parameterized5_304 |          4 |          4 |       0 |    0 |     3 |      0 |      0 |    0 |          0 |
|         u_prio5                                                                      |                prim_subreg__parameterized5_305 |          7 |          7 |       0 |    0 |     3 |      0 |      0 |    0 |          0 |
|         u_prio50                                                                     |                prim_subreg__parameterized5_306 |          0 |          0 |       0 |    0 |     3 |      0 |      0 |    0 |          0 |
|         u_prio51                                                                     |                prim_subreg__parameterized5_307 |         18 |         18 |       0 |    0 |     3 |      0 |      0 |    0 |          0 |
|         u_prio52                                                                     |                prim_subreg__parameterized5_308 |          3 |          3 |       0 |    0 |     3 |      0 |      0 |    0 |          0 |
|         u_prio53                                                                     |                prim_subreg__parameterized5_309 |          4 |          4 |       0 |    0 |     3 |      0 |      0 |    0 |          0 |
|         u_prio54                                                                     |                prim_subreg__parameterized5_310 |          0 |          0 |       0 |    0 |     3 |      0 |      0 |    0 |          0 |
|         u_prio55                                                                     |                prim_subreg__parameterized5_311 |         26 |         26 |       0 |    0 |     3 |      0 |      0 |    0 |          0 |
|         u_prio56                                                                     |                prim_subreg__parameterized5_312 |          0 |          0 |       0 |    0 |     3 |      0 |      0 |    0 |          0 |
|         u_prio57                                                                     |                prim_subreg__parameterized5_313 |         16 |         16 |       0 |    0 |     3 |      0 |      0 |    0 |          0 |
|         u_prio6                                                                      |                prim_subreg__parameterized5_314 |          0 |          0 |       0 |    0 |     3 |      0 |      0 |    0 |          0 |
|         u_prio7                                                                      |                prim_subreg__parameterized5_315 |         33 |         33 |       0 |    0 |     3 |      0 |      0 |    0 |          0 |
|         u_prio8                                                                      |                prim_subreg__parameterized5_316 |          0 |          0 |       0 |    0 |     3 |      0 |      0 |    0 |          0 |
|         u_prio9                                                                      |                prim_subreg__parameterized5_317 |          4 |          4 |       0 |    0 |     3 |      0 |      0 |    0 |          0 |
|         u_threshold0                                                                 |                prim_subreg__parameterized5_318 |          0 |          0 |       0 |    0 |     3 |      0 |      0 |    0 |          0 |
|         u_threshold1                                                                 |                prim_subreg__parameterized5_319 |          0 |          0 |       0 |    0 |     3 |      0 |      0 |    0 |          0 |
|     i_reg_atomics_cut                                                                |                                     axi_cut_71 |        336 |        336 |       0 |    0 |   550 |      0 |      0 |    0 |          0 |
|       i_reg_ar                                                                       |                spill_register__parameterized13 |        111 |        111 |       0 |    0 |   126 |      0 |      0 |    0 |          0 |
|         spill_register_flushable_i                                                   |      spill_register_flushable__parameterized13 |        111 |        111 |       0 |    0 |   126 |      0 |      0 |    0 |          0 |
|       i_reg_aw                                                                       |                spill_register__parameterized10 |        127 |        127 |       0 |    0 |   128 |      0 |      0 |    0 |          0 |
|         spill_register_flushable_i                                                   |      spill_register_flushable__parameterized10 |        127 |        127 |       0 |    0 |   128 |      0 |      0 |    0 |          0 |
|       i_reg_b                                                                        |                spill_register__parameterized12 |          4 |          4 |       0 |    0 |    10 |      0 |      0 |    0 |          0 |
|         spill_register_flushable_i                                                   |      spill_register_flushable__parameterized12 |          4 |          4 |       0 |    0 |    10 |      0 |      0 |    0 |          0 |
|       i_reg_r                                                                        |                spill_register__parameterized14 |         36 |         36 |       0 |    0 |   140 |      0 |      0 |    0 |          0 |
|         spill_register_flushable_i                                                   |      spill_register_flushable__parameterized14 |         36 |         36 |       0 |    0 |   140 |      0 |      0 |    0 |          0 |
|       i_reg_w                                                                        |                spill_register__parameterized11 |         58 |         58 |       0 |    0 |   146 |      0 |      0 |    0 |          0 |
|         spill_register_flushable_i                                                   |      spill_register_flushable__parameterized11 |         58 |         58 |       0 |    0 |   146 |      0 |      0 |    0 |          0 |
|     i_reg_demux_decode                                                               |                    addr_decode__parameterized2 |          0 |          0 |       0 |    0 |     0 |      0 |      0 |    0 |          0 |
|       i_addr_decode_dync                                                             |               addr_decode_dync__parameterized2 |          0 |          0 |       0 |    0 |     0 |      0 |      0 |    0 |          0 |
|     i_regs                                                                           |                               cheshire_reg_top |          0 |          0 |       0 |    0 |   512 |      0 |      0 |    0 |          0 |
|       u_scratch_0                                                                    |                                    prim_subreg |          0 |          0 |       0 |    0 |    32 |      0 |      0 |    0 |          0 |
|       u_scratch_1                                                                    |                                 prim_subreg_72 |          0 |          0 |       0 |    0 |    32 |      0 |      0 |    0 |          0 |
|       u_scratch_10                                                                   |                                 prim_subreg_73 |          0 |          0 |       0 |    0 |    32 |      0 |      0 |    0 |          0 |
|       u_scratch_11                                                                   |                                 prim_subreg_74 |          0 |          0 |       0 |    0 |    32 |      0 |      0 |    0 |          0 |
|       u_scratch_12                                                                   |                                 prim_subreg_75 |          0 |          0 |       0 |    0 |    32 |      0 |      0 |    0 |          0 |
|       u_scratch_13                                                                   |                                 prim_subreg_76 |          0 |          0 |       0 |    0 |    32 |      0 |      0 |    0 |          0 |
|       u_scratch_14                                                                   |                                 prim_subreg_77 |          0 |          0 |       0 |    0 |    32 |      0 |      0 |    0 |          0 |
|       u_scratch_15                                                                   |                                 prim_subreg_78 |          0 |          0 |       0 |    0 |    32 |      0 |      0 |    0 |          0 |
|       u_scratch_2                                                                    |                                 prim_subreg_79 |          0 |          0 |       0 |    0 |    32 |      0 |      0 |    0 |          0 |
|       u_scratch_3                                                                    |                                 prim_subreg_80 |          0 |          0 |       0 |    0 |    32 |      0 |      0 |    0 |          0 |
|       u_scratch_4                                                                    |                                 prim_subreg_81 |          0 |          0 |       0 |    0 |    32 |      0 |      0 |    0 |          0 |
|       u_scratch_5                                                                    |                                 prim_subreg_82 |          0 |          0 |       0 |    0 |    32 |      0 |      0 |    0 |          0 |
|       u_scratch_6                                                                    |                                 prim_subreg_83 |          0 |          0 |       0 |    0 |    32 |      0 |      0 |    0 |          0 |
|       u_scratch_7                                                                    |                                 prim_subreg_84 |          0 |          0 |       0 |    0 |    32 |      0 |      0 |    0 |          0 |
|       u_scratch_8                                                                    |                                 prim_subreg_85 |          0 |          0 |       0 |    0 |    32 |      0 |      0 |    0 |          0 |
|       u_scratch_9                                                                    |                                 prim_subreg_86 |          0 |          0 |       0 |    0 |    32 |      0 |      0 |    0 |          0 |
|   i_clkwiz                                                                           |                                         clkwiz |          0 |          0 |       0 |    0 |     0 |      0 |      0 |    0 |          0 |
|     inst                                                                             |                                 clkwiz_clk_wiz |          0 |          0 |       0 |    0 |     0 |      0 |      0 |    0 |          0 |
|   i_dram_wrapper                                                                     |                            dram_wrapper_xilinx |      15053 |      15053 |       0 |    0 | 16538 |      0 |      0 |    0 |          3 |
|     gen_cdc.i_axi_cdc_mig                                                            |                                        axi_cdc |       4431 |       4431 |       0 |    0 | 13280 |      0 |      0 |    0 |          0 |
|       i_axi_cdc_dst                                                                  |                                    axi_cdc_dst |       1551 |       1551 |       0 |    0 |  5036 |      0 |      0 |    0 |          0 |
|         i_cdc_fifo_gray_dst_ar                                                       |              cdc_fifo_gray_dst__parameterized3 |         46 |         46 |       0 |    0 |   122 |      0 |      0 |    0 |          0 |
|           (i_cdc_fifo_gray_dst_ar)                                                   |              cdc_fifo_gray_dst__parameterized3 |          4 |          4 |       0 |    0 |     6 |      0 |      0 |    0 |          0 |
|           gen_sync[0].i_sync                                                         |                                        sync__7 |          1 |          1 |       0 |    0 |     2 |      0 |      0 |    0 |          0 |
|           gen_sync[1].i_sync                                                         |                                        sync__8 |          1 |          1 |       0 |    0 |     2 |      0 |      0 |    0 |          0 |
|           gen_sync[2].i_sync                                                         |                                        sync__9 |          1 |          1 |       0 |    0 |     2 |      0 |      0 |    0 |          0 |
|           gen_sync[3].i_sync                                                         |                                       sync__10 |          1 |          1 |       0 |    0 |     2 |      0 |      0 |    0 |          0 |
|           gen_sync[4].i_sync                                                         |                                       sync__11 |          1 |          1 |       0 |    0 |     2 |      0 |      0 |    0 |          0 |
|           gen_sync[5].i_sync                                                         |                                       sync__12 |          1 |          1 |       0 |    0 |     2 |      0 |      0 |    0 |          0 |
|           i_spill_register                                                           |                 spill_register__parameterized3 |         38 |         38 |       0 |    0 |   104 |      0 |      0 |    0 |          0 |
|             spill_register_flushable_i                                               |       spill_register_flushable__parameterized3 |         38 |         38 |       0 |    0 |   104 |      0 |      0 |    0 |          0 |
|         i_cdc_fifo_gray_dst_aw                                                       |              cdc_fifo_gray_dst__parameterized1 |         47 |         47 |       0 |    0 |   120 |      0 |      0 |    0 |          0 |
|           (i_cdc_fifo_gray_dst_aw)                                                   |              cdc_fifo_gray_dst__parameterized1 |          4 |          4 |       0 |    0 |     6 |      0 |      0 |    0 |          0 |
|           gen_sync[0].i_sync                                                         |                                       sync__25 |          1 |          1 |       0 |    0 |     2 |      0 |      0 |    0 |          0 |
|           gen_sync[1].i_sync                                                         |                                       sync__26 |          1 |          1 |       0 |    0 |     2 |      0 |      0 |    0 |          0 |
|           gen_sync[2].i_sync                                                         |                                       sync__27 |          1 |          1 |       0 |    0 |     2 |      0 |      0 |    0 |          0 |
|           gen_sync[3].i_sync                                                         |                                       sync__28 |          1 |          1 |       0 |    0 |     2 |      0 |      0 |    0 |          0 |
|           gen_sync[4].i_sync                                                         |                                       sync__29 |          1 |          1 |       0 |    0 |     2 |      0 |      0 |    0 |          0 |
|           gen_sync[5].i_sync                                                         |                                       sync__30 |          1 |          1 |       0 |    0 |     2 |      0 |      0 |    0 |          0 |
|           i_spill_register                                                           |                 spill_register__parameterized1 |         38 |         38 |       0 |    0 |   102 |      0 |      0 |    0 |          0 |
|             spill_register_flushable_i                                               |       spill_register_flushable__parameterized1 |         38 |         38 |       0 |    0 |   102 |      0 |      0 |    0 |          0 |
|         i_cdc_fifo_gray_dst_w                                                        |              cdc_fifo_gray_dst__parameterized2 |        101 |        101 |       0 |    0 |   310 |      0 |      0 |    0 |          0 |
|           (i_cdc_fifo_gray_dst_w)                                                    |              cdc_fifo_gray_dst__parameterized2 |          4 |          4 |       0 |    0 |     6 |      0 |      0 |    0 |          0 |
|           gen_sync[0].i_sync                                                         |                                       sync__19 |          1 |          1 |       0 |    0 |     2 |      0 |      0 |    0 |          0 |
|           gen_sync[1].i_sync                                                         |                                       sync__20 |          1 |          1 |       0 |    0 |     2 |      0 |      0 |    0 |          0 |
|           gen_sync[2].i_sync                                                         |                                       sync__21 |          1 |          1 |       0 |    0 |     2 |      0 |      0 |    0 |          0 |
|           gen_sync[3].i_sync                                                         |                                       sync__22 |          1 |          1 |       0 |    0 |     2 |      0 |      0 |    0 |          0 |
|           gen_sync[4].i_sync                                                         |                                       sync__23 |          1 |          1 |       0 |    0 |     2 |      0 |      0 |    0 |          0 |
|           gen_sync[5].i_sync                                                         |                                       sync__24 |          1 |          1 |       0 |    0 |     2 |      0 |      0 |    0 |          0 |
|           i_spill_register                                                           |                 spill_register__parameterized2 |         92 |         92 |       0 |    0 |   292 |      0 |      0 |    0 |          0 |
|             spill_register_flushable_i                                               |       spill_register_flushable__parameterized2 |         92 |         92 |       0 |    0 |   292 |      0 |      0 |    0 |          0 |
|         i_cdc_fifo_gray_src_b                                                        |              cdc_fifo_gray_src__parameterized2 |         96 |         96 |       0 |    0 |   178 |      0 |      0 |    0 |          0 |
|           (i_cdc_fifo_gray_src_b)                                                    |              cdc_fifo_gray_src__parameterized2 |         91 |         91 |       0 |    0 |   166 |      0 |      0 |    0 |          0 |
|           gen_sync[0].i_sync                                                         |                                       sync__13 |          1 |          1 |       0 |    0 |     2 |      0 |      0 |    0 |          0 |
|           gen_sync[1].i_sync                                                         |                                       sync__14 |          1 |          1 |       0 |    0 |     2 |      0 |      0 |    0 |          0 |
|           gen_sync[2].i_sync                                                         |                                       sync__15 |          1 |          1 |       0 |    0 |     2 |      0 |      0 |    0 |          0 |
|           gen_sync[3].i_sync                                                         |                                       sync__16 |          1 |          1 |       0 |    0 |     2 |      0 |      0 |    0 |          0 |
|           gen_sync[4].i_sync                                                         |                                       sync__17 |          1 |          1 |       0 |    0 |     2 |      0 |      0 |    0 |          0 |
|           gen_sync[5].i_sync                                                         |                                       sync__18 |          1 |          1 |       0 |    0 |     2 |      0 |      0 |    0 |          0 |
|         i_cdc_fifo_gray_src_r                                                        |              cdc_fifo_gray_src__parameterized3 |       1261 |       1261 |       0 |    0 |  4306 |      0 |      0 |    0 |          0 |
|           (i_cdc_fifo_gray_src_r)                                                    |              cdc_fifo_gray_src__parameterized3 |       1257 |       1257 |       0 |    0 |  4294 |      0 |      0 |    0 |          0 |
|           gen_sync[0].i_sync                                                         |                                        sync__1 |          1 |          1 |       0 |    0 |     2 |      0 |      0 |    0 |          0 |
|           gen_sync[1].i_sync                                                         |                                        sync__2 |          1 |          1 |       0 |    0 |     2 |      0 |      0 |    0 |          0 |
|           gen_sync[2].i_sync                                                         |                                        sync__3 |          1 |          1 |       0 |    0 |     2 |      0 |      0 |    0 |          0 |
|           gen_sync[3].i_sync                                                         |                                        sync__4 |          1 |          1 |       0 |    0 |     2 |      0 |      0 |    0 |          0 |
|           gen_sync[4].i_sync                                                         |                                        sync__5 |          1 |          1 |       0 |    0 |     2 |      0 |      0 |    0 |          0 |
|           gen_sync[5].i_sync                                                         |                                        sync__6 |          1 |          1 |       0 |    0 |     2 |      0 |      0 |    0 |          0 |
|       i_axi_cdc_src                                                                  |                                    axi_cdc_src |       2893 |       2893 |       0 |    0 |  8244 |      0 |      0 |    0 |          0 |
|         i_cdc_fifo_gray_dst_b                                                        |                              cdc_fifo_gray_dst |        182 |        182 |       0 |    0 |    30 |      0 |      0 |    0 |          0 |
|           (i_cdc_fifo_gray_dst_b)                                                    |                              cdc_fifo_gray_dst |          6 |          6 |       0 |    0 |     6 |      0 |      0 |    0 |          0 |
|           gen_sync[0].i_sync                                                         |                                       sync__43 |          1 |          1 |       0 |    0 |     2 |      0 |      0 |    0 |          0 |
|           gen_sync[1].i_sync                                                         |                                       sync__44 |          1 |          1 |       0 |    0 |     2 |      0 |      0 |    0 |          0 |
|           gen_sync[2].i_sync                                                         |                                       sync__45 |          1 |          1 |       0 |    0 |     2 |      0 |      0 |    0 |          0 |
|           gen_sync[3].i_sync                                                         |                                       sync__46 |          1 |          1 |       0 |    0 |     2 |      0 |      0 |    0 |          0 |
|           gen_sync[4].i_sync                                                         |                                       sync__47 |          1 |          1 |       0 |    0 |     2 |      0 |      0 |    0 |          0 |
|           gen_sync[5].i_sync                                                         |                                       sync__48 |          1 |          1 |       0 |    0 |     2 |      0 |      0 |    0 |          0 |
|           i_spill_register                                                           |                                 spill_register |        171 |        171 |       0 |    0 |    12 |      0 |      0 |    0 |          0 |
|             spill_register_flushable_i                                               |                       spill_register_flushable |        171 |        171 |       0 |    0 |    12 |      0 |      0 |    0 |          0 |
|         i_cdc_fifo_gray_dst_r                                                        |              cdc_fifo_gray_dst__parameterized0 |        330 |        330 |       0 |    0 |   288 |      0 |      0 |    0 |          0 |
|           (i_cdc_fifo_gray_dst_r)                                                    |              cdc_fifo_gray_dst__parameterized0 |          4 |          4 |       0 |    0 |     6 |      0 |      0 |    0 |          0 |
|           gen_sync[0].i_sync                                                         |                                       sync__31 |          1 |          1 |       0 |    0 |     2 |      0 |      0 |    0 |          0 |
|           gen_sync[1].i_sync                                                         |                                       sync__32 |          1 |          1 |       0 |    0 |     2 |      0 |      0 |    0 |          0 |
|           gen_sync[2].i_sync                                                         |                                       sync__33 |          1 |          1 |       0 |    0 |     2 |      0 |      0 |    0 |          0 |
|           gen_sync[3].i_sync                                                         |                                       sync__34 |          1 |          1 |       0 |    0 |     2 |      0 |      0 |    0 |          0 |
|           gen_sync[4].i_sync                                                         |                                       sync__35 |          1 |          1 |       0 |    0 |     2 |      0 |      0 |    0 |          0 |
|           gen_sync[5].i_sync                                                         |                                       sync__36 |          1 |          1 |       0 |    0 |     2 |      0 |      0 |    0 |          0 |
|           i_spill_register                                                           |                 spill_register__parameterized0 |        322 |        322 |       0 |    0 |   270 |      0 |      0 |    0 |          0 |
|             spill_register_flushable_i                                               |       spill_register_flushable__parameterized0 |        322 |        322 |       0 |    0 |   270 |      0 |      0 |    0 |          0 |
|         i_cdc_fifo_gray_src_ar                                                       |              cdc_fifo_gray_src__parameterized1 |        514 |        514 |       0 |    0 |  1650 |      0 |      0 |    0 |          0 |
|           (i_cdc_fifo_gray_src_ar)                                                   |              cdc_fifo_gray_src__parameterized1 |        510 |        510 |       0 |    0 |  1638 |      0 |      0 |    0 |          0 |
|           gen_sync[0].i_sync                                                         |                                       sync__37 |          1 |          1 |       0 |    0 |     2 |      0 |      0 |    0 |          0 |
|           gen_sync[1].i_sync                                                         |                                       sync__38 |          1 |          1 |       0 |    0 |     2 |      0 |      0 |    0 |          0 |
|           gen_sync[2].i_sync                                                         |                                       sync__39 |          1 |          1 |       0 |    0 |     2 |      0 |      0 |    0 |          0 |
|           gen_sync[3].i_sync                                                         |                                       sync__40 |          1 |          1 |       0 |    0 |     2 |      0 |      0 |    0 |          0 |
|           gen_sync[4].i_sync                                                         |                                       sync__41 |          1 |          1 |       0 |    0 |     2 |      0 |      0 |    0 |          0 |
|           gen_sync[5].i_sync                                                         |                                       sync__42 |          1 |          1 |       0 |    0 |     2 |      0 |      0 |    0 |          0 |
|         i_cdc_fifo_gray_src_aw                                                       |                              cdc_fifo_gray_src |        506 |        506 |       0 |    0 |  1618 |      0 |      0 |    0 |          0 |
|           (i_cdc_fifo_gray_src_aw)                                                   |                              cdc_fifo_gray_src |        501 |        501 |       0 |    0 |  1606 |      0 |      0 |    0 |          0 |
|           gen_sync[0].i_sync                                                         |                                       sync__55 |          1 |          1 |       0 |    0 |     2 |      0 |      0 |    0 |          0 |
|           gen_sync[1].i_sync                                                         |                                       sync__56 |          1 |          1 |       0 |    0 |     2 |      0 |      0 |    0 |          0 |
|           gen_sync[2].i_sync                                                         |                                       sync__57 |          1 |          1 |       0 |    0 |     2 |      0 |      0 |    0 |          0 |
|           gen_sync[3].i_sync                                                         |                                       sync__58 |          1 |          1 |       0 |    0 |     2 |      0 |      0 |    0 |          0 |
|           gen_sync[4].i_sync                                                         |                                       sync__59 |          1 |          1 |       0 |    0 |     2 |      0 |      0 |    0 |          0 |
|           gen_sync[5].i_sync                                                         |                                       sync__60 |          1 |          1 |       0 |    0 |     2 |      0 |      0 |    0 |          0 |
|         i_cdc_fifo_gray_src_w                                                        |              cdc_fifo_gray_src__parameterized0 |       1361 |       1361 |       0 |    0 |  4658 |      0 |      0 |    0 |          0 |
|           (i_cdc_fifo_gray_src_w)                                                    |              cdc_fifo_gray_src__parameterized0 |       1356 |       1356 |       0 |    0 |  4646 |      0 |      0 |    0 |          0 |
|           gen_sync[0].i_sync                                                         |                                       sync__49 |          1 |          1 |       0 |    0 |     2 |      0 |      0 |    0 |          0 |
|           gen_sync[1].i_sync                                                         |                                       sync__50 |          1 |          1 |       0 |    0 |     2 |      0 |      0 |    0 |          0 |
|           gen_sync[2].i_sync                                                         |                                       sync__51 |          1 |          1 |       0 |    0 |     2 |      0 |      0 |    0 |          0 |
|           gen_sync[3].i_sync                                                         |                                       sync__52 |          1 |          1 |       0 |    0 |     2 |      0 |      0 |    0 |          0 |
|           gen_sync[4].i_sync                                                         |                                       sync__53 |          1 |          1 |       0 |    0 |     2 |      0 |      0 |    0 |          0 |
|           gen_sync[5].i_sync                                                         |                                       sync__54 |          1 |          1 |       0 |    0 |     2 |      0 |      0 |    0 |          0 |
|     i_axi_dw_converter                                                               |                               axi_dw_converter |      10644 |      10644 |       0 |    0 |  3258 |      0 |      0 |    0 |          3 |
|       gen_dw_upsize.i_axi_dw_upsizer                                                 |                                 axi_dw_upsizer |      10644 |      10644 |       0 |    0 |  3258 |      0 |      0 |    0 |          3 |
|         (gen_dw_upsize.i_axi_dw_upsizer)                                             |                                 axi_dw_upsizer |       4149 |       4149 |       0 |    0 |  2457 |      0 |      0 |    0 |          3 |
|         i_axi_demux                                                                  |                                      axi_demux |       2897 |       2897 |       0 |    0 |   678 |      0 |      0 |    0 |          0 |
|           i_ar_sel_spill_reg                                                         |                 spill_register__parameterized5 |         21 |         21 |       0 |    0 |     4 |      0 |      0 |    0 |          0 |
|             spill_register_flushable_i                                               |    spill_register_flushable__parameterized5_69 |         21 |         21 |       0 |    0 |     4 |      0 |      0 |    0 |          0 |
|           i_ar_spill_reg                                                             |                 spill_register__parameterized7 |         62 |         62 |       0 |    0 |   104 |      0 |      0 |    0 |          0 |
|             spill_register_flushable_i                                               |       spill_register_flushable__parameterized7 |         62 |         62 |       0 |    0 |   104 |      0 |      0 |    0 |          0 |
|           i_aw_select_spill_reg                                                      |               spill_register__parameterized5_2 |         40 |         40 |       0 |    0 |     4 |      0 |      0 |    0 |          0 |
|             spill_register_flushable_i                                               |       spill_register_flushable__parameterized5 |         40 |         40 |       0 |    0 |     4 |      0 |      0 |    0 |          0 |
|           i_aw_spill_reg                                                             |                 spill_register__parameterized4 |         47 |         47 |       0 |    0 |   102 |      0 |      0 |    0 |          0 |
|             spill_register_flushable_i                                               |       spill_register_flushable__parameterized4 |         47 |         47 |       0 |    0 |   102 |      0 |      0 |    0 |          0 |
|           i_demux_simple                                                             |                               axi_demux_simple |       2728 |       2728 |       0 |    0 |   464 |      0 |      0 |    0 |          0 |
|             (i_demux_simple)                                                         |                               axi_demux_simple |          3 |          3 |       0 |    0 |     3 |      0 |      0 |    0 |          0 |
|             gen_ar_id_counter.i_ar_id_counter                                        |                          axi_demux_id_counters |        155 |        155 |       0 |    0 |   224 |      0 |      0 |    0 |          0 |
|               (gen_ar_id_counter.i_ar_id_counter)                                    |                          axi_demux_id_counters |          9 |          9 |       0 |    0 |    32 |      0 |      0 |    0 |          0 |
|               gen_counters[0].i_in_flight_cnt                                        |               delta_counter__parameterized0_37 |          5 |          5 |       0 |    0 |     6 |      0 |      0 |    0 |          0 |
|               gen_counters[10].i_in_flight_cnt                                       |               delta_counter__parameterized0_38 |          8 |          8 |       0 |    0 |     6 |      0 |      0 |    0 |          0 |
|               gen_counters[11].i_in_flight_cnt                                       |               delta_counter__parameterized0_39 |          4 |          4 |       0 |    0 |     6 |      0 |      0 |    0 |          0 |
|               gen_counters[12].i_in_flight_cnt                                       |               delta_counter__parameterized0_40 |          5 |          5 |       0 |    0 |     6 |      0 |      0 |    0 |          0 |
|               gen_counters[13].i_in_flight_cnt                                       |               delta_counter__parameterized0_41 |          5 |          5 |       0 |    0 |     6 |      0 |      0 |    0 |          0 |
|               gen_counters[14].i_in_flight_cnt                                       |               delta_counter__parameterized0_42 |          4 |          4 |       0 |    0 |     6 |      0 |      0 |    0 |          0 |
|               gen_counters[15].i_in_flight_cnt                                       |               delta_counter__parameterized0_43 |          4 |          4 |       0 |    0 |     6 |      0 |      0 |    0 |          0 |
|               gen_counters[16].i_in_flight_cnt                                       |               delta_counter__parameterized0_44 |          5 |          5 |       0 |    0 |     6 |      0 |      0 |    0 |          0 |
|               gen_counters[17].i_in_flight_cnt                                       |               delta_counter__parameterized0_45 |          4 |          4 |       0 |    0 |     6 |      0 |      0 |    0 |          0 |
|               gen_counters[18].i_in_flight_cnt                                       |               delta_counter__parameterized0_46 |          5 |          5 |       0 |    0 |     6 |      0 |      0 |    0 |          0 |
|               gen_counters[19].i_in_flight_cnt                                       |               delta_counter__parameterized0_47 |          4 |          4 |       0 |    0 |     6 |      0 |      0 |    0 |          0 |
|               gen_counters[1].i_in_flight_cnt                                        |               delta_counter__parameterized0_48 |          4 |          4 |       0 |    0 |     6 |      0 |      0 |    0 |          0 |
|               gen_counters[20].i_in_flight_cnt                                       |               delta_counter__parameterized0_49 |          5 |          5 |       0 |    0 |     6 |      0 |      0 |    0 |          0 |
|               gen_counters[21].i_in_flight_cnt                                       |               delta_counter__parameterized0_50 |          5 |          5 |       0 |    0 |     6 |      0 |      0 |    0 |          0 |
|               gen_counters[22].i_in_flight_cnt                                       |               delta_counter__parameterized0_51 |          4 |          4 |       0 |    0 |     6 |      0 |      0 |    0 |          0 |
|               gen_counters[23].i_in_flight_cnt                                       |               delta_counter__parameterized0_52 |          4 |          4 |       0 |    0 |     6 |      0 |      0 |    0 |          0 |
|               gen_counters[24].i_in_flight_cnt                                       |               delta_counter__parameterized0_53 |          6 |          6 |       0 |    0 |     6 |      0 |      0 |    0 |          0 |
|               gen_counters[25].i_in_flight_cnt                                       |               delta_counter__parameterized0_54 |          4 |          4 |       0 |    0 |     6 |      0 |      0 |    0 |          0 |
|               gen_counters[26].i_in_flight_cnt                                       |               delta_counter__parameterized0_55 |          5 |          5 |       0 |    0 |     6 |      0 |      0 |    0 |          0 |
|               gen_counters[27].i_in_flight_cnt                                       |               delta_counter__parameterized0_56 |          4 |          4 |       0 |    0 |     6 |      0 |      0 |    0 |          0 |
|               gen_counters[28].i_in_flight_cnt                                       |               delta_counter__parameterized0_57 |          5 |          5 |       0 |    0 |     6 |      0 |      0 |    0 |          0 |
|               gen_counters[29].i_in_flight_cnt                                       |               delta_counter__parameterized0_58 |          5 |          5 |       0 |    0 |     6 |      0 |      0 |    0 |          0 |
|               gen_counters[2].i_in_flight_cnt                                        |               delta_counter__parameterized0_59 |          5 |          5 |       0 |    0 |     6 |      0 |      0 |    0 |          0 |
|               gen_counters[30].i_in_flight_cnt                                       |               delta_counter__parameterized0_60 |          4 |          4 |       0 |    0 |     6 |      0 |      0 |    0 |          0 |
|               gen_counters[31].i_in_flight_cnt                                       |               delta_counter__parameterized0_61 |          4 |          4 |       0 |    0 |     6 |      0 |      0 |    0 |          0 |
|               gen_counters[3].i_in_flight_cnt                                        |               delta_counter__parameterized0_62 |          4 |          4 |       0 |    0 |     6 |      0 |      0 |    0 |          0 |
|               gen_counters[4].i_in_flight_cnt                                        |               delta_counter__parameterized0_63 |          5 |          5 |       0 |    0 |     6 |      0 |      0 |    0 |          0 |
|               gen_counters[5].i_in_flight_cnt                                        |               delta_counter__parameterized0_64 |          5 |          5 |       0 |    0 |     6 |      0 |      0 |    0 |          0 |
|               gen_counters[6].i_in_flight_cnt                                        |               delta_counter__parameterized0_65 |          4 |          4 |       0 |    0 |     6 |      0 |      0 |    0 |          0 |
|               gen_counters[7].i_in_flight_cnt                                        |               delta_counter__parameterized0_66 |          4 |          4 |       0 |    0 |     6 |      0 |      0 |    0 |          0 |
|               gen_counters[8].i_in_flight_cnt                                        |               delta_counter__parameterized0_67 |          7 |          7 |       0 |    0 |     6 |      0 |      0 |    0 |          0 |
|               gen_counters[9].i_in_flight_cnt                                        |               delta_counter__parameterized0_68 |          4 |          4 |       0 |    0 |     6 |      0 |      0 |    0 |          0 |
|             gen_aw_id_counter.i_aw_id_counter                                        |                        axi_demux_id_counters_3 |        156 |        156 |       0 |    0 |   224 |      0 |      0 |    0 |          0 |
|               (gen_aw_id_counter.i_aw_id_counter)                                    |                        axi_demux_id_counters_3 |          0 |          0 |       0 |    0 |    32 |      0 |      0 |    0 |          0 |
|               gen_counters[0].i_in_flight_cnt                                        |                delta_counter__parameterized0_5 |         13 |         13 |       0 |    0 |     6 |      0 |      0 |    0 |          0 |
|               gen_counters[10].i_in_flight_cnt                                       |                delta_counter__parameterized0_6 |          5 |          5 |       0 |    0 |     6 |      0 |      0 |    0 |          0 |
|               gen_counters[11].i_in_flight_cnt                                       |                delta_counter__parameterized0_7 |          4 |          4 |       0 |    0 |     6 |      0 |      0 |    0 |          0 |
|               gen_counters[12].i_in_flight_cnt                                       |                delta_counter__parameterized0_8 |          5 |          5 |       0 |    0 |     6 |      0 |      0 |    0 |          0 |
|               gen_counters[13].i_in_flight_cnt                                       |                delta_counter__parameterized0_9 |          5 |          5 |       0 |    0 |     6 |      0 |      0 |    0 |          0 |
|               gen_counters[14].i_in_flight_cnt                                       |               delta_counter__parameterized0_10 |          4 |          4 |       0 |    0 |     6 |      0 |      0 |    0 |          0 |
|               gen_counters[15].i_in_flight_cnt                                       |               delta_counter__parameterized0_11 |          4 |          4 |       0 |    0 |     6 |      0 |      0 |    0 |          0 |
|               gen_counters[16].i_in_flight_cnt                                       |               delta_counter__parameterized0_12 |          4 |          4 |       0 |    0 |     6 |      0 |      0 |    0 |          0 |
|               gen_counters[17].i_in_flight_cnt                                       |               delta_counter__parameterized0_13 |          4 |          4 |       0 |    0 |     6 |      0 |      0 |    0 |          0 |
|               gen_counters[18].i_in_flight_cnt                                       |               delta_counter__parameterized0_14 |          4 |          4 |       0 |    0 |     6 |      0 |      0 |    0 |          0 |
|               gen_counters[19].i_in_flight_cnt                                       |               delta_counter__parameterized0_15 |          4 |          4 |       0 |    0 |     6 |      0 |      0 |    0 |          0 |
|               gen_counters[1].i_in_flight_cnt                                        |               delta_counter__parameterized0_16 |          4 |          4 |       0 |    0 |     6 |      0 |      0 |    0 |          0 |
|               gen_counters[20].i_in_flight_cnt                                       |               delta_counter__parameterized0_17 |          7 |          7 |       0 |    0 |     6 |      0 |      0 |    0 |          0 |
|               gen_counters[21].i_in_flight_cnt                                       |               delta_counter__parameterized0_18 |         11 |         11 |       0 |    0 |     6 |      0 |      0 |    0 |          0 |
|               gen_counters[22].i_in_flight_cnt                                       |               delta_counter__parameterized0_19 |          4 |          4 |       0 |    0 |     6 |      0 |      0 |    0 |          0 |
|               gen_counters[23].i_in_flight_cnt                                       |               delta_counter__parameterized0_20 |          4 |          4 |       0 |    0 |     6 |      0 |      0 |    0 |          0 |
|               gen_counters[24].i_in_flight_cnt                                       |               delta_counter__parameterized0_21 |          4 |          4 |       0 |    0 |     6 |      0 |      0 |    0 |          0 |
|               gen_counters[25].i_in_flight_cnt                                       |               delta_counter__parameterized0_22 |          4 |          4 |       0 |    0 |     6 |      0 |      0 |    0 |          0 |
|               gen_counters[26].i_in_flight_cnt                                       |               delta_counter__parameterized0_23 |          5 |          5 |       0 |    0 |     6 |      0 |      0 |    0 |          0 |
|               gen_counters[27].i_in_flight_cnt                                       |               delta_counter__parameterized0_24 |          4 |          4 |       0 |    0 |     6 |      0 |      0 |    0 |          0 |
|               gen_counters[28].i_in_flight_cnt                                       |               delta_counter__parameterized0_25 |          5 |          5 |       0 |    0 |     6 |      0 |      0 |    0 |          0 |
|               gen_counters[29].i_in_flight_cnt                                       |               delta_counter__parameterized0_26 |          5 |          5 |       0 |    0 |     6 |      0 |      0 |    0 |          0 |
|               gen_counters[2].i_in_flight_cnt                                        |               delta_counter__parameterized0_27 |          4 |          4 |       0 |    0 |     6 |      0 |      0 |    0 |          0 |
|               gen_counters[30].i_in_flight_cnt                                       |               delta_counter__parameterized0_28 |          4 |          4 |       0 |    0 |     6 |      0 |      0 |    0 |          0 |
|               gen_counters[31].i_in_flight_cnt                                       |               delta_counter__parameterized0_29 |          4 |          4 |       0 |    0 |     6 |      0 |      0 |    0 |          0 |
|               gen_counters[3].i_in_flight_cnt                                        |               delta_counter__parameterized0_30 |          4 |          4 |       0 |    0 |     6 |      0 |      0 |    0 |          0 |
|               gen_counters[4].i_in_flight_cnt                                        |               delta_counter__parameterized0_31 |          5 |          5 |       0 |    0 |     6 |      0 |      0 |    0 |          0 |
|               gen_counters[5].i_in_flight_cnt                                        |               delta_counter__parameterized0_32 |          6 |          6 |       0 |    0 |     6 |      0 |      0 |    0 |          0 |
|               gen_counters[6].i_in_flight_cnt                                        |               delta_counter__parameterized0_33 |          4 |          4 |       0 |    0 |     6 |      0 |      0 |    0 |          0 |
|               gen_counters[7].i_in_flight_cnt                                        |               delta_counter__parameterized0_34 |          4 |          4 |       0 |    0 |     6 |      0 |      0 |    0 |          0 |
|               gen_counters[8].i_in_flight_cnt                                        |               delta_counter__parameterized0_35 |          4 |          4 |       0 |    0 |     6 |      0 |      0 |    0 |          0 |
|               gen_counters[9].i_in_flight_cnt                                        |               delta_counter__parameterized0_36 |          4 |          4 |       0 |    0 |     6 |      0 |      0 |    0 |          0 |
|             i_b_mux                                                                  |                    rr_arb_tree__parameterized2 |         10 |         10 |       0 |    0 |     4 |      0 |      0 |    0 |          0 |
|             i_counter_open_w                                                         |                        counter__parameterized0 |       1266 |       1266 |       0 |    0 |     5 |      0 |      0 |    0 |          0 |
|               i_counter                                                              |                  delta_counter__parameterized0 |       1266 |       1266 |       0 |    0 |     5 |      0 |      0 |    0 |          0 |
|             i_r_mux                                                                  |                  rr_arb_tree__parameterized2_4 |       1139 |       1139 |       0 |    0 |     4 |      0 |      0 |    0 |          0 |
|         i_axi_err_slv                                                                |                                    axi_err_slv |       1776 |       1776 |       0 |    0 |    62 |      0 |      0 |    0 |          0 |
|           (i_axi_err_slv)                                                            |                                    axi_err_slv |          0 |          0 |       0 |    0 |     1 |      0 |      0 |    0 |          0 |
|           i_atop_filter                                                              |                                axi_atop_filter |       1745 |       1745 |       0 |    0 |    17 |      0 |      0 |    0 |          0 |
|             (i_atop_filter)                                                          |                                axi_atop_filter |       1728 |       1728 |       0 |    0 |    16 |      0 |      0 |    0 |          0 |
|             r_resp_cmd                                                               |                                stream_register |         19 |         19 |       0 |    0 |     1 |      0 |      0 |    0 |          0 |
|           i_b_fifo                                                                   |                        fifo_v3__parameterized0 |         10 |         10 |       0 |    0 |    14 |      0 |      0 |    0 |          0 |
|           i_r_counter                                                                |                                        counter |          6 |          6 |       0 |    0 |     8 |      0 |      0 |    0 |          0 |
|             i_counter                                                                |                                  delta_counter |          6 |          6 |       0 |    0 |     8 |      0 |      0 |    0 |          0 |
|           i_r_fifo                                                                   |                        fifo_v3__parameterized1 |          8 |          8 |       0 |    0 |    15 |      0 |      0 |    0 |          0 |
|           i_w_fifo                                                                   |                                        fifo_v3 |          8 |          8 |       0 |    0 |     7 |      0 |      0 |    0 |          0 |
|         i_mst_ar_arb                                                                 |                    rr_arb_tree__parameterized1 |        752 |        752 |       0 |    0 |    31 |      0 |      0 |    0 |          0 |
|         i_slv_ar_arb                                                                 |                    rr_arb_tree__parameterized0 |       1208 |       1208 |       0 |    0 |     0 |      0 |      0 |    0 |          0 |
|         i_slv_r_arb                                                                  |                                    rr_arb_tree |        176 |        176 |       0 |    0 |    30 |      0 |      0 |    0 |          0 |
|   i_rstgen                                                                           |                                         rstgen |          0 |          0 |       0 |    0 |     4 |      0 |      0 |    0 |          0 |
|     i_rstgen_bypass                                                                  |                                  rstgen_bypass |          0 |          0 |       0 |    0 |     4 |      0 |      0 |    0 |          0 |
|       (i_rstgen_bypass)                                                              |                                  rstgen_bypass |          0 |          0 |       0 |    0 |     4 |      0 |      0 |    0 |          0 |
|       i_tc_clk_mux2_rst_n                                                            |                                  tc_clk_mux2_0 |          0 |          0 |       0 |    0 |     0 |      0 |      0 |    0 |          0 |
|       i_tc_clk_mux2_rst_no                                                           |                                  tc_clk_mux2_1 |          0 |          0 |       0 |    0 |     0 |      0 |      0 |    0 |          0 |
|   i_zynqmp                                                                           |                                         zynqmp |          0 |          0 |       0 |    0 |     0 |      0 |      0 |    0 |          0 |
|     inst                                                                             |  zynqmp_zynq_ultra_ps_e_v3_3_5_zynq_ultra_ps_e |          0 |          0 |       0 |    0 |     0 |      0 |      0 |    0 |          0 |
+--------------------------------------------------------------------------------------+------------------------------------------------+------------+------------+---------+------+-------+--------+--------+------+------------+
* Note: The sum of lower-level cells may be larger than their parent cells total, due to cross-hierarchy LUT combining


